{
 "type": "FeatureCollection",
 "features": [
  {
   "type": "Feature",
   "properties": {
    "corridor_id": 0,
    "name": "NH-48 Delhi-Gurgaon Expressway",
    "sub": "Rajiv Chowk -> Manesar",
    "road_class": "highway",
    "length_km": 21.93
   },
   "geometry": {
    "type": "LineString",
    "coordinates": [
     [
      77.03282,
      28.44746
     ],
     [
      77.03263,
      28.44782
     ],
     [
      77.03219,
      28.44879
     ],
     [
      77.03216,
      28.44884
     ],
     [
      77.03212,
      28.44894
     ],
     [
      77.0321,
      28.44899
     ],
     [
      77.03204,
      28.44916
     ],
     [
      77.03177,
      28.44973
     ],
     [
      77.03148,
      28.45035
     ],
     [
      77.0314,
      28.45051
     ],
     [
      77.03135,
      28.4506
     ],
     [
      77.03133,
      28.45064
     ],
     [
      77.03145,
      28.45068
     ],
     [
      77.03147,
      28.45064
     ],
     [
      77.03151,
      28.45056
     ],
     [
      77.03169,
      28.45019
     ],
     [
      77.03195,
      28.44961
     ],
     [
      77.03222,
      28.44898
     ],
     [
      77.03227,
      28.44887
     ],
     [
      77.03229,
      28.44885
     ],
     [
      77.03239,
      28.44871
     ],
     [
      77.03246,
      28.4486
     ],
     [
      77.03297,
      28.44752
     ],
     [
      77.03315,
      28.44718
     ],
     [
      77.03338,
      28.44683
     ],
     [
      77.03345,
      28.44674
     ],
     [
      77.03366,
      28.44648
     ],
     [
      77.03378,
      28.44637
     ],
     [
      77.03386,
      28.44627
     ],
     [
      77.03403,
      28.44612
     ],
     [
      77.03423,
      28.44586
     ],
     [
      77.03433,
      28.4457
     ],
     [
      77.03438,
      28.44553
     ],
     [
      77.03439,
      28.44544
     ],
     [
      77.03438,
      28.44535
     ],
     [
      77.03382,
      28.44535
     ],
     [
      77.03374,
      28.44535
     ],
     [
      77.03364,
      28.44535
     ],
     [
      77.03338,
      28.44537
     ],
     [
      77.03324,
      28.44537
     ],
     [
      77.03298,
      28.4454
     ],
     [
      77.03268,
      28.44545
     ],
     [
      77.03234,
      28.44551
     ],
     [
      77.0318,
      28.44562
     ],
     [
      77.03156,
      28.44568
     ],
     [
      77.02987,
      28.44625
     ],
     [
      77.02856,
      28.44665
     ],
     [
      77.02776,
      28.44687
     ],
     [
      77.02738,
      28.44698
     ],
     [
      77.02711,
      28.44705
     ],
     [
      77.0268,
      28.44711
     ],
     [
      77.02659,
      28.44721
     ],
     [
      77.02643,
      28.44728
     ],
     [
      77.02627,
      28.44736
     ],
     [
      77.02601,
      28.44754
     ],
     [
      77.02561,
      28.44765
     ],
     [
      77.02481,
      28.44788
     ],
     [
      77.02433,
      28.44802
     ],
     [
      77.02374,
      28.44815
     ],
     [
      77.02338,
      28.44822
     ],
     [
      77.02313,
      28.44825
     ],
     [
      77.02287,
      28.44827
     ],
     [
      77.02252,
      28.44827
     ],
     [
      77.02226,
      28.44825
     ],
     [
      77.02166,
      28.44816
     ],
     [
      77.02137,
      28.44808
     ],
     [
      77.0211,
      28.44798
     ],
     [
      77.02064,
      28.44777
     ],
     [
      77.02037,
      28.44762
     ],
     [
      77.02017,
      28.44747
     ],
     [
      77.01999,
      28.44733
     ],
     [
      77.01959,
      28.44697
     ],
     [
      77.01926,
      28.44659
     ],
     [
      77.01812,
      28.44522
     ],
     [
      77.01777,
      28.44482
     ],
     [
      77.01741,
      28.44434
     ],
     [
      77.01706,
      28.44394
     ],
     [
      77.01566,
      28.44229
     ],
     [
      77.01416,
      28.44049
     ],
     [
      77.01416,
      28.44049
     ],
     [
      77.01393,
      28.44021
     ],
     [
      77.01375,
      28.44
     ],
     [
      77.01365,
      28.43989
     ],
     [
      77.01339,
      28.43958
     ],
     [
      77.01314,
      28.43928
     ],
     [
      77.01267,
      28.43867
     ],
     [
      77.0126,
      28.43858
     ],
     [
      77.01243,
      28.43834
     ],
     [
      77.01233,
      28.4382
     ],
     [
      77.01174,
      28.43747
     ],
     [
      77.01073,
      28.43628
     ],
     [
      77.01068,
      28.43621
     ],
     [
      77.01045,
      28.43595
     ],
     [
      77.0104,
      28.43588
     ],
     [
      77.01034,
      28.43581
     ],
     [
      77.01029,
      28.43576
     ],
     [
      77.01016,
      28.43561
     ],
     [
      77.01008,
      28.43551
     ],
     [
      77.00969,
      28.43505
     ],
     [
      77.00955,
      28.43487
     ],
     [
      77.00943,
      28.43475
     ],
     [
      77.00872,
      28.43389
     ],
     [
      77.00828,
      28.43338
     ],
     [
      77.00819,
      28.43328
     ],
     [
      77.00812,
      28.4332
     ],
     [
      77.00788,
      28.43296
     ],
     [
      77.0078,
      28.43287
     ],
     [
      77.0076,
      28.43267
     ],
     [
      77.00755,
      28.43262
     ],
     [
      77.00746,
      28.43253
     ],
     [
      77.00695,
      28.43197
     ],
     [
      77.00663,
      28.4316
     ],
     [
      77.00654,
      28.43149
     ],
     [
      77.00595,
      28.43078
     ],
     [
      77.00553,
      28.43028
     ],
     [
      77.00486,
      28.42947
     ],
     [
      77.00483,
      28.42944
     ],
     [
      77.00479,
      28.4294
     ],
     [
      77.00418,
      28.42867
     ],
     [
      77.0027,
      28.42694
     ],
     [
      77.00061,
      28.42446
     ],
     [
      77.00024,
      28.42403
     ],
     [
      77.00007,
      28.42376
     ],
     [
      76.99978,
      28.42326
     ],
     [
      76.99781,
      28.41963
     ],
     [
      76.99737,
      28.41882
     ],
     [
      76.99677,
      28.41771
     ],
     [
      76.99662,
      28.41743
     ],
     [
      76.99654,
      28.41727
     ],
     [
      76.99516,
      28.41471
     ],
     [
      76.99422,
      28.41297
     ],
     [
      76.99409,
      28.41274
     ],
     [
      76.99295,
      28.41064
     ],
     [
      76.99219,
      28.40924
     ],
     [
      76.99205,
      28.409
     ],
     [
      76.9916,
      28.40816
     ],
     [
      76.99087,
      28.40682
     ],
     [
      76.99073,
      28.40655
     ],
     [
      76.99036,
      28.40586
     ],
     [
      76.99028,
      28.40573
     ],
     [
      76.99025,
      28.40567
     ],
     [
      76.99012,
      28.40544
     ],
     [
      76.98989,
      28.40501
     ],
     [
      76.98923,
      28.4038
     ],
     [
      76.98915,
      28.40364
     ],
     [
      76.98901,
      28.40339
     ],
     [
      76.98875,
      28.40293
     ],
     [
      76.9884,
      28.40232
     ],
     [
      76.98797,
      28.40175
     ],
     [
      76.98775,
      28.40148
     ],
     [
      76.98769,
      28.40143
     ],
     [
      76.98758,
      28.40132
     ],
     [
      76.9873,
      28.40104
     ],
     [
      76.98443,
      28.39809
     ],
     [
      76.98391,
      28.39757
     ],
     [
      76.98365,
      28.39727
     ],
     [
      76.98345,
      28.39703
     ],
     [
      76.9832,
      28.39677
     ],
     [
      76.98287,
      28.39641
     ],
     [
      76.9824,
      28.39587
     ],
     [
      76.98197,
      28.39544
     ],
     [
      76.98164,
      28.39512
     ],
     [
      76.9813,
      28.3948
     ],
     [
      76.9805,
      28.39407
     ],
     [
      76.98009,
      28.39368
     ],
     [
      76.97956,
      28.39309
     ],
     [
      76.9793,
      28.39281
     ],
     [
      76.97914,
      28.39263
     ],
     [
      76.97859,
      28.39207
     ],
     [
      76.97791,
      28.39136
     ],
     [
      76.97768,
      28.39111
     ],
     [
      76.9776,
      28.39103
     ],
     [
      76.97641,
      28.38981
     ],
     [
      76.97616,
      28.38956
     ],
     [
      76.97534,
      28.38873
     ],
     [
      76.97528,
      28.38867
     ],
     [
      76.97303,
      28.38636
     ],
     [
      76.9727,
      28.38603
     ],
     [
      76.97262,
      28.38595
     ],
     [
      76.97217,
      28.38548
     ],
     [
      76.97192,
      28.38522
     ],
     [
      76.9714,
      28.38468
     ],
     [
      76.97079,
      28.38409
     ],
     [
      76.97065,
      28.38394
     ],
     [
      76.97041,
      28.38372
     ],
     [
      76.97021,
      28.3836
     ],
     [
      76.96996,
      28.38344
     ],
     [
      76.96951,
      28.38318
     ],
     [
      76.96811,
      28.38246
     ],
     [
      76.96778,
      28.38229
     ],
     [
      76.96763,
      28.38221
     ],
     [
      76.96725,
      28.38201
     ],
     [
      76.96618,
      28.38145
     ],
     [
      76.96557,
      28.38114
     ],
     [
      76.96494,
      28.38083
     ],
     [
      76.96457,
      28.38066
     ],
     [
      76.96278,
      28.37974
     ],
     [
      76.96162,
      28.37912
     ],
     [
      76.96135,
      28.37897
     ],
     [
      76.96129,
      28.37894
     ],
     [
      76.96069,
      28.37862
     ],
     [
      76.95751,
      28.377
     ],
     [
      76.95722,
      28.37685
     ],
     [
      76.95677,
      28.37663
     ],
     [
      76.95595,
      28.37621
     ],
     [
      76.95513,
      28.37581
     ],
     [
      76.95453,
      28.3755
     ],
     [
      76.95437,
      28.37543
     ],
     [
      76.9539,
      28.37519
     ],
     [
      76.9538,
      28.37514
     ],
     [
      76.95243,
      28.37444
     ],
     [
      76.95209,
      28.37427
     ],
     [
      76.95163,
      28.37404
     ],
     [
      76.95061,
      28.37351
     ],
     [
      76.9498,
      28.3731
     ],
     [
      76.94837,
      28.3724
     ],
     [
      76.94826,
      28.37233
     ],
     [
      76.94824,
      28.37232
     ],
     [
      76.94682,
      28.37167
     ],
     [
      76.94651,
      28.37153
     ],
     [
      76.94611,
      28.37135
     ],
     [
      76.94562,
      28.37114
     ],
     [
      76.94536,
      28.371
     ],
     [
      76.94508,
      28.37082
     ],
     [
      76.9448,
      28.37063
     ],
     [
      76.94457,
      28.3704
     ],
     [
      76.94426,
      28.37006
     ],
     [
      76.94409,
      28.36977
     ],
     [
      76.94391,
      28.36944
     ],
     [
      76.94365,
      28.36889
     ],
     [
      76.94339,
      28.36829
     ],
     [
      76.94302,
      28.36742
     ],
     [
      76.94286,
      28.36705
     ],
     [
      76.9428,
      28.36692
     ],
     [
      76.94275,
      28.36679
     ],
     [
      76.94271,
      28.3667
     ],
     [
      76.94271,
      28.36669
     ],
     [
      76.94267,
      28.3666
     ],
     [
      76.942,
      28.36503
     ],
     [
      76.94178,
      28.36452
     ],
     [
      76.94158,
      28.36407
     ],
     [
      76.94092,
      28.36252
     ],
     [
      76.94084,
      28.36234
     ],
     [
      76.94079,
      28.3622
     ],
     [
      76.94073,
      28.36206
     ],
     [
      76.94069,
      28.36197
     ],
     [
      76.9405,
      28.36153
     ],
     [
      76.94045,
      28.36138
     ],
     [
      76.94035,
      28.36114
     ],
     [
      76.94015,
      28.36066
     ],
     [
      76.93995,
      28.36016
     ],
     [
      76.93975,
      28.35967
     ],
     [
      76.9396,
      28.35937
     ],
     [
      76.93942,
      28.35897
     ],
     [
      76.93928,
      28.35861
     ],
     [
      76.93906,
      28.358
     ],
     [
      76.93818,
      28.35579
     ],
     [
      76.93797,
      28.35525
     ],
     [
      76.9379,
      28.35509
     ],
     [
      76.93779,
      28.35471
     ],
     [
      76.93773,
      28.35439
     ],
     [
      76.93772,
      28.35429
     ],
     [
      76.93771,
      28.35415
     ],
     [
      76.93771,
      28.35402
     ],
     [
      76.93773,
      28.35367
     ],
     [
      76.93779,
      28.35331
     ],
     [
      76.93788,
      28.35294
     ],
     [
      76.93801,
      28.35257
     ],
     [
      76.93845,
      28.35143
     ],
     [
      76.93871,
      28.35072
     ],
     [
      76.93882,
      28.35034
     ],
     [
      76.93891,
      28.34995
     ],
     [
      76.93893,
      28.34983
     ],
     [
      76.93895,
      28.34951
     ],
     [
      76.93896,
      28.34921
     ],
     [
      76.93895,
      28.34898
     ],
     [
      76.93891,
      28.34851
     ],
     [
      76.93889,
      28.34836
     ],
     [
      76.93886,
      28.34806
     ],
     [
      76.93885,
      28.34799
     ],
     [
      76.93884,
      28.34789
     ],
     [
      76.93883,
      28.34777
     ],
     [
      76.93873,
      28.34701
     ],
     [
      76.93867,
      28.34657
     ],
     [
      76.93859,
      28.34586
     ],
     [
      76.93851,
      28.34528
     ],
     [
      76.93845,
      28.34473
     ],
     [
      76.93838,
      28.34415
     ],
     [
      76.93836,
      28.34385
     ],
     [
      76.93835,
      28.34328
     ],
     [
      76.93837,
      28.34279
     ],
     [
      76.93838,
      28.34265
     ],
     [
      76.93841,
      28.34186
     ],
     [
      76.93841,
      28.34157
     ],
     [
      76.93839,
      28.33997
     ],
     [
      76.93837,
      28.3392
     ],
     [
      76.93836,
      28.33918
     ],
     [
      76.9383,
      28.33873
     ],
     [
      76.93825,
      28.33852
     ],
     [
      76.93817,
      28.33831
     ],
     [
      76.93803,
      28.33796
     ],
     [
      76.93783,
      28.33761
     ],
     [
      76.93769,
      28.33741
     ],
     [
      76.93751,
      28.33718
     ],
     [
      76.93732,
      28.337
     ],
     [
      76.937,
      28.33673
     ],
     [
      76.9367,
      28.33651
     ],
     [
      76.93644,
      28.33636
     ],
     [
      76.93617,
      28.33623
     ],
     [
      76.93577,
      28.33608
     ],
     [
      76.93527,
      28.33595
     ],
     [
      76.93509,
      28.33591
     ],
     [
      76.93477,
      28.33588
     ],
     [
      76.93431,
      28.33586
     ],
     [
      76.93393,
      28.33588
     ],
     [
      76.93271,
      28.33605
     ],
     [
      76.93243,
      28.33595
     ],
     [
      76.93232,
      28.33594
     ],
     [
      76.93117,
      28.3361
     ],
     [
      76.93077,
      28.33614
     ],
     [
      76.93004,
      28.33617
     ],
     [
      76.92954,
      28.33622
     ],
     [
      76.92928,
      28.33627
     ],
     [
      76.92879,
      28.33636
     ],
     [
      76.92757,
      28.33667
     ],
     [
      76.92713,
      28.33678
     ],
     [
      76.92686,
      28.33686
     ],
     [
      76.92664,
      28.33692
     ],
     [
      76.92627,
      28.33698
     ],
     [
      76.92626,
      28.33698
     ],
     [
      76.92578,
      28.33703
     ],
     [
      76.92524,
      28.33705
     ],
     [
      76.92475,
      28.33704
     ],
     [
      76.92431,
      28.33701
     ],
     [
      76.92372,
      28.33694
     ],
     [
      76.92328,
      28.33683
     ],
     [
      76.92292,
      28.33672
     ],
     [
      76.92224,
      28.33647
     ],
     [
      76.92174,
      28.33621
     ],
     [
      76.92132,
      28.33595
     ],
     [
      76.92111,
      28.33579
     ],
     [
      76.92089,
      28.33562
     ],
     [
      76.92039,
      28.33512
     ],
     [
      76.9201,
      28.3348
     ],
     [
      76.91958,
      28.3342
     ],
     [
      76.9193,
      28.33378
     ],
     [
      76.91918,
      28.33357
     ],
     [
      76.91896,
      28.33325
     ],
     [
      76.91876,
      28.33297
     ],
     [
      76.91849,
      28.33267
     ],
     [
      76.91803,
      28.33222
     ],
     [
      76.91751,
      28.33186
     ],
     [
      76.91735,
      28.33174
     ],
     [
      76.91673,
      28.33132
     ],
     [
      76.91678,
      28.33129
     ],
     [
      76.9169,
      28.33128
     ],
     [
      76.91765,
      28.33126
     ],
     [
      76.91784,
      28.33125
     ],
     [
      76.91788,
      28.33124
     ],
     [
      76.91794,
      28.33122
     ],
     [
      76.91805,
      28.33116
     ],
     [
      76.91817,
      28.33108
     ],
     [
      76.91823,
      28.331
     ],
     [
      76.91825,
      28.33092
     ],
     [
      76.91824,
      28.33087
     ],
     [
      76.91821,
      28.33084
     ],
     [
      76.91817,
      28.33081
     ],
     [
      76.91738,
      28.3304
     ],
     [
      76.91729,
      28.33037
     ],
     [
      76.9171,
      28.33006
     ],
     [
      76.91709,
      28.33002
     ],
     [
      76.91709,
      28.32979
     ],
     [
      76.91708,
      28.32975
     ],
     [
      76.91705,
      28.32968
     ],
     [
      76.91715,
      28.32962
     ],
     [
      76.91721,
      28.32956
     ],
     [
      76.91725,
      28.3295
     ],
     [
      76.91733,
      28.32925
     ],
     [
      76.9174,
      28.32915
     ],
     [
      76.91747,
      28.3291
     ],
     [
      76.91761,
      28.32904
     ],
     [
      76.91775,
      28.32901
     ],
     [
      76.91789,
      28.329
     ],
     [
      76.91817,
      28.32899
     ],
     [
      76.91837,
      28.32901
     ],
     [
      76.91848,
      28.329
     ],
     [
      76.91868,
      28.32895
     ],
     [
      76.91886,
      28.32893
     ],
     [
      76.91902,
      28.32892
     ],
     [
      76.91915,
      28.32892
     ],
     [
      76.9192,
      28.32891
     ],
     [
      76.91927,
      28.32888
     ],
     [
      76.91933,
      28.32883
     ],
     [
      76.91935,
      28.32881
     ],
     [
      76.91936,
      28.32878
     ],
     [
      76.91936,
      28.32863
     ],
     [
      76.91942,
      28.32846
     ],
     [
      76.91941,
      28.32841
     ],
     [
      76.91935,
      28.32831
     ],
     [
      76.91933,
      28.32827
     ],
     [
      76.91932,
      28.32821
     ],
     [
      76.91934,
      28.32808
     ],
     [
      76.91942,
      28.32803
     ],
     [
      76.9197,
      28.32774
     ],
     [
      76.9199,
      28.32758
     ],
     [
      76.92019,
      28.32744
     ],
     [
      76.92031,
      28.32741
     ],
     [
      76.92042,
      28.32739
     ],
     [
      76.92051,
      28.32739
     ],
     [
      76.92078,
      28.32733
     ],
     [
      76.92102,
      28.3272
     ],
     [
      76.9212,
      28.327
     ],
     [
      76.92124,
      28.32694
     ],
     [
      76.92132,
      28.32682
     ],
     [
      76.92151,
      28.32656
     ],
     [
      76.92168,
      28.32643
     ],
     [
      76.92178,
      28.32638
     ],
     [
      76.92249,
      28.32617
     ],
     [
      76.92297,
      28.32604
     ],
     [
      76.92321,
      28.32596
     ],
     [
      76.92364,
      28.32582
     ],
     [
      76.92373,
      28.32576
     ],
     [
      76.92381,
      28.32569
     ],
     [
      76.92388,
      28.32561
     ],
     [
      76.92402,
      28.32547
     ],
     [
      76.92411,
      28.32541
     ],
     [
      76.92422,
      28.32538
     ],
     [
      76.92444,
      28.32536
     ],
     [
      76.92457,
      28.32539
     ],
     [
      76.92464,
      28.32542
     ],
     [
      76.92467,
      28.32543
     ],
     [
      76.92497,
      28.32561
     ],
     [
      76.92514,
      28.32573
     ],
     [
      76.92526,
      28.32581
     ],
     [
      76.92538,
      28.32586
     ],
     [
      76.92548,
      28.32585
     ],
     [
      76.92556,
      28.32583
     ],
     [
      76.92562,
      28.32579
     ],
     [
      76.92568,
      28.32574
     ],
     [
      76.92582,
      28.32548
     ],
     [
      76.92586,
      28.32541
     ],
     [
      76.92607,
      28.3252
     ],
     [
      76.92612,
      28.32512
     ],
     [
      76.92612,
      28.32504
     ],
     [
      76.92608,
      28.32474
     ]
    ]
   }
  },
  {
   "type": "Feature",
   "properties": {
    "corridor_id": 1,
    "name": "MG Road",
    "sub": "IFFCO Chowk -> Sikandarpur",
    "road_class": "arterial",
    "length_km": 3.85
   },
   "geometry": {
    "type": "LineString",
    "coordinates": [
     [
      77.07239,
      28.47233
     ],
     [
      77.07237,
      28.47247
     ],
     [
      77.07236,
      28.47254
     ],
     [
      77.07215,
      28.4739
     ],
     [
      77.072,
      28.4748
     ],
     [
      77.07196,
      28.47497
     ],
     [
      77.07186,
      28.47542
     ],
     [
      77.07183,
      28.47557
     ],
     [
      77.07177,
      28.4761
     ],
     [
      77.07173,
      28.47638
     ],
     [
      77.07171,
      28.47648
     ],
     [
      77.0717,
      28.47656
     ],
     [
      77.07167,
      28.47672
     ],
     [
      77.07159,
      28.47725
     ],
     [
      77.07154,
      28.47755
     ],
     [
      77.07154,
      28.47774
     ],
     [
      77.07155,
      28.47778
     ],
     [
      77.0716,
      28.47795
     ],
     [
      77.07168,
      28.47805
     ],
     [
      77.07189,
      28.47819
     ],
     [
      77.07212,
      28.47834
     ],
     [
      77.07225,
      28.47841
     ],
     [
      77.07249,
      28.47846
     ],
     [
      77.07412,
      28.47875
     ],
     [
      77.07518,
      28.47893
     ],
     [
      77.07577,
      28.47905
     ],
     [
      77.076,
      28.47901
     ],
     [
      77.07627,
      28.47898
     ],
     [
      77.07651,
      28.47902
     ],
     [
      77.07707,
      28.47912
     ],
     [
      77.0773,
      28.47916
     ],
     [
      77.07779,
      28.47925
     ],
     [
      77.07877,
      28.4794
     ],
     [
      77.07905,
      28.47944
     ],
     [
      77.07924,
      28.47947
     ],
     [
      77.08006,
      28.47961
     ],
     [
      77.08008,
      28.47961
     ],
     [
      77.08068,
      28.4797
     ],
     [
      77.08131,
      28.4798
     ],
     [
      77.0818,
      28.47988
     ],
     [
      77.08228,
      28.47996
     ],
     [
      77.0828,
      28.48005
     ],
     [
      77.08359,
      28.48016
     ],
     [
      77.08402,
      28.48022
     ],
     [
      77.08479,
      28.48033
     ],
     [
      77.08514,
      28.48038
     ],
     [
      77.0853,
      28.4804
     ],
     [
      77.08547,
      28.48042
     ],
     [
      77.08599,
      28.4805
     ],
     [
      77.08616,
      28.48052
     ],
     [
      77.08628,
      28.48054
     ],
     [
      77.08654,
      28.48058
     ],
     [
      77.08731,
      28.48068
     ],
     [
      77.08761,
      28.4807
     ],
     [
      77.08852,
      28.48064
     ],
     [
      77.089,
      28.48063
     ],
     [
      77.08934,
      28.48068
     ],
     [
      77.08996,
      28.48078
     ],
     [
      77.09072,
      28.4809
     ],
     [
      77.09088,
      28.48094
     ],
     [
      77.0911,
      28.48097
     ],
     [
      77.09138,
      28.48102
     ],
     [
      77.09156,
      28.48104
     ],
     [
      77.09195,
      28.48111
     ],
     [
      77.09215,
      28.48115
     ],
     [
      77.0925,
      28.48122
     ],
     [
      77.09314,
      28.48137
     ],
     [
      77.09321,
      28.48139
     ],
     [
      77.09337,
      28.48141
     ],
     [
      77.09355,
      28.48148
     ],
     [
      77.09385,
      28.48158
     ],
     [
      77.09417,
      28.48171
     ],
     [
      77.09426,
      28.48175
     ],
     [
      77.09432,
      28.48177
     ],
     [
      77.09437,
      28.4818
     ],
     [
      77.09441,
      28.48183
     ],
     [
      77.09448,
      28.48188
     ],
     [
      77.09454,
      28.48195
     ],
     [
      77.09458,
      28.48209
     ],
     [
      77.09465,
      28.48241
     ],
     [
      77.09477,
      28.48304
     ],
     [
      77.0948,
      28.48323
     ],
     [
      77.09485,
      28.48369
     ],
     [
      77.09494,
      28.48447
     ],
     [
      77.09498,
      28.48456
     ],
     [
      77.09501,
      28.48462
     ],
     [
      77.09507,
      28.48475
     ],
     [
      77.09511,
      28.48479
     ],
     [
      77.09513,
      28.4848
     ],
     [
      77.09517,
      28.48482
     ],
     [
      77.09522,
      28.48483
     ],
     [
      77.09528,
      28.48485
     ],
     [
      77.09542,
      28.48484
     ],
     [
      77.09551,
      28.48483
     ],
     [
      77.09558,
      28.4848
     ],
     [
      77.096,
      28.48463
     ],
     [
      77.09613,
      28.48456
     ],
     [
      77.09661,
      28.48428
     ],
     [
      77.09669,
      28.48415
     ],
     [
      77.09672,
      28.48409
     ],
     [
      77.09676,
      28.48398
     ],
     [
      77.09677,
      28.48394
     ],
     [
      77.09677,
      28.48388
     ],
     [
      77.09677,
      28.48383
     ],
     [
      77.09673,
      28.48375
     ],
     [
      77.09671,
      28.4837
     ],
     [
      77.09668,
      28.48367
     ],
     [
      77.09662,
      28.48361
     ],
     [
      77.09623,
      28.48354
     ],
     [
      77.09598,
      28.48351
     ],
     [
      77.09554,
      28.48342
     ],
     [
      77.09516,
      28.48336
     ],
     [
      77.09512,
      28.48332
     ],
     [
      77.09511,
      28.48329
     ],
     [
      77.0951,
      28.48327
     ],
     [
      77.09504,
      28.48294
     ],
     [
      77.09496,
      28.48246
     ],
     [
      77.09489,
      28.48215
     ],
     [
      77.09483,
      28.48195
     ],
     [
      77.0948,
      28.48182
     ],
     [
      77.09478,
      28.48178
     ],
     [
      77.09477,
      28.48173
     ],
     [
      77.09476,
      28.48169
     ]
    ]
   }
  },
  {
   "type": "Feature",
   "properties": {
    "corridor_id": 2,
    "name": "Golf Course Road",
    "sub": "Sikandarpur -> Sector 56",
    "road_class": "arterial",
    "length_km": 7.16
   },
   "geometry": {
    "type": "LineString",
    "coordinates": [
     [
      77.09476,
      28.48169
     ],
     [
      77.09475,
      28.48167
     ],
     [
      77.09456,
      28.48098
     ],
     [
      77.09437,
      28.48035
     ],
     [
      77.09413,
      28.47944
     ],
     [
      77.09409,
      28.47926
     ],
     [
      77.09407,
      28.47916
     ],
     [
      77.09404,
      28.47885
     ],
     [
      77.09404,
      28.47874
     ],
     [
      77.09405,
      28.47864
     ],
     [
      77.09406,
      28.47851
     ],
     [
      77.09406,
      28.47845
     ],
     [
      77.09405,
      28.47819
     ],
     [
      77.09403,
      28.47776
     ],
     [
      77.09405,
      28.47656
     ],
     [
      77.09406,
      28.47646
     ],
     [
      77.09395,
      28.47632
     ],
     [
      77.09396,
      28.47569
     ],
     [
      77.09398,
      28.4749
     ],
     [
      77.09399,
      28.47371
     ],
     [
      77.09399,
      28.47331
     ],
     [
      77.09399,
      28.47245
     ],
     [
      77.094,
      28.47218
     ],
     [
      77.094,
      28.47204
     ],
     [
      77.09403,
      28.47056
     ],
     [
      77.09405,
      28.47005
     ],
     [
      77.09407,
      28.46987
     ],
     [
      77.09428,
      28.46879
     ],
     [
      77.09435,
      28.46844
     ],
     [
      77.09439,
      28.46828
     ],
     [
      77.09443,
      28.46801
     ],
     [
      77.09444,
      28.46794
     ],
     [
      77.09447,
      28.46781
     ],
     [
      77.0945,
      28.46764
     ],
     [
      77.09457,
      28.46724
     ],
     [
      77.0948,
      28.46605
     ],
     [
      77.09488,
      28.46564
     ],
     [
      77.09514,
      28.46411
     ],
     [
      77.09517,
      28.464
     ],
     [
      77.09518,
      28.46392
     ],
     [
      77.09522,
      28.46374
     ],
     [
      77.09524,
      28.4636
     ],
     [
      77.09527,
      28.46345
     ],
     [
      77.09529,
      28.46333
     ],
     [
      77.09531,
      28.46321
     ],
     [
      77.09533,
      28.46312
     ],
     [
      77.09535,
      28.46302
     ],
     [
      77.09535,
      28.46299
     ],
     [
      77.0954,
      28.46279
     ],
     [
      77.09543,
      28.46273
     ],
     [
      77.09544,
      28.4627
     ],
     [
      77.09551,
      28.46246
     ],
     [
      77.09558,
      28.46223
     ],
     [
      77.09569,
      28.46191
     ],
     [
      77.09594,
      28.46101
     ],
     [
      77.0961,
      28.4605
     ],
     [
      77.09636,
      28.45961
     ],
     [
      77.09658,
      28.45887
     ],
     [
      77.09684,
      28.45802
     ],
     [
      77.0969,
      28.45782
     ],
     [
      77.09705,
      28.45731
     ],
     [
      77.09707,
      28.45723
     ],
     [
      77.09727,
      28.45658
     ],
     [
      77.09742,
      28.45603
     ],
     [
      77.09751,
      28.45571
     ],
     [
      77.09766,
      28.45513
     ],
     [
      77.09774,
      28.45484
     ],
     [
      77.0978,
      28.45459
     ],
     [
      77.09781,
      28.45455
     ],
     [
      77.09791,
      28.45419
     ],
     [
      77.09822,
      28.4533
     ],
     [
      77.09827,
      28.45315
     ],
     [
      77.09843,
      28.45267
     ],
     [
      77.09852,
      28.4524
     ],
     [
      77.09888,
      28.45135
     ],
     [
      77.09907,
      28.4508
     ],
     [
      77.09922,
      28.45036
     ],
     [
      77.09929,
      28.45017
     ],
     [
      77.09942,
      28.4498
     ],
     [
      77.0996,
      28.44928
     ],
     [
      77.09963,
      28.44919
     ],
     [
      77.09974,
      28.44888
     ],
     [
      77.10018,
      28.44765
     ],
     [
      77.10019,
      28.44761
     ],
     [
      77.10021,
      28.44753
     ],
     [
      77.10025,
      28.44739
     ],
     [
      77.1003,
      28.44721
     ],
     [
      77.10035,
      28.44707
     ],
     [
      77.10038,
      28.44696
     ],
     [
      77.10044,
      28.44675
     ],
     [
      77.10055,
      28.44636
     ],
     [
      77.10058,
      28.44624
     ],
     [
      77.10068,
      28.44594
     ],
     [
      77.10097,
      28.44504
     ],
     [
      77.10098,
      28.44499
     ],
     [
      77.10119,
      28.4442
     ],
     [
      77.10122,
      28.44411
     ],
     [
      77.10126,
      28.44395
     ],
     [
      77.10132,
      28.44377
     ],
     [
      77.10141,
      28.44352
     ],
     [
      77.10168,
      28.44278
     ],
     [
      77.10185,
      28.44232
     ],
     [
      77.10192,
      28.44215
     ],
     [
      77.10205,
      28.4418
     ],
     [
      77.10228,
      28.44118
     ],
     [
      77.1023,
      28.44114
     ],
     [
      77.10241,
      28.44084
     ],
     [
      77.10253,
      28.44052
     ],
     [
      77.10268,
      28.44013
     ],
     [
      77.10291,
      28.43953
     ],
     [
      77.10347,
      28.43802
     ],
     [
      77.10356,
      28.43779
     ],
     [
      77.10366,
      28.43746
     ],
     [
      77.10369,
      28.43735
     ],
     [
      77.10375,
      28.43718
     ],
     [
      77.10377,
      28.43711
     ],
     [
      77.10412,
      28.43597
     ],
     [
      77.10448,
      28.43477
     ],
     [
      77.10451,
      28.43466
     ],
     [
      77.1046,
      28.43436
     ],
     [
      77.10472,
      28.43396
     ],
     [
      77.10493,
      28.43325
     ],
     [
      77.10508,
      28.43278
     ],
     [
      77.10512,
      28.43262
     ],
     [
      77.10525,
      28.43219
     ],
     [
      77.10538,
      28.43183
     ],
     [
      77.10551,
      28.43164
     ],
     [
      77.1056,
      28.43157
     ],
     [
      77.10563,
      28.43154
     ],
     [
      77.10568,
      28.43146
     ],
     [
      77.1057,
      28.43137
     ],
     [
      77.10568,
      28.43124
     ],
     [
      77.10565,
      28.43118
     ],
     [
      77.10561,
      28.43113
     ],
     [
      77.10555,
      28.43108
     ],
     [
      77.10546,
      28.43103
     ],
     [
      77.10539,
      28.43102
     ],
     [
      77.10532,
      28.43101
     ],
     [
      77.10527,
      28.43101
     ],
     [
      77.10526,
      28.43101
     ],
     [
      77.10522,
      28.43102
     ],
     [
      77.10518,
      28.43103
     ],
     [
      77.1051,
      28.43107
     ],
     [
      77.10503,
      28.43113
     ],
     [
      77.10499,
      28.43118
     ],
     [
      77.10495,
      28.43118
     ],
     [
      77.10493,
      28.4312
     ],
     [
      77.10481,
      28.43127
     ],
     [
      77.10476,
      28.43129
     ],
     [
      77.10439,
      28.43132
     ],
     [
      77.10388,
      28.43132
     ],
     [
      77.10265,
      28.43134
     ],
     [
      77.10205,
      28.43135
     ],
     [
      77.10195,
      28.43135
     ],
     [
      77.10094,
      28.43136
     ],
     [
      77.10037,
      28.43138
     ],
     [
      77.10036,
      28.43122
     ],
     [
      77.10033,
      28.42951
     ],
     [
      77.10032,
      28.42903
     ],
     [
      77.1003,
      28.42837
     ],
     [
      77.10029,
      28.42762
     ],
     [
      77.10029,
      28.4272
     ],
     [
      77.10026,
      28.42597
     ],
     [
      77.10027,
      28.42572
     ],
     [
      77.10027,
      28.42555
     ],
     [
      77.10007,
      28.42555
     ],
     [
      77.10006,
      28.42536
     ],
     [
      77.10005,
      28.42534
     ],
     [
      77.10002,
      28.42531
     ],
     [
      77.09998,
      28.42529
     ],
     [
      77.09989,
      28.42529
     ],
     [
      77.09968,
      28.42529
     ],
     [
      77.09953,
      28.42529
     ],
     [
      77.09937,
      28.4253
     ],
     [
      77.09934,
      28.42539
     ],
     [
      77.0993,
      28.42544
     ],
     [
      77.09927,
      28.42546
     ],
     [
      77.0992,
      28.42547
     ],
     [
      77.09914,
      28.42547
     ],
     [
      77.09909,
      28.42547
     ],
     [
      77.09903,
      28.42546
     ],
     [
      77.09897,
      28.42543
     ],
     [
      77.09893,
      28.4254
     ],
     [
      77.09889,
      28.42535
     ],
     [
      77.09887,
      28.42529
     ],
     [
      77.09887,
      28.42526
     ]
    ]
   }
  },
  {
   "type": "Feature",
   "properties": {
    "corridor_id": 3,
    "name": "Sohna Road",
    "sub": "Rajiv Chowk -> Badshahpur",
    "road_class": "arterial",
    "length_km": 7.18
   },
   "geometry": {
    "type": "LineString",
    "coordinates": [
     [
      77.03282,
      28.44746
     ],
     [
      77.03263,
      28.44782
     ],
     [
      77.03219,
      28.44879
     ],
     [
      77.03216,
      28.44884
     ],
     [
      77.03212,
      28.44894
     ],
     [
      77.0321,
      28.44899
     ],
     [
      77.03204,
      28.44916
     ],
     [
      77.03177,
      28.44973
     ],
     [
      77.03148,
      28.45035
     ],
     [
      77.0314,
      28.45051
     ],
     [
      77.03135,
      28.4506
     ],
     [
      77.03133,
      28.45064
     ],
     [
      77.03145,
      28.45068
     ],
     [
      77.03147,
      28.45064
     ],
     [
      77.03151,
      28.45056
     ],
     [
      77.03169,
      28.45019
     ],
     [
      77.03195,
      28.44961
     ],
     [
      77.03222,
      28.44898
     ],
     [
      77.03227,
      28.44887
     ],
     [
      77.03229,
      28.44883
     ],
     [
      77.0324,
      28.44858
     ],
     [
      77.03305,
      28.44721
     ],
     [
      77.03316,
      28.44701
     ],
     [
      77.03332,
      28.44674
     ],
     [
      77.03347,
      28.44652
     ],
     [
      77.03366,
      28.44626
     ],
     [
      77.03383,
      28.44602
     ],
     [
      77.0339,
      28.44583
     ],
     [
      77.03391,
      28.44567
     ],
     [
      77.03386,
      28.44548
     ],
     [
      77.03382,
      28.44535
     ],
     [
      77.0338,
      28.4453
     ],
     [
      77.03381,
      28.44523
     ],
     [
      77.03381,
      28.44521
     ],
     [
      77.03383,
      28.44505
     ],
     [
      77.03384,
      28.44497
     ],
     [
      77.03387,
      28.4447
     ],
     [
      77.03411,
      28.44291
     ],
     [
      77.03414,
      28.44266
     ],
     [
      77.03417,
      28.44222
     ],
     [
      77.03422,
      28.44203
     ],
     [
      77.03433,
      28.4414
     ],
     [
      77.03436,
      28.44121
     ],
     [
      77.03437,
      28.44109
     ],
     [
      77.03438,
      28.44093
     ],
     [
      77.03452,
      28.44007
     ],
     [
      77.03464,
      28.43915
     ],
     [
      77.03465,
      28.43905
     ],
     [
      77.03467,
      28.43894
     ],
     [
      77.0347,
      28.43872
     ],
     [
      77.03488,
      28.43776
     ],
     [
      77.03495,
      28.43742
     ],
     [
      77.03497,
      28.43731
     ],
     [
      77.03504,
      28.43683
     ],
     [
      77.03512,
      28.43642
     ],
     [
      77.03519,
      28.43611
     ],
     [
      77.03523,
      28.43588
     ],
     [
      77.0353,
      28.43569
     ],
     [
      77.0354,
      28.43545
     ],
     [
      77.03546,
      28.4353
     ],
     [
      77.03564,
      28.43489
     ],
     [
      77.03579,
      28.43449
     ],
     [
      77.03591,
      28.43402
     ],
     [
      77.03596,
      28.43378
     ],
     [
      77.03601,
      28.43337
     ],
     [
      77.03603,
      28.43322
     ],
     [
      77.03604,
      28.43316
     ],
     [
      77.03604,
      28.43308
     ],
     [
      77.03604,
      28.433
     ],
     [
      77.03603,
      28.43292
     ],
     [
      77.03603,
      28.4328
     ],
     [
      77.03605,
      28.43262
     ],
     [
      77.03612,
      28.43209
     ],
     [
      77.03613,
      28.432
     ],
     [
      77.03616,
      28.43181
     ],
     [
      77.03618,
      28.43171
     ],
     [
      77.03627,
      28.4314
     ],
     [
      77.03641,
      28.43094
     ],
     [
      77.03644,
      28.43085
     ],
     [
      77.03652,
      28.43057
     ],
     [
      77.03655,
      28.43048
     ],
     [
      77.03658,
      28.43037
     ],
     [
      77.0366,
      28.4303
     ],
     [
      77.03664,
      28.43016
     ],
     [
      77.03686,
      28.42942
     ],
     [
      77.037,
      28.42905
     ],
     [
      77.03702,
      28.429
     ],
     [
      77.03704,
      28.42891
     ],
     [
      77.03706,
      28.42885
     ],
     [
      77.03708,
      28.42877
     ],
     [
      77.0371,
      28.42873
     ],
     [
      77.03713,
      28.4286
     ],
     [
      77.03714,
      28.42854
     ],
     [
      77.03719,
      28.42834
     ],
     [
      77.03721,
      28.42819
     ],
     [
      77.03738,
      28.42759
     ],
     [
      77.03749,
      28.42723
     ],
     [
      77.03761,
      28.4268
     ],
     [
      77.03772,
      28.42648
     ],
     [
      77.03787,
      28.426
     ],
     [
      77.03803,
      28.42545
     ],
     [
      77.03813,
      28.42511
     ],
     [
      77.03822,
      28.42479
     ],
     [
      77.03824,
      28.42474
     ],
     [
      77.03827,
      28.42464
     ],
     [
      77.0383,
      28.42451
     ],
     [
      77.03833,
      28.42443
     ],
     [
      77.03844,
      28.42405
     ],
     [
      77.03865,
      28.42374
     ],
     [
      77.03867,
      28.42369
     ],
     [
      77.03874,
      28.42339
     ],
     [
      77.03879,
      28.42321
     ],
     [
      77.03892,
      28.42277
     ],
     [
      77.03902,
      28.42242
     ],
     [
      77.03932,
      28.42146
     ],
     [
      77.03936,
      28.42133
     ],
     [
      77.03938,
      28.42126
     ],
     [
      77.03942,
      28.42109
     ],
     [
      77.03953,
      28.42067
     ],
     [
      77.03974,
      28.42001
     ],
     [
      77.03988,
      28.41957
     ],
     [
      77.04008,
      28.41888
     ],
     [
      77.04013,
      28.41868
     ],
     [
      77.04017,
      28.41852
     ],
     [
      77.04021,
      28.4184
     ],
     [
      77.04024,
      28.4183
     ],
     [
      77.04035,
      28.41792
     ],
     [
      77.04043,
      28.41767
     ],
     [
      77.04047,
      28.41753
     ],
     [
      77.0405,
      28.41744
     ],
     [
      77.04053,
      28.41734
     ],
     [
      77.04055,
      28.41726
     ],
     [
      77.04081,
      28.41641
     ],
     [
      77.04082,
      28.41633
     ],
     [
      77.04085,
      28.41625
     ],
     [
      77.04086,
      28.41618
     ],
     [
      77.04088,
      28.41611
     ],
     [
      77.04099,
      28.41571
     ],
     [
      77.04104,
      28.41553
     ],
     [
      77.04147,
      28.41406
     ],
     [
      77.04155,
      28.41379
     ],
     [
      77.04163,
      28.41352
     ],
     [
      77.0417,
      28.41328
     ],
     [
      77.04189,
      28.41267
     ],
     [
      77.04203,
      28.41219
     ],
     [
      77.04214,
      28.41181
     ],
     [
      77.04228,
      28.41129
     ],
     [
      77.04242,
      28.41079
     ],
     [
      77.04245,
      28.41068
     ],
     [
      77.04246,
      28.41064
     ],
     [
      77.04275,
      28.40961
     ],
     [
      77.04277,
      28.40955
     ],
     [
      77.0428,
      28.40947
     ],
     [
      77.04284,
      28.40931
     ],
     [
      77.04302,
      28.40869
     ],
     [
      77.04345,
      28.40715
     ],
     [
      77.04347,
      28.40705
     ],
     [
      77.04354,
      28.40682
     ],
     [
      77.04359,
      28.40662
     ],
     [
      77.04363,
      28.40647
     ],
     [
      77.04406,
      28.40488
     ],
     [
      77.04424,
      28.40416
     ],
     [
      77.04434,
      28.40381
     ],
     [
      77.04436,
      28.40374
     ],
     [
      77.04483,
      28.40209
     ],
     [
      77.04491,
      28.40193
     ],
     [
      77.04516,
      28.40165
     ],
     [
      77.04525,
      28.40151
     ],
     [
      77.04529,
      28.40142
     ],
     [
      77.04532,
      28.40126
     ],
     [
      77.04531,
      28.40117
     ],
     [
      77.04527,
      28.40108
     ],
     [
      77.04524,
      28.40103
     ],
     [
      77.04523,
      28.40099
     ],
     [
      77.0452,
      28.40085
     ],
     [
      77.04522,
      28.40078
     ],
     [
      77.04523,
      28.40066
     ],
     [
      77.04531,
      28.40039
     ],
     [
      77.04536,
      28.40012
     ],
     [
      77.0454,
      28.39998
     ],
     [
      77.04569,
      28.39872
     ],
     [
      77.04572,
      28.39861
     ],
     [
      77.04581,
      28.39818
     ],
     [
      77.04584,
      28.39804
     ],
     [
      77.04593,
      28.39767
     ],
     [
      77.04598,
      28.39745
     ],
     [
      77.04616,
      28.39673
     ],
     [
      77.04622,
      28.39647
     ],
     [
      77.04626,
      28.39631
     ],
     [
      77.04634,
      28.396
     ],
     [
      77.04637,
      28.39588
     ],
     [
      77.04638,
      28.39583
     ],
     [
      77.04642,
      28.39569
     ],
     [
      77.04664,
      28.39482
     ],
     [
      77.04672,
      28.39456
     ],
     [
      77.04679,
      28.39433
     ],
     [
      77.04693,
      28.394
     ],
     [
      77.04706,
      28.39377
     ],
     [
      77.04719,
      28.39356
     ],
     [
      77.04746,
      28.39318
     ],
     [
      77.04785,
      28.39267
     ],
     [
      77.0479,
      28.39272
     ],
     [
      77.04795,
      28.39279
     ],
     [
      77.04824,
      28.39335
     ]
    ]
   }
  },
  {
   "type": "Feature",
   "properties": {
    "corridor_id": 4,
    "name": "Dwarka Expressway",
    "sub": "Dwarka Sector 21 -> Kherki Daula",
    "road_class": "expressway",
    "length_km": 24.33
   },
   "geometry": {
    "type": "LineString",
    "coordinates": [
     [
      77.05759,
      28.55256
     ],
     [
      77.057,
      28.55188
     ],
     [
      77.0569,
      28.55176
     ],
     [
      77.0568,
      28.55183
     ],
     [
      77.05623,
      28.55115
     ],
     [
      77.05602,
      28.55093
     ],
     [
      77.05584,
      28.5508
     ],
     [
      77.05575,
      28.55074
     ],
     [
      77.05516,
      28.55048
     ],
     [
      77.05502,
      28.55041
     ],
     [
      77.05491,
      28.55037
     ],
     [
      77.05474,
      28.5503
     ],
     [
      77.05465,
      28.55028
     ],
     [
      77.05462,
      28.55028
     ],
     [
      77.05459,
      28.55028
     ],
     [
      77.05454,
      28.5503
     ],
     [
      77.05449,
      28.55033
     ],
     [
      77.05441,
      28.55039
     ],
     [
      77.05436,
      28.55041
     ],
     [
      77.05429,
      28.55046
     ],
     [
      77.05424,
      28.55052
     ],
     [
      77.05419,
      28.55057
     ],
     [
      77.05409,
      28.55072
     ],
     [
      77.05384,
      28.55119
     ],
     [
      77.05348,
      28.55201
     ],
     [
      77.05342,
      28.55204
     ],
     [
      77.05322,
      28.55238
     ],
     [
      77.05296,
      28.55274
     ],
     [
      77.05272,
      28.55301
     ],
     [
      77.05257,
      28.55315
     ],
     [
      77.05183,
      28.55373
     ],
     [
      77.05148,
      28.55395
     ],
     [
      77.05126,
      28.55408
     ],
     [
      77.0512,
      28.5541
     ],
     [
      77.05106,
      28.55413
     ],
     [
      77.05101,
      28.55411
     ],
     [
      77.05093,
      28.55409
     ],
     [
      77.05087,
      28.55408
     ],
     [
      77.05083,
      28.55408
     ],
     [
      77.05069,
      28.55409
     ],
     [
      77.05051,
      28.55394
     ],
     [
      77.05042,
      28.55384
     ],
     [
      77.05011,
      28.55347
     ],
     [
      77.05005,
      28.55341
     ],
     [
      77.05001,
      28.55334
     ],
     [
      77.04998,
      28.55329
     ],
     [
      77.04988,
      28.55315
     ],
     [
      77.04984,
      28.5531
     ],
     [
      77.04979,
      28.55305
     ],
     [
      77.04958,
      28.55276
     ],
     [
      77.04932,
      28.55242
     ],
     [
      77.04865,
      28.5516
     ],
     [
      77.04789,
      28.55061
     ],
     [
      77.04741,
      28.55003
     ],
     [
      77.04637,
      28.54901
     ],
     [
      77.04624,
      28.54894
     ],
     [
      77.04603,
      28.54871
     ],
     [
      77.04527,
      28.548
     ],
     [
      77.04469,
      28.54738
     ],
     [
      77.04414,
      28.54673
     ],
     [
      77.04406,
      28.54663
     ],
     [
      77.04394,
      28.54647
     ],
     [
      77.04377,
      28.54618
     ],
     [
      77.04348,
      28.54569
     ],
     [
      77.0434,
      28.54558
     ],
     [
      77.043,
      28.54509
     ],
     [
      77.04217,
      28.54411
     ],
     [
      77.04153,
      28.54348
     ],
     [
      77.04119,
      28.54322
     ],
     [
      77.04084,
      28.54294
     ],
     [
      77.04067,
      28.54278
     ],
     [
      77.04055,
      28.54267
     ],
     [
      77.04048,
      28.54259
     ],
     [
      77.04039,
      28.54248
     ],
     [
      77.04024,
      28.5423
     ],
     [
      77.03954,
      28.54146
     ],
     [
      77.03821,
      28.5398
     ],
     [
      77.03707,
      28.53836
     ],
     [
      77.03699,
      28.53824
     ],
     [
      77.03688,
      28.53804
     ],
     [
      77.03685,
      28.538
     ],
     [
      77.03683,
      28.53793
     ],
     [
      77.03678,
      28.53782
     ],
     [
      77.03667,
      28.53761
     ],
     [
      77.03647,
      28.5372
     ],
     [
      77.03615,
      28.53669
     ],
     [
      77.03613,
      28.53667
     ],
     [
      77.03597,
      28.53653
     ],
     [
      77.03593,
      28.53642
     ],
     [
      77.03566,
      28.53575
     ],
     [
      77.03537,
      28.53496
     ],
     [
      77.03526,
      28.53448
     ],
     [
      77.03516,
      28.53393
     ],
     [
      77.03504,
      28.53291
     ],
     [
      77.03497,
      28.53254
     ],
     [
      77.03483,
      28.53203
     ],
     [
      77.03472,
      28.53178
     ],
     [
      77.03462,
      28.53152
     ],
     [
      77.0346,
      28.53144
     ],
     [
      77.03455,
      28.53132
     ],
     [
      77.03438,
      28.53098
     ],
     [
      77.03417,
      28.5306
     ],
     [
      77.0339,
      28.53021
     ],
     [
      77.03387,
      28.53017
     ],
     [
      77.03384,
      28.53014
     ],
     [
      77.03373,
      28.52999
     ],
     [
      77.0325,
      28.52866
     ],
     [
      77.03143,
      28.52737
     ],
     [
      77.0304,
      28.52616
     ],
     [
      77.02992,
      28.52562
     ],
     [
      77.02889,
      28.52453
     ],
     [
      77.02831,
      28.52394
     ],
     [
      77.02782,
      28.52343
     ],
     [
      77.0268,
      28.52231
     ],
     [
      77.02574,
      28.52118
     ],
     [
      77.02543,
      28.52083
     ],
     [
      77.02525,
      28.52063
     ],
     [
      77.02516,
      28.52052
     ],
     [
      77.02515,
      28.52051
     ],
     [
      77.02483,
      28.52014
     ],
     [
      77.0244,
      28.5197
     ],
     [
      77.02405,
      28.51933
     ],
     [
      77.02394,
      28.51922
     ],
     [
      77.02367,
      28.51891
     ],
     [
      77.02363,
      28.51886
     ],
     [
      77.02353,
      28.51875
     ],
     [
      77.02349,
      28.5187
     ],
     [
      77.02301,
      28.51816
     ],
     [
      77.02294,
      28.51808
     ],
     [
      77.02242,
      28.5175
     ],
     [
      77.02202,
      28.51702
     ],
     [
      77.02091,
      28.51577
     ],
     [
      77.02081,
      28.51566
     ],
     [
      77.01971,
      28.51448
     ],
     [
      77.0195,
      28.51424
     ],
     [
      77.01924,
      28.51396
     ],
     [
      77.0189,
      28.51355
     ],
     [
      77.01653,
      28.51055
     ],
     [
      77.0161,
      28.51006
     ],
     [
      77.01579,
      28.50972
     ],
     [
      77.0155,
      28.50939
     ],
     [
      77.01481,
      28.50872
     ],
     [
      77.01437,
      28.50828
     ],
     [
      77.01416,
      28.50807
     ],
     [
      77.01414,
      28.50804
     ],
     [
      77.01347,
      28.50736
     ],
     [
      77.01262,
      28.50647
     ],
     [
      77.01196,
      28.5057
     ],
     [
      77.01181,
      28.50553
     ],
     [
      77.01155,
      28.50519
     ],
     [
      77.01114,
      28.50468
     ],
     [
      77.01104,
      28.50454
     ],
     [
      77.01087,
      28.50433
     ],
     [
      77.01023,
      28.50359
     ],
     [
      77.01016,
      28.5035
     ],
     [
      77.01001,
      28.50332
     ],
     [
      77.0096,
      28.50284
     ],
     [
      77.00926,
      28.50245
     ],
     [
      77.00894,
      28.50209
     ],
     [
      77.00868,
      28.50179
     ],
     [
      77.00845,
      28.5015
     ],
     [
      77.00836,
      28.50139
     ],
     [
      77.00811,
      28.50107
     ],
     [
      77.00802,
      28.50098
     ],
     [
      77.00705,
      28.4999
     ],
     [
      77.00682,
      28.49966
     ],
     [
      77.00676,
      28.4996
     ],
     [
      77.00669,
      28.49953
     ],
     [
      77.00659,
      28.49944
     ],
     [
      77.00619,
      28.49907
     ],
     [
      77.00606,
      28.49896
     ],
     [
      77.00575,
      28.49868
     ],
     [
      77.00559,
      28.49854
     ],
     [
      77.00531,
      28.49828
     ],
     [
      77.00336,
      28.49652
     ],
     [
      77.00191,
      28.49521
     ],
     [
      77.00168,
      28.49502
     ],
     [
      77.00141,
      28.49478
     ],
     [
      77.00097,
      28.4944
     ],
     [
      77.00075,
      28.4942
     ],
     [
      77.00015,
      28.49368
     ],
     [
      76.99967,
      28.49326
     ],
     [
      76.99938,
      28.493
     ],
     [
      76.9991,
      28.49275
     ],
     [
      76.9971,
      28.49076
     ],
     [
      76.99651,
      28.4902
     ],
     [
      76.99609,
      28.48977
     ],
     [
      76.99564,
      28.48932
     ],
     [
      76.99538,
      28.48902
     ],
     [
      76.99418,
      28.48786
     ],
     [
      76.99327,
      28.48698
     ],
     [
      76.99279,
      28.48656
     ],
     [
      76.99261,
      28.4864
     ],
     [
      76.99246,
      28.48625
     ],
     [
      76.99219,
      28.48599
     ],
     [
      76.99192,
      28.48573
     ],
     [
      76.99154,
      28.48535
     ],
     [
      76.98994,
      28.48379
     ],
     [
      76.98963,
      28.48349
     ],
     [
      76.98887,
      28.48273
     ],
     [
      76.98806,
      28.482
     ],
     [
      76.98778,
      28.48174
     ],
     [
      76.98752,
      28.48151
     ],
     [
      76.98713,
      28.48116
     ],
     [
      76.98534,
      28.47952
     ],
     [
      76.98515,
      28.47933
     ],
     [
      76.98438,
      28.47867
     ],
     [
      76.9834,
      28.47781
     ],
     [
      76.98256,
      28.47707
     ],
     [
      76.98197,
      28.47656
     ],
     [
      76.98192,
      28.47652
     ],
     [
      76.98128,
      28.47595
     ],
     [
      76.9812,
      28.47587
     ],
     [
      76.98114,
      28.47582
     ],
     [
      76.98108,
      28.47576
     ],
     [
      76.98097,
      28.47567
     ],
     [
      76.98087,
      28.47558
     ],
     [
      76.9807,
      28.47544
     ],
     [
      76.98065,
      28.47539
     ],
     [
      76.98002,
      28.47487
     ],
     [
      76.97988,
      28.47475
     ],
     [
      76.97883,
      28.47386
     ],
     [
      76.97664,
      28.47196
     ],
     [
      76.97509,
      28.47058
     ],
     [
      76.97442,
      28.46992
     ],
     [
      76.97323,
      28.46883
     ],
     [
      76.97212,
      28.46781
     ],
     [
      76.97205,
      28.46773
     ],
     [
      76.97185,
      28.46753
     ],
     [
      76.97182,
      28.4675
     ],
     [
      76.97179,
      28.46748
     ],
     [
      76.97154,
      28.46722
     ],
     [
      76.97139,
      28.46707
     ],
     [
      76.97136,
      28.46703
     ],
     [
      76.9713,
      28.46698
     ],
     [
      76.97066,
      28.4663
     ],
     [
      76.97021,
      28.46578
     ],
     [
      76.96977,
      28.46527
     ],
     [
      76.96914,
      28.4645
     ],
     [
      76.96877,
      28.46399
     ],
     [
      76.96873,
      28.46395
     ],
     [
      76.96869,
      28.4639
     ],
     [
      76.96818,
      28.46319
     ],
     [
      76.96801,
      28.46296
     ],
     [
      76.96785,
      28.46271
     ],
     [
      76.96744,
      28.46209
     ],
     [
      76.96716,
      28.46164
     ],
     [
      76.96697,
      28.46132
     ],
     [
      76.96665,
      28.46083
     ],
     [
      76.96646,
      28.46054
     ],
     [
      76.96631,
      28.46033
     ],
     [
      76.96608,
      28.45991
     ],
     [
      76.96591,
      28.4596
     ],
     [
      76.96581,
      28.45942
     ],
     [
      76.96557,
      28.45902
     ],
     [
      76.96535,
      28.45862
     ],
     [
      76.96518,
      28.45825
     ],
     [
      76.96472,
      28.45736
     ],
     [
      76.96442,
      28.45666
     ],
     [
      76.96414,
      28.45606
     ],
     [
      76.96392,
      28.45558
     ],
     [
      76.96386,
      28.45545
     ],
     [
      76.96365,
      28.45499
     ],
     [
      76.96347,
      28.45459
     ],
     [
      76.96308,
      28.45373
     ],
     [
      76.96289,
      28.45334
     ],
     [
      76.96253,
      28.45247
     ],
     [
      76.96248,
      28.45236
     ],
     [
      76.96213,
      28.45145
     ],
     [
      76.96202,
      28.45117
     ],
     [
      76.96169,
      28.45014
     ],
     [
      76.96152,
      28.44958
     ],
     [
      76.96139,
      28.44911
     ],
     [
      76.96128,
      28.4487
     ],
     [
      76.96115,
      28.44803
     ],
     [
      76.9611,
      28.44779
     ],
     [
      76.96095,
      28.44708
     ],
     [
      76.96086,
      28.44663
     ],
     [
      76.96077,
      28.44621
     ],
     [
      76.96064,
      28.44553
     ],
     [
      76.9605,
      28.44427
     ],
     [
      76.96038,
      28.44317
     ],
     [
      76.9603,
      28.44235
     ],
     [
      76.96027,
      28.44208
     ],
     [
      76.96018,
      28.4406
     ],
     [
      76.96015,
      28.44032
     ],
     [
      76.96017,
      28.44003
     ],
     [
      76.96021,
      28.43936
     ],
     [
      76.96023,
      28.43915
     ],
     [
      76.96023,
      28.439
     ],
     [
      76.96037,
      28.43684
     ],
     [
      76.96041,
      28.43629
     ],
     [
      76.96048,
      28.43565
     ],
     [
      76.96057,
      28.43482
     ],
     [
      76.96066,
      28.4343
     ],
     [
      76.96094,
      28.43262
     ],
     [
      76.961,
      28.43229
     ],
     [
      76.96134,
      28.4301
     ],
     [
      76.96135,
      28.43007
     ],
     [
      76.96136,
      28.43001
     ],
     [
      76.96141,
      28.42966
     ],
     [
      76.96152,
      28.42896
     ],
     [
      76.9619,
      28.42683
     ],
     [
      76.96196,
      28.42646
     ],
     [
      76.96199,
      28.42631
     ],
     [
      76.96203,
      28.42611
     ],
     [
      76.96211,
      28.42568
     ],
     [
      76.96227,
      28.42487
     ],
     [
      76.96239,
      28.42441
     ],
     [
      76.96253,
      28.4239
     ],
     [
      76.96278,
      28.42265
     ],
     [
      76.963,
      28.42165
     ],
     [
      76.96301,
      28.42159
     ],
     [
      76.96312,
      28.42118
     ],
     [
      76.9635,
      28.42016
     ],
     [
      76.96384,
      28.4193
     ],
     [
      76.96403,
      28.41897
     ],
     [
      76.96415,
      28.4188
     ],
     [
      76.96416,
      28.41879
     ],
     [
      76.9643,
      28.41863
     ],
     [
      76.96459,
      28.41833
     ],
     [
      76.96484,
      28.41812
     ],
     [
      76.96505,
      28.41795
     ],
     [
      76.9654,
      28.41776
     ],
     [
      76.96573,
      28.41759
     ],
     [
      76.96631,
      28.41738
     ],
     [
      76.96645,
      28.41735
     ],
     [
      76.96673,
      28.4173
     ],
     [
      76.96705,
      28.41727
     ],
     [
      76.9674,
      28.41727
     ],
     [
      76.96772,
      28.41728
     ],
     [
      76.96825,
      28.41735
     ],
     [
      76.96923,
      28.41746
     ],
     [
      76.96971,
      28.41748
     ],
     [
      76.97015,
      28.41746
     ],
     [
      76.97021,
      28.41745
     ],
     [
      76.97038,
      28.41744
     ],
     [
      76.97064,
      28.41739
     ],
     [
      76.97126,
      28.41723
     ],
     [
      76.97178,
      28.41701
     ],
     [
      76.97269,
      28.41653
     ],
     [
      76.97304,
      28.41635
     ],
     [
      76.97391,
      28.41592
     ],
     [
      76.97448,
      28.41563
     ],
     [
      76.97467,
      28.41553
     ],
     [
      76.97553,
      28.41502
     ],
     [
      76.97601,
      28.41474
     ],
     [
      76.97661,
      28.41439
     ],
     [
      76.97701,
      28.41414
     ],
     [
      76.97804,
      28.41352
     ],
     [
      76.97885,
      28.41297
     ],
     [
      76.98113,
      28.41139
     ],
     [
      76.98239,
      28.41064
     ],
     [
      76.98242,
      28.41063
     ],
     [
      76.98319,
      28.41021
     ],
     [
      76.98339,
      28.41009
     ],
     [
      76.98354,
      28.41
     ],
     [
      76.98397,
      28.40971
     ],
     [
      76.98464,
      28.40905
     ],
     [
      76.98589,
      28.40797
     ],
     [
      76.98655,
      28.40757
     ],
     [
      76.987,
      28.40731
     ],
     [
      76.98725,
      28.40719
     ],
     [
      76.98737,
      28.40714
     ],
     [
      76.98765,
      28.40701
     ],
     [
      76.98785,
      28.40692
     ],
     [
      76.98797,
      28.40687
     ],
     [
      76.98857,
      28.40662
     ],
     [
      76.98872,
      28.40656
     ],
     [
      76.98979,
      28.4061
     ],
     [
      76.99013,
      28.40596
     ],
     [
      76.99024,
      28.40591
     ],
     [
      76.99036,
      28.40586
     ],
     [
      76.99041,
      28.40584
     ],
     [
      76.99046,
      28.40582
     ],
     [
      76.99092,
      28.40563
     ],
     [
      76.99126,
      28.40557
     ],
     [
      76.99166,
      28.40553
     ],
     [
      76.99183,
      28.40553
     ],
     [
      76.99203,
      28.40559
     ],
     [
      76.99219,
      28.40569
     ],
     [
      76.99221,
      28.4057
     ],
     [
      76.99233,
      28.40582
     ],
     [
      76.9924,
      28.40596
     ],
     [
      76.99243,
      28.40606
     ],
     [
      76.99244,
      28.40617
     ],
     [
      76.99243,
      28.40631
     ],
     [
      76.9924,
      28.40641
     ],
     [
      76.99236,
      28.40653
     ],
     [
      76.99229,
      28.40666
     ],
     [
      76.99223,
      28.40677
     ],
     [
      76.99219,
      28.40681
     ],
     [
      76.99209,
      28.40691
     ],
     [
      76.99196,
      28.40701
     ],
     [
      76.99185,
      28.40706
     ],
     [
      76.99173,
      28.40709
     ],
     [
      76.99156,
      28.4071
     ],
     [
      76.99139,
      28.40708
     ],
     [
      76.99116,
      28.40699
     ],
     [
      76.99106,
      28.40689
     ],
     [
      76.99097,
      28.40678
     ],
     [
      76.99092,
      28.40669
     ],
     [
      76.99087,
      28.40663
     ],
     [
      76.99083,
      28.4066
     ],
     [
      76.99073,
      28.40655
     ],
     [
      76.99036,
      28.40586
     ],
     [
      76.99028,
      28.40573
     ],
     [
      76.99025,
      28.40567
     ],
     [
      76.99012,
      28.40544
     ],
     [
      76.99012,
      28.4053
     ],
     [
      76.9901,
      28.40517
     ],
     [
      76.98997,
      28.40491
     ],
     [
      76.98994,
      28.40479
     ],
     [
      76.98993,
      28.40469
     ],
     [
      76.98993,
      28.40453
     ],
     [
      76.98999,
      28.40438
     ],
     [
      76.99007,
      28.40428
     ],
     [
      76.9902,
      28.40419
     ],
     [
      76.99043,
      28.40408
     ],
     [
      76.99061,
      28.40407
     ],
     [
      76.99087,
      28.40408
     ],
     [
      76.99113,
      28.40415
     ],
     [
      76.99132,
      28.40425
     ],
     [
      76.99145,
      28.40436
     ],
     [
      76.99154,
      28.4045
     ],
     [
      76.99161,
      28.40466
     ],
     [
      76.99161,
      28.40484
     ],
     [
      76.99154,
      28.40499
     ],
     [
      76.99142,
      28.4051
     ],
     [
      76.99089,
      28.40548
     ],
     [
      76.99038,
      28.40569
     ],
     [
      76.99033,
      28.40571
     ],
     [
      76.99028,
      28.40573
     ],
     [
      76.99017,
      28.40578
     ],
     [
      76.99006,
      28.40582
     ],
     [
      76.98974,
      28.40596
     ],
     [
      76.98866,
      28.40641
     ],
     [
      76.9885,
      28.40647
     ],
     [
      76.98801,
      28.40667
     ],
     [
      76.98776,
      28.40678
     ],
     [
      76.98757,
      28.40686
     ],
     [
      76.9872,
      28.40701
     ],
     [
      76.98708,
      28.40705
     ],
     [
      76.98644,
      28.40739
     ],
     [
      76.98602,
      28.4076
     ],
     [
      76.98575,
      28.40779
     ],
     [
      76.98565,
      28.40785
     ],
     [
      76.98423,
      28.40898
     ],
     [
      76.98368,
      28.40944
     ],
     [
      76.9833,
      28.40955
     ],
     [
      76.9832,
      28.40924
     ],
     [
      76.98319,
      28.4092
     ],
     [
      76.98313,
      28.40907
     ],
     [
      76.98303,
      28.40882
     ],
     [
      76.98278,
      28.40838
     ],
     [
      76.98267,
      28.40819
     ]
    ]
   }
  },
  {
   "type": "Feature",
   "properties": {
    "corridor_id": 5,
    "name": "Golf Course Extension Road",
    "sub": "Sector 56 -> Vatika Chowk",
    "road_class": "arterial",
    "length_km": 10.03
   },
   "geometry": {
    "type": "LineString",
    "coordinates": [
     [
      77.09887,
      28.42526
     ],
     [
      77.09887,
      28.42529
     ],
     [
      77.09889,
      28.42535
     ],
     [
      77.09893,
      28.4254
     ],
     [
      77.09897,
      28.42543
     ],
     [
      77.09903,
      28.42546
     ],
     [
      77.09909,
      28.42547
     ],
     [
      77.09914,
      28.42547
     ],
     [
      77.0992,
      28.42547
     ],
     [
      77.09927,
      28.42546
     ],
     [
      77.0993,
      28.42544
     ],
     [
      77.09934,
      28.42539
     ],
     [
      77.09937,
      28.4253
     ],
     [
      77.09953,
      28.42529
     ],
     [
      77.09968,
      28.42529
     ],
     [
      77.09989,
      28.42529
     ],
     [
      77.09998,
      28.42529
     ],
     [
      77.10002,
      28.42531
     ],
     [
      77.10005,
      28.42534
     ],
     [
      77.10006,
      28.42536
     ],
     [
      77.10007,
      28.42555
     ],
     [
      77.10027,
      28.42555
     ],
     [
      77.10026,
      28.4251
     ],
     [
      77.10025,
      28.42478
     ],
     [
      77.10026,
      28.42458
     ],
     [
      77.09989,
      28.42459
     ],
     [
      77.0994,
      28.4246
     ],
     [
      77.0992,
      28.4246
     ],
     [
      77.09846,
      28.42461
     ],
     [
      77.09701,
      28.42463
     ],
     [
      77.09692,
      28.42463
     ],
     [
      77.09629,
      28.42464
     ],
     [
      77.09566,
      28.42465
     ],
     [
      77.095,
      28.42465
     ],
     [
      77.09452,
      28.42466
     ],
     [
      77.09156,
      28.42469
     ],
     [
      77.0913,
      28.42466
     ],
     [
      77.0913,
      28.42463
     ],
     [
      77.0913,
      28.42445
     ],
     [
      77.09128,
      28.42353
     ],
     [
      77.09125,
      28.42209
     ],
     [
      77.09124,
      28.4214
     ],
     [
      77.09124,
      28.4213
     ],
     [
      77.09121,
      28.42094
     ],
     [
      77.0912,
      28.42088
     ],
     [
      77.0912,
      28.41911
     ],
     [
      77.09119,
      28.41828
     ],
     [
      77.09119,
      28.41802
     ],
     [
      77.09119,
      28.41744
     ],
     [
      77.09119,
      28.4173
     ],
     [
      77.09103,
      28.4173
     ],
     [
      77.09083,
      28.41727
     ],
     [
      77.0902,
      28.4171
     ],
     [
      77.08942,
      28.41687
     ],
     [
      77.08918,
      28.4168
     ],
     [
      77.0889,
      28.41672
     ],
     [
      77.08829,
      28.41655
     ],
     [
      77.08797,
      28.41645
     ],
     [
      77.08764,
      28.41636
     ],
     [
      77.08749,
      28.41632
     ],
     [
      77.0853,
      28.41569
     ],
     [
      77.08501,
      28.4156
     ],
     [
      77.08469,
      28.41551
     ],
     [
      77.0831,
      28.41506
     ],
     [
      77.08282,
      28.41498
     ],
     [
      77.08225,
      28.41482
     ],
     [
      77.08178,
      28.41469
     ],
     [
      77.08025,
      28.41429
     ],
     [
      77.08008,
      28.41425
     ],
     [
      77.08003,
      28.41423
     ],
     [
      77.07968,
      28.41412
     ],
     [
      77.07947,
      28.41405
     ],
     [
      77.07854,
      28.41373
     ],
     [
      77.07636,
      28.41295
     ],
     [
      77.07608,
      28.41285
     ],
     [
      77.07457,
      28.41231
     ],
     [
      77.07448,
      28.41227
     ],
     [
      77.07438,
      28.41224
     ],
     [
      77.07427,
      28.4122
     ],
     [
      77.07413,
      28.41215
     ],
     [
      77.07376,
      28.41202
     ],
     [
      77.07359,
      28.41196
     ],
     [
      77.07345,
      28.41191
     ],
     [
      77.07302,
      28.41175
     ],
     [
      77.07254,
      28.41158
     ],
     [
      77.0723,
      28.41149
     ],
     [
      77.07193,
      28.41135
     ],
     [
      77.07175,
      28.41129
     ],
     [
      77.07101,
      28.41101
     ],
     [
      77.0704,
      28.41077
     ],
     [
      77.07007,
      28.41064
     ],
     [
      77.06914,
      28.4103
     ],
     [
      77.06891,
      28.41021
     ],
     [
      77.06777,
      28.40978
     ],
     [
      77.06708,
      28.40953
     ],
     [
      77.06624,
      28.4092
     ],
     [
      77.06559,
      28.40896
     ],
     [
      77.06486,
      28.40869
     ],
     [
      77.06458,
      28.40859
     ],
     [
      77.06415,
      28.40843
     ],
     [
      77.06383,
      28.40832
     ],
     [
      77.06344,
      28.40817
     ],
     [
      77.06338,
      28.40815
     ],
     [
      77.06228,
      28.40772
     ],
     [
      77.06212,
      28.40765
     ],
     [
      77.06106,
      28.40721
     ],
     [
      77.0601,
      28.40684
     ],
     [
      77.05955,
      28.40664
     ],
     [
      77.05947,
      28.40661
     ],
     [
      77.05928,
      28.40654
     ],
     [
      77.05906,
      28.40645
     ],
     [
      77.05901,
      28.40643
     ],
     [
      77.05894,
      28.40641
     ],
     [
      77.05878,
      28.40635
     ],
     [
      77.05849,
      28.40624
     ],
     [
      77.05811,
      28.4061
     ],
     [
      77.05786,
      28.406
     ],
     [
      77.05766,
      28.40593
     ],
     [
      77.05708,
      28.4057
     ],
     [
      77.05641,
      28.40546
     ],
     [
      77.05611,
      28.40535
     ],
     [
      77.05559,
      28.40515
     ],
     [
      77.05386,
      28.40451
     ],
     [
      77.05311,
      28.40422
     ],
     [
      77.05209,
      28.4038
     ],
     [
      77.05162,
      28.40362
     ],
     [
      77.05154,
      28.40359
     ],
     [
      77.0514,
      28.40354
     ],
     [
      77.05124,
      28.40347
     ],
     [
      77.05032,
      28.40305
     ],
     [
      77.04979,
      28.40279
     ],
     [
      77.04959,
      28.40271
     ],
     [
      77.04948,
      28.40267
     ],
     [
      77.04936,
      28.40263
     ],
     [
      77.04916,
      28.40254
     ],
     [
      77.04902,
      28.40245
     ],
     [
      77.04879,
      28.40228
     ],
     [
      77.04865,
      28.40222
     ],
     [
      77.04848,
      28.40217
     ],
     [
      77.0477,
      28.40195
     ],
     [
      77.04699,
      28.40174
     ],
     [
      77.04645,
      28.40155
     ],
     [
      77.04571,
      28.40132
     ],
     [
      77.04556,
      28.40126
     ],
     [
      77.04531,
      28.40117
     ],
     [
      77.04527,
      28.40108
     ],
     [
      77.04524,
      28.40103
     ],
     [
      77.04523,
      28.40099
     ],
     [
      77.0452,
      28.40085
     ],
     [
      77.04522,
      28.40078
     ],
     [
      77.04523,
      28.40066
     ],
     [
      77.04531,
      28.40039
     ],
     [
      77.04536,
      28.40012
     ],
     [
      77.0454,
      28.39998
     ],
     [
      77.04569,
      28.39872
     ],
     [
      77.04572,
      28.39861
     ],
     [
      77.04581,
      28.39818
     ],
     [
      77.04584,
      28.39804
     ],
     [
      77.04593,
      28.39767
     ],
     [
      77.04598,
      28.39745
     ],
     [
      77.04616,
      28.39673
     ],
     [
      77.04622,
      28.39647
     ],
     [
      77.04626,
      28.39631
     ],
     [
      77.04634,
      28.396
     ],
     [
      77.04637,
      28.39588
     ],
     [
      77.04638,
      28.39583
     ],
     [
      77.04642,
      28.39569
     ],
     [
      77.04664,
      28.39482
     ],
     [
      77.04672,
      28.39456
     ],
     [
      77.04679,
      28.39433
     ],
     [
      77.04693,
      28.394
     ],
     [
      77.04706,
      28.39377
     ],
     [
      77.04719,
      28.39356
     ],
     [
      77.04746,
      28.39318
     ],
     [
      77.04785,
      28.39267
     ],
     [
      77.04839,
      28.39199
     ],
     [
      77.04906,
      28.39112
     ],
     [
      77.04961,
      28.39045
     ],
     [
      77.04963,
      28.39043
     ],
     [
      77.05007,
      28.38979
     ],
     [
      77.05012,
      28.38971
     ],
     [
      77.05016,
      28.38965
     ],
     [
      77.05035,
      28.38937
     ],
     [
      77.05058,
      28.38904
     ],
     [
      77.05079,
      28.38872
     ],
     [
      77.05075,
      28.38869
     ],
     [
      77.05072,
      28.38867
     ],
     [
      77.05069,
      28.38865
     ],
     [
      77.05061,
      28.3886
     ],
     [
      77.05057,
      28.38858
     ],
     [
      77.0505,
      28.38852
     ],
     [
      77.05041,
      28.38867
     ],
     [
      77.05028,
      28.38889
     ],
     [
      77.04991,
      28.38951
     ],
     [
      77.04957,
      28.38998
     ],
     [
      77.04936,
      28.39027
     ],
     [
      77.0489,
      28.39088
     ],
     [
      77.04808,
      28.39195
     ],
     [
      77.04799,
      28.39206
     ],
     [
      77.04752,
      28.39266
     ],
     [
      77.04728,
      28.39301
     ],
     [
      77.04714,
      28.39325
     ],
     [
      77.0469,
      28.39366
     ],
     [
      77.04678,
      28.39389
     ],
     [
      77.04663,
      28.39427
     ],
     [
      77.04662,
      28.39429
     ],
     [
      77.0466,
      28.39434
     ],
     [
      77.04654,
      28.39453
     ],
     [
      77.0465,
      28.39452
     ],
     [
      77.04646,
      28.39452
     ],
     [
      77.04607,
      28.39454
     ],
     [
      77.04592,
      28.39452
     ],
     [
      77.04554,
      28.39445
     ],
     [
      77.04534,
      28.3944
     ],
     [
      77.04489,
      28.3943
     ],
     [
      77.04451,
      28.39427
     ],
     [
      77.04376,
      28.39423
     ],
     [
      77.04325,
      28.39421
     ],
     [
      77.04296,
      28.39418
     ],
     [
      77.04286,
      28.39418
     ],
     [
      77.04255,
      28.39417
     ],
     [
      77.04241,
      28.39418
     ],
     [
      77.04232,
      28.39422
     ],
     [
      77.04224,
      28.39419
     ],
     [
      77.04186,
      28.39403
     ],
     [
      77.0417,
      28.39397
     ],
     [
      77.0417,
      28.39396
     ],
     [
      77.0417,
      28.39388
     ],
     [
      77.0417,
      28.39387
     ],
     [
      77.0417,
      28.39379
     ],
     [
      77.04168,
      28.39374
     ],
     [
      77.04164,
      28.39371
     ],
     [
      77.04155,
      28.3937
     ],
     [
      77.04152,
      28.39368
     ],
     [
      77.04151,
      28.39365
     ],
     [
      77.04152,
      28.39337
     ],
     [
      77.04155,
      28.39298
     ],
     [
      77.04156,
      28.39242
     ],
     [
      77.04154,
      28.39184
     ],
     [
      77.04155,
      28.39136
     ],
     [
      77.04156,
      28.39077
     ],
     [
      77.04156,
      28.39072
     ],
     [
      77.04156,
      28.39069
     ],
     [
      77.04156,
      28.3906
     ]
    ]
   }
  },
  {
   "type": "Feature",
   "properties": {
    "corridor_id": 6,
    "name": "Mehrauli-Gurgaon Road",
    "sub": "Ghitorni -> IFFCO Chowk",
    "road_class": "arterial",
    "length_km": 9.4
   },
   "geometry": {
    "type": "LineString",
    "coordinates": [
     [
      77.14926,
      28.49362
     ],
     [
      77.14881,
      28.49342
     ],
     [
      77.14875,
      28.49348
     ],
     [
      77.1487,
      28.49352
     ],
     [
      77.14866,
      28.49353
     ],
     [
      77.1483,
      28.49337
     ],
     [
      77.14796,
      28.49322
     ],
     [
      77.14787,
      28.49319
     ],
     [
      77.14667,
      28.49266
     ],
     [
      77.14647,
      28.49258
     ],
     [
      77.146,
      28.49237
     ],
     [
      77.14566,
      28.49223
     ],
     [
      77.14553,
      28.49219
     ],
     [
      77.14538,
      28.49212
     ],
     [
      77.1451,
      28.49202
     ],
     [
      77.1447,
      28.49186
     ],
     [
      77.14396,
      28.4916
     ],
     [
      77.1433,
      28.49137
     ],
     [
      77.14256,
      28.49112
     ],
     [
      77.14204,
      28.49091
     ],
     [
      77.14199,
      28.49088
     ],
     [
      77.14128,
      28.49054
     ],
     [
      77.14059,
      28.49019
     ],
     [
      77.14013,
      28.48996
     ],
     [
      77.13919,
      28.4895
     ],
     [
      77.13888,
      28.48935
     ],
     [
      77.13875,
      28.48929
     ],
     [
      77.13787,
      28.48889
     ],
     [
      77.13765,
      28.48879
     ],
     [
      77.13649,
      28.48818
     ],
     [
      77.13598,
      28.48795
     ],
     [
      77.13543,
      28.48767
     ],
     [
      77.13503,
      28.48748
     ],
     [
      77.13445,
      28.48721
     ],
     [
      77.13379,
      28.48689
     ],
     [
      77.13371,
      28.48685
     ],
     [
      77.13353,
      28.48673
     ],
     [
      77.13333,
      28.48658
     ],
     [
      77.1332,
      28.48649
     ],
     [
      77.13298,
      28.48633
     ],
     [
      77.13232,
      28.48575
     ],
     [
      77.13191,
      28.48541
     ],
     [
      77.13153,
      28.48507
     ],
     [
      77.13085,
      28.48448
     ],
     [
      77.1304,
      28.4841
     ],
     [
      77.1302,
      28.48394
     ],
     [
      77.12997,
      28.48377
     ],
     [
      77.12986,
      28.48369
     ],
     [
      77.129,
      28.48304
     ],
     [
      77.12877,
      28.48285
     ],
     [
      77.12829,
      28.48252
     ],
     [
      77.12798,
      28.48232
     ],
     [
      77.12766,
      28.48209
     ],
     [
      77.12729,
      28.48185
     ],
     [
      77.12704,
      28.48166
     ],
     [
      77.12654,
      28.4813
     ],
     [
      77.12634,
      28.48115
     ],
     [
      77.1263,
      28.48112
     ],
     [
      77.12596,
      28.48086
     ],
     [
      77.12551,
      28.48053
     ],
     [
      77.12518,
      28.48026
     ],
     [
      77.12505,
      28.48015
     ],
     [
      77.12501,
      28.48012
     ],
     [
      77.12436,
      28.47962
     ],
     [
      77.12432,
      28.47958
     ],
     [
      77.12426,
      28.47953
     ],
     [
      77.12402,
      28.47935
     ],
     [
      77.12397,
      28.47931
     ],
     [
      77.12369,
      28.47915
     ],
     [
      77.12351,
      28.47906
     ],
     [
      77.12306,
      28.47887
     ],
     [
      77.12286,
      28.47881
     ],
     [
      77.12264,
      28.47877
     ],
     [
      77.12219,
      28.47871
     ],
     [
      77.12193,
      28.47871
     ],
     [
      77.12176,
      28.47872
     ],
     [
      77.12134,
      28.47876
     ],
     [
      77.12112,
      28.47882
     ],
     [
      77.12072,
      28.47894
     ],
     [
      77.12025,
      28.47916
     ],
     [
      77.1198,
      28.47946
     ],
     [
      77.11895,
      28.48001
     ],
     [
      77.11857,
      28.48025
     ],
     [
      77.11811,
      28.48053
     ],
     [
      77.11784,
      28.48066
     ],
     [
      77.11771,
      28.48071
     ],
     [
      77.11745,
      28.48078
     ],
     [
      77.11692,
      28.48091
     ],
     [
      77.11607,
      28.48106
     ],
     [
      77.11494,
      28.48129
     ],
     [
      77.11481,
      28.48132
     ],
     [
      77.11468,
      28.48135
     ],
     [
      77.11463,
      28.48136
     ],
     [
      77.11448,
      28.48139
     ],
     [
      77.11429,
      28.48143
     ],
     [
      77.11364,
      28.48152
     ],
     [
      77.11347,
      28.48153
     ],
     [
      77.11326,
      28.48154
     ],
     [
      77.1132,
      28.48154
     ],
     [
      77.11275,
      28.48152
     ],
     [
      77.11194,
      28.48146
     ],
     [
      77.11157,
      28.48145
     ],
     [
      77.11136,
      28.48145
     ],
     [
      77.11122,
      28.48145
     ],
     [
      77.11113,
      28.48145
     ],
     [
      77.11096,
      28.48147
     ],
     [
      77.11075,
      28.4815
     ],
     [
      77.11033,
      28.48162
     ],
     [
      77.11,
      28.48176
     ],
     [
      77.1097,
      28.4819
     ],
     [
      77.10961,
      28.48195
     ],
     [
      77.10949,
      28.48203
     ],
     [
      77.10943,
      28.48206
     ],
     [
      77.10927,
      28.48214
     ],
     [
      77.10919,
      28.48217
     ],
     [
      77.10917,
      28.48218
     ],
     [
      77.10889,
      28.48226
     ],
     [
      77.10875,
      28.4823
     ],
     [
      77.10846,
      28.48241
     ],
     [
      77.10831,
      28.48246
     ],
     [
      77.10798,
      28.48254
     ],
     [
      77.10792,
      28.48255
     ],
     [
      77.10779,
      28.48256
     ],
     [
      77.10758,
      28.48257
     ],
     [
      77.10736,
      28.48256
     ],
     [
      77.10693,
      28.4825
     ],
     [
      77.10667,
      28.48244
     ],
     [
      77.10658,
      28.48242
     ],
     [
      77.10633,
      28.48237
     ],
     [
      77.10623,
      28.48235
     ],
     [
      77.1059,
      28.48228
     ],
     [
      77.10541,
      28.4822
     ],
     [
      77.10483,
      28.48212
     ],
     [
      77.10453,
      28.48209
     ],
     [
      77.10442,
      28.48209
     ],
     [
      77.10411,
      28.48208
     ],
     [
      77.10365,
      28.48207
     ],
     [
      77.10323,
      28.48205
     ],
     [
      77.1031,
      28.48204
     ],
     [
      77.10298,
      28.48204
     ],
     [
      77.10289,
      28.48204
     ],
     [
      77.10277,
      28.48203
     ],
     [
      77.10205,
      28.48194
     ],
     [
      77.1017,
      28.4819
     ],
     [
      77.10114,
      28.48183
     ],
     [
      77.10099,
      28.48179
     ],
     [
      77.10051,
      28.48175
     ],
     [
      77.10042,
      28.48175
     ],
     [
      77.10026,
      28.48182
     ],
     [
      77.09996,
      28.48194
     ],
     [
      77.09983,
      28.48201
     ],
     [
      77.09975,
      28.48204
     ],
     [
      77.09967,
      28.4821
     ],
     [
      77.09931,
      28.48232
     ],
     [
      77.0989,
      28.48257
     ],
     [
      77.09865,
      28.48271
     ],
     [
      77.09859,
      28.48276
     ],
     [
      77.09853,
      28.4828
     ],
     [
      77.09839,
      28.4829
     ],
     [
      77.09773,
      28.48344
     ],
     [
      77.09745,
      28.48361
     ],
     [
      77.09741,
      28.48363
     ],
     [
      77.09738,
      28.48364
     ],
     [
      77.0973,
      28.48365
     ],
     [
      77.09711,
      28.48366
     ],
     [
      77.09662,
      28.48361
     ],
     [
      77.09623,
      28.48354
     ],
     [
      77.09598,
      28.48351
     ],
     [
      77.09554,
      28.48342
     ],
     [
      77.09516,
      28.48336
     ],
     [
      77.09512,
      28.48332
     ],
     [
      77.09511,
      28.48329
     ],
     [
      77.0951,
      28.48327
     ],
     [
      77.09504,
      28.48294
     ],
     [
      77.09496,
      28.48246
     ],
     [
      77.09489,
      28.48215
     ],
     [
      77.09483,
      28.48208
     ],
     [
      77.09479,
      28.48203
     ],
     [
      77.09473,
      28.48193
     ],
     [
      77.09466,
      28.48185
     ],
     [
      77.09463,
      28.48181
     ],
     [
      77.09455,
      28.48176
     ],
     [
      77.09444,
      28.48167
     ],
     [
      77.09439,
      28.48163
     ],
     [
      77.09433,
      28.48159
     ],
     [
      77.09427,
      28.48154
     ],
     [
      77.09419,
      28.48148
     ],
     [
      77.09406,
      28.48141
     ],
     [
      77.09402,
      28.48139
     ],
     [
      77.0939,
      28.48135
     ],
     [
      77.09374,
      28.48133
     ],
     [
      77.09341,
      28.48129
     ],
     [
      77.09313,
      28.48125
     ],
     [
      77.09252,
      28.48111
     ],
     [
      77.09218,
      28.48103
     ],
     [
      77.09154,
      28.4809
     ],
     [
      77.09128,
      28.48086
     ],
     [
      77.09098,
      28.48079
     ],
     [
      77.08991,
      28.48064
     ],
     [
      77.08936,
      28.48055
     ],
     [
      77.089,
      28.48051
     ],
     [
      77.08876,
      28.4805
     ],
     [
      77.08852,
      28.48052
     ],
     [
      77.0876,
      28.48058
     ],
     [
      77.08754,
      28.48058
     ],
     [
      77.08733,
      28.48056
     ],
     [
      77.08657,
      28.48046
     ],
     [
      77.0863,
      28.48042
     ],
     [
      77.08617,
      28.48041
     ],
     [
      77.086,
      28.48038
     ],
     [
      77.08549,
      28.48031
     ],
     [
      77.08532,
      28.48029
     ],
     [
      77.08516,
      28.48026
     ],
     [
      77.0848,
      28.48021
     ],
     [
      77.08404,
      28.48011
     ],
     [
      77.08303,
      28.47997
     ],
     [
      77.08282,
      28.47994
     ],
     [
      77.0823,
      28.47986
     ],
     [
      77.08182,
      28.47977
     ],
     [
      77.08111,
      28.47966
     ],
     [
      77.08058,
      28.47957
     ],
     [
      77.08008,
      28.47949
     ],
     [
      77.07938,
      28.47938
     ],
     [
      77.07924,
      28.47936
     ],
     [
      77.07905,
      28.47933
     ],
     [
      77.07876,
      28.47929
     ],
     [
      77.07823,
      28.47921
     ],
     [
      77.07782,
      28.47913
     ],
     [
      77.07733,
      28.47905
     ],
     [
      77.07708,
      28.47901
     ],
     [
      77.07655,
      28.47892
     ],
     [
      77.07629,
      28.47887
     ],
     [
      77.07606,
      28.47883
     ],
     [
      77.07524,
      28.47869
     ],
     [
      77.07421,
      28.47851
     ],
     [
      77.07374,
      28.47842
     ],
     [
      77.07286,
      28.47825
     ],
     [
      77.0727,
      28.47823
     ],
     [
      77.07225,
      28.47796
     ],
     [
      77.07194,
      28.47777
     ],
     [
      77.07189,
      28.47773
     ],
     [
      77.07184,
      28.47766
     ],
     [
      77.07182,
      28.47762
     ],
     [
      77.07181,
      28.47758
     ],
     [
      77.07178,
      28.47739
     ],
     [
      77.07179,
      28.47728
     ],
     [
      77.07181,
      28.47698
     ],
     [
      77.07187,
      28.47656
     ],
     [
      77.07188,
      28.47649
     ],
     [
      77.0719,
      28.4764
     ],
     [
      77.07202,
      28.47556
     ],
     [
      77.07212,
      28.47495
     ],
     [
      77.07214,
      28.47481
     ],
     [
      77.07227,
      28.4739
     ],
     [
      77.07248,
      28.47256
     ],
     [
      77.07248,
      28.47249
     ],
     [
      77.07264,
      28.47146
     ],
     [
      77.07268,
      28.47126
     ],
     [
      77.07271,
      28.47103
     ],
     [
      77.07273,
      28.47092
     ],
     [
      77.07265,
      28.47091
     ],
     [
      77.07261,
      28.47091
     ],
     [
      77.07259,
      28.47101
     ],
     [
      77.07256,
      28.47125
     ],
     [
      77.07252,
      28.47144
     ],
     [
      77.07239,
      28.47233
     ]
    ]
   }
  },
  {
   "type": "Feature",
   "properties": {
    "corridor_id": 7,
    "name": "Southern Peripheral Road",
    "sub": "Vatika Chowk -> Kherki Daula",
    "road_class": "arterial",
    "length_km": 8.01
   },
   "geometry": {
    "type": "LineString",
    "coordinates": [
     [
      77.04156,
      28.3906
     ],
     [
      77.04156,
      28.39069
     ],
     [
      77.04156,
      28.39072
     ],
     [
      77.04156,
      28.39077
     ],
     [
      77.04155,
      28.39136
     ],
     [
      77.04154,
      28.39184
     ],
     [
      77.04156,
      28.39242
     ],
     [
      77.04155,
      28.39298
     ],
     [
      77.04152,
      28.39337
     ],
     [
      77.04151,
      28.39365
     ],
     [
      77.04152,
      28.39368
     ],
     [
      77.04155,
      28.3937
     ],
     [
      77.04164,
      28.39371
     ],
     [
      77.04168,
      28.39374
     ],
     [
      77.0417,
      28.39379
     ],
     [
      77.0417,
      28.39387
     ],
     [
      77.0417,
      28.39388
     ],
     [
      77.0417,
      28.39396
     ],
     [
      77.0417,
      28.39397
     ],
     [
      77.04186,
      28.39403
     ],
     [
      77.04224,
      28.39419
     ],
     [
      77.04232,
      28.39422
     ],
     [
      77.04241,
      28.39418
     ],
     [
      77.04255,
      28.39417
     ],
     [
      77.04286,
      28.39418
     ],
     [
      77.04296,
      28.39418
     ],
     [
      77.04325,
      28.39421
     ],
     [
      77.04376,
      28.39423
     ],
     [
      77.04451,
      28.39427
     ],
     [
      77.04489,
      28.3943
     ],
     [
      77.04534,
      28.3944
     ],
     [
      77.04554,
      28.39445
     ],
     [
      77.04592,
      28.39452
     ],
     [
      77.04607,
      28.39454
     ],
     [
      77.04646,
      28.39452
     ],
     [
      77.0465,
      28.39452
     ],
     [
      77.04654,
      28.39453
     ],
     [
      77.04644,
      28.39482
     ],
     [
      77.04637,
      28.39509
     ],
     [
      77.04634,
      28.39523
     ],
     [
      77.04624,
      28.39566
     ],
     [
      77.04621,
      28.39581
     ],
     [
      77.0462,
      28.39587
     ],
     [
      77.04617,
      28.39597
     ],
     [
      77.04611,
      28.39625
     ],
     [
      77.04606,
      28.39644
     ],
     [
      77.04598,
      28.39675
     ],
     [
      77.04582,
      28.39735
     ],
     [
      77.04575,
      28.39765
     ],
     [
      77.04564,
      28.39798
     ],
     [
      77.0456,
      28.39814
     ],
     [
      77.04546,
      28.39858
     ],
     [
      77.04545,
      28.39861
     ],
     [
      77.04524,
      28.39939
     ],
     [
      77.04511,
      28.39991
     ],
     [
      77.04508,
      28.40003
     ],
     [
      77.04506,
      28.40008
     ],
     [
      77.04499,
      28.40035
     ],
     [
      77.04488,
      28.40067
     ],
     [
      77.04483,
      28.40077
     ],
     [
      77.04475,
      28.40087
     ],
     [
      77.04471,
      28.40091
     ],
     [
      77.04465,
      28.40098
     ],
     [
      77.04449,
      28.40112
     ],
     [
      77.04407,
      28.40115
     ],
     [
      77.04372,
      28.40117
     ],
     [
      77.04155,
      28.40118
     ],
     [
      77.0407,
      28.4012
     ],
     [
      77.04059,
      28.4012
     ],
     [
      77.0405,
      28.40119
     ],
     [
      77.03988,
      28.40115
     ],
     [
      77.03977,
      28.40114
     ],
     [
      77.03884,
      28.40106
     ],
     [
      77.03818,
      28.40098
     ],
     [
      77.03785,
      28.40094
     ],
     [
      77.03685,
      28.40084
     ],
     [
      77.03617,
      28.40078
     ],
     [
      77.03613,
      28.40078
     ],
     [
      77.03585,
      28.40075
     ],
     [
      77.03479,
      28.40065
     ],
     [
      77.03462,
      28.40064
     ],
     [
      77.03447,
      28.40063
     ],
     [
      77.03405,
      28.40061
     ],
     [
      77.03245,
      28.40047
     ],
     [
      77.03232,
      28.40046
     ],
     [
      77.03162,
      28.40041
     ],
     [
      77.03141,
      28.4004
     ],
     [
      77.03111,
      28.4004
     ],
     [
      77.0308,
      28.4004
     ],
     [
      77.03061,
      28.4004
     ],
     [
      77.0301,
      28.40041
     ],
     [
      77.03005,
      28.40042
     ],
     [
      77.02999,
      28.40042
     ],
     [
      77.02738,
      28.4005
     ],
     [
      77.02709,
      28.4005
     ],
     [
      77.02649,
      28.40054
     ],
     [
      77.0262,
      28.40055
     ],
     [
      77.02585,
      28.40056
     ],
     [
      77.02422,
      28.40058
     ],
     [
      77.02416,
      28.40058
     ],
     [
      77.02384,
      28.40058
     ],
     [
      77.02373,
      28.40059
     ],
     [
      77.02339,
      28.40059
     ],
     [
      77.02323,
      28.40059
     ],
     [
      77.02301,
      28.40059
     ],
     [
      77.02285,
      28.4006
     ],
     [
      77.02265,
      28.4006
     ],
     [
      77.0205,
      28.40062
     ],
     [
      77.02027,
      28.40062
     ],
     [
      77.01889,
      28.40064
     ],
     [
      77.01873,
      28.40064
     ],
     [
      77.01725,
      28.40067
     ],
     [
      77.01686,
      28.40067
     ],
     [
      77.01638,
      28.40068
     ],
     [
      77.01617,
      28.40069
     ],
     [
      77.01597,
      28.40069
     ],
     [
      77.01582,
      28.40069
     ],
     [
      77.01541,
      28.4007
     ],
     [
      77.01474,
      28.40073
     ],
     [
      77.01416,
      28.40074
     ],
     [
      77.01331,
      28.40077
     ],
     [
      77.01281,
      28.40078
     ],
     [
      77.01252,
      28.40078
     ],
     [
      77.01193,
      28.40079
     ],
     [
      77.01121,
      28.4008
     ],
     [
      77.0109,
      28.40081
     ],
     [
      77.01026,
      28.40082
     ],
     [
      77.00995,
      28.40083
     ],
     [
      77.00961,
      28.40083
     ],
     [
      77.00937,
      28.40083
     ],
     [
      77.00917,
      28.40083
     ],
     [
      77.00903,
      28.40085
     ],
     [
      77.00799,
      28.40097
     ],
     [
      77.00696,
      28.40106
     ],
     [
      77.00671,
      28.40109
     ],
     [
      77.00654,
      28.40112
     ],
     [
      77.00578,
      28.40122
     ],
     [
      77.00574,
      28.40123
     ],
     [
      77.00471,
      28.40136
     ],
     [
      77.00461,
      28.40137
     ],
     [
      77.00448,
      28.40139
     ],
     [
      77.00421,
      28.40143
     ],
     [
      77.00415,
      28.40144
     ],
     [
      77.00349,
      28.40154
     ],
     [
      77.00307,
      28.40162
     ],
     [
      77.0025,
      28.40172
     ],
     [
      77.00162,
      28.4019
     ],
     [
      77.00121,
      28.40207
     ],
     [
      77.0005,
      28.40222
     ],
     [
      76.99882,
      28.40262
     ],
     [
      76.99774,
      28.40291
     ],
     [
      76.99649,
      28.40326
     ],
     [
      76.99623,
      28.40335
     ],
     [
      76.99595,
      28.40345
     ],
     [
      76.99545,
      28.40362
     ],
     [
      76.99515,
      28.40372
     ],
     [
      76.99496,
      28.40379
     ],
     [
      76.9948,
      28.40386
     ],
     [
      76.99456,
      28.40396
     ],
     [
      76.99374,
      28.40431
     ],
     [
      76.99344,
      28.40443
     ],
     [
      76.99238,
      28.40489
     ],
     [
      76.99219,
      28.40496
     ],
     [
      76.99138,
      28.40529
     ],
     [
      76.99089,
      28.40548
     ],
     [
      76.99038,
      28.40569
     ],
     [
      76.99033,
      28.40571
     ],
     [
      76.99028,
      28.40573
     ],
     [
      76.99017,
      28.40578
     ],
     [
      76.99006,
      28.40582
     ],
     [
      76.98974,
      28.40596
     ],
     [
      76.98866,
      28.40641
     ],
     [
      76.9885,
      28.40647
     ],
     [
      76.98801,
      28.40667
     ],
     [
      76.98776,
      28.40678
     ],
     [
      76.98757,
      28.40686
     ],
     [
      76.9872,
      28.40701
     ],
     [
      76.98708,
      28.40705
     ],
     [
      76.98644,
      28.40739
     ],
     [
      76.98602,
      28.4076
     ],
     [
      76.98575,
      28.40779
     ],
     [
      76.98565,
      28.40785
     ],
     [
      76.98423,
      28.40898
     ],
     [
      76.98368,
      28.40944
     ],
     [
      76.9833,
      28.40955
     ],
     [
      76.9832,
      28.40924
     ],
     [
      76.98319,
      28.4092
     ],
     [
      76.98313,
      28.40907
     ],
     [
      76.98303,
      28.40882
     ],
     [
      76.98278,
      28.40838
     ],
     [
      76.98267,
      28.40819
     ]
    ]
   }
  },
  {
   "type": "Feature",
   "properties": {
    "corridor_id": 8,
    "name": "KMP Expressway (Western Peripheral Expressway)",
    "sub": "Sidhrawali -> Pataudi Chowk",
    "road_class": "expressway",
    "length_km": 13.59
   },
   "geometry": {
    "type": "LineString",
    "coordinates": [
     [
      76.83235,
      28.26347
     ],
     [
      76.83211,
      28.26365
     ],
     [
      76.83166,
      28.264
     ],
     [
      76.83162,
      28.26402
     ],
     [
      76.83156,
      28.26404
     ],
     [
      76.83153,
      28.26404
     ],
     [
      76.83126,
      28.26405
     ],
     [
      76.83108,
      28.26406
     ],
     [
      76.83033,
      28.26408
     ],
     [
      76.83057,
      28.26467
     ],
     [
      76.83069,
      28.2649
     ],
     [
      76.8308,
      28.26519
     ],
     [
      76.83095,
      28.26552
     ],
     [
      76.83105,
      28.26581
     ],
     [
      76.83115,
      28.26604
     ],
     [
      76.83122,
      28.26618
     ],
     [
      76.83148,
      28.26668
     ],
     [
      76.83132,
      28.26674
     ],
     [
      76.83122,
      28.26678
     ],
     [
      76.83127,
      28.26689
     ],
     [
      76.83143,
      28.26726
     ],
     [
      76.83154,
      28.26745
     ],
     [
      76.83163,
      28.26763
     ],
     [
      76.83205,
      28.26845
     ],
     [
      76.83226,
      28.2688
     ],
     [
      76.8324,
      28.26894
     ],
     [
      76.83294,
      28.26946
     ],
     [
      76.8333,
      28.26971
     ],
     [
      76.83338,
      28.26975
     ],
     [
      76.83354,
      28.26984
     ],
     [
      76.83535,
      28.27086
     ],
     [
      76.83629,
      28.27139
     ],
     [
      76.83634,
      28.27142
     ],
     [
      76.83649,
      28.2715
     ],
     [
      76.83695,
      28.27176
     ],
     [
      76.83773,
      28.27222
     ],
     [
      76.83838,
      28.27259
     ],
     [
      76.83874,
      28.27281
     ],
     [
      76.83902,
      28.27296
     ],
     [
      76.83955,
      28.27327
     ],
     [
      76.83976,
      28.27339
     ],
     [
      76.84005,
      28.27355
     ],
     [
      76.8402,
      28.27363
     ],
     [
      76.84117,
      28.2742
     ],
     [
      76.8431,
      28.27533
     ],
     [
      76.84358,
      28.27561
     ],
     [
      76.84434,
      28.27608
     ],
     [
      76.8448,
      28.27635
     ],
     [
      76.8461,
      28.27711
     ],
     [
      76.84692,
      28.27758
     ],
     [
      76.84867,
      28.27859
     ],
     [
      76.84905,
      28.27881
     ],
     [
      76.85025,
      28.27949
     ],
     [
      76.85086,
      28.27984
     ],
     [
      76.85141,
      28.28016
     ],
     [
      76.85164,
      28.28029
     ],
     [
      76.85263,
      28.28089
     ],
     [
      76.85322,
      28.28125
     ],
     [
      76.85344,
      28.28143
     ],
     [
      76.85359,
      28.28158
     ],
     [
      76.85378,
      28.28179
     ],
     [
      76.85452,
      28.28256
     ],
     [
      76.85593,
      28.28405
     ],
     [
      76.85597,
      28.28409
     ],
     [
      76.85616,
      28.28429
     ],
     [
      76.8564,
      28.2846
     ],
     [
      76.8569,
      28.2852
     ],
     [
      76.85675,
      28.2853
     ],
     [
      76.85731,
      28.28603
     ],
     [
      76.85777,
      28.28651
     ],
     [
      76.85827,
      28.28693
     ],
     [
      76.85869,
      28.28736
     ],
     [
      76.85873,
      28.28741
     ],
     [
      76.85884,
      28.28755
     ],
     [
      76.85909,
      28.2878
     ],
     [
      76.85954,
      28.28831
     ],
     [
      76.85997,
      28.28872
     ],
     [
      76.8599,
      28.28875
     ],
     [
      76.85984,
      28.28874
     ],
     [
      76.85934,
      28.28896
     ],
     [
      76.85824,
      28.28944
     ],
     [
      76.85737,
      28.28979
     ],
     [
      76.8573,
      28.28985
     ],
     [
      76.85699,
      28.28999
     ],
     [
      76.85562,
      28.29058
     ],
     [
      76.85442,
      28.29111
     ],
     [
      76.85419,
      28.2912
     ],
     [
      76.85349,
      28.29146
     ],
     [
      76.8528,
      28.29178
     ],
     [
      76.85217,
      28.29204
     ],
     [
      76.85113,
      28.29249
     ],
     [
      76.85024,
      28.29287
     ],
     [
      76.84883,
      28.29348
     ],
     [
      76.84872,
      28.29353
     ],
     [
      76.84679,
      28.29437
     ],
     [
      76.84416,
      28.29549
     ],
     [
      76.84357,
      28.29575
     ],
     [
      76.84302,
      28.296
     ],
     [
      76.84269,
      28.29614
     ],
     [
      76.84237,
      28.29627
     ],
     [
      76.84223,
      28.29633
     ],
     [
      76.84214,
      28.29632
     ],
     [
      76.84199,
      28.29638
     ],
     [
      76.83998,
      28.29725
     ],
     [
      76.83971,
      28.29737
     ],
     [
      76.83916,
      28.29761
     ],
     [
      76.83864,
      28.29785
     ],
     [
      76.83838,
      28.29796
     ],
     [
      76.83835,
      28.29798
     ],
     [
      76.83804,
      28.2981
     ],
     [
      76.83742,
      28.29838
     ],
     [
      76.83686,
      28.29864
     ],
     [
      76.83649,
      28.2988
     ],
     [
      76.83621,
      28.29893
     ],
     [
      76.83578,
      28.29912
     ],
     [
      76.83568,
      28.29916
     ],
     [
      76.83528,
      28.29933
     ],
     [
      76.83487,
      28.29948
     ],
     [
      76.83437,
      28.29963
     ],
     [
      76.83378,
      28.29979
     ],
     [
      76.83326,
      28.29993
     ],
     [
      76.83263,
      28.30011
     ],
     [
      76.83209,
      28.30041
     ],
     [
      76.83198,
      28.30047
     ],
     [
      76.8319,
      28.30051
     ],
     [
      76.83149,
      28.30078
     ],
     [
      76.83145,
      28.30081
     ],
     [
      76.83097,
      28.30112
     ],
     [
      76.83045,
      28.30146
     ],
     [
      76.83043,
      28.30152
     ],
     [
      76.82972,
      28.30197
     ],
     [
      76.82902,
      28.30242
     ],
     [
      76.82878,
      28.30257
     ],
     [
      76.82678,
      28.30388
     ],
     [
      76.82649,
      28.30408
     ],
     [
      76.82616,
      28.30429
     ],
     [
      76.82438,
      28.30545
     ],
     [
      76.82413,
      28.30562
     ],
     [
      76.82142,
      28.3074
     ],
     [
      76.82099,
      28.30768
     ],
     [
      76.82037,
      28.3081
     ],
     [
      76.81998,
      28.30836
     ],
     [
      76.81918,
      28.30887
     ],
     [
      76.81873,
      28.30913
     ],
     [
      76.8185,
      28.30924
     ],
     [
      76.81795,
      28.30953
     ],
     [
      76.81641,
      28.31028
     ],
     [
      76.8157,
      28.31062
     ],
     [
      76.81548,
      28.31073
     ],
     [
      76.81536,
      28.31079
     ],
     [
      76.8148,
      28.31106
     ],
     [
      76.81444,
      28.31123
     ],
     [
      76.81438,
      28.31126
     ],
     [
      76.81353,
      28.31167
     ],
     [
      76.81294,
      28.31195
     ],
     [
      76.8125,
      28.31215
     ],
     [
      76.81205,
      28.31236
     ],
     [
      76.8113,
      28.31272
     ],
     [
      76.81075,
      28.31299
     ],
     [
      76.80993,
      28.31338
     ],
     [
      76.80949,
      28.31359
     ],
     [
      76.80943,
      28.31361
     ],
     [
      76.8089,
      28.31386
     ],
     [
      76.80874,
      28.31393
     ],
     [
      76.80827,
      28.31415
     ],
     [
      76.80783,
      28.31436
     ],
     [
      76.80736,
      28.31459
     ],
     [
      76.8067,
      28.3149
     ],
     [
      76.80543,
      28.31549
     ],
     [
      76.80445,
      28.31597
     ],
     [
      76.80408,
      28.31613
     ],
     [
      76.80187,
      28.31719
     ],
     [
      76.80115,
      28.31752
     ],
     [
      76.80059,
      28.31778
     ],
     [
      76.79955,
      28.31825
     ],
     [
      76.79907,
      28.31847
     ],
     [
      76.79785,
      28.31904
     ],
     [
      76.79707,
      28.3194
     ],
     [
      76.79517,
      28.3203
     ],
     [
      76.79509,
      28.32034
     ],
     [
      76.79498,
      28.32039
     ],
     [
      76.79491,
      28.32042
     ],
     [
      76.79465,
      28.32054
     ],
     [
      76.79443,
      28.32064
     ],
     [
      76.79349,
      28.32107
     ],
     [
      76.79305,
      28.32127
     ],
     [
      76.79244,
      28.32155
     ],
     [
      76.79201,
      28.32175
     ],
     [
      76.7917,
      28.32188
     ],
     [
      76.79078,
      28.32224
     ],
     [
      76.79016,
      28.32247
     ],
     [
      76.78933,
      28.32275
     ],
     [
      76.78925,
      28.32278
     ],
     [
      76.788,
      28.32321
     ],
     [
      76.78762,
      28.32334
     ],
     [
      76.78708,
      28.32352
     ],
     [
      76.787,
      28.32355
     ],
     [
      76.78636,
      28.32378
     ],
     [
      76.78552,
      28.32407
     ],
     [
      76.78513,
      28.32419
     ],
     [
      76.78506,
      28.32417
     ],
     [
      76.7847,
      28.32429
     ],
     [
      76.78442,
      28.32439
     ],
     [
      76.78382,
      28.32459
     ],
     [
      76.78377,
      28.32461
     ],
     [
      76.78339,
      28.32477
     ],
     [
      76.7827,
      28.32505
     ],
     [
      76.78197,
      28.32539
     ],
     [
      76.78143,
      28.3257
     ],
     [
      76.78095,
      28.326
     ],
     [
      76.78085,
      28.32606
     ],
     [
      76.78073,
      28.32613
     ],
     [
      76.7797,
      28.32679
     ],
     [
      76.77966,
      28.32682
     ],
     [
      76.77879,
      28.32737
     ],
     [
      76.77861,
      28.32749
     ],
     [
      76.77823,
      28.32775
     ],
     [
      76.77821,
      28.32781
     ],
     [
      76.77792,
      28.32802
     ],
     [
      76.77771,
      28.32822
     ]
    ]
   }
  },
  {
   "type": "Feature",
   "properties": {
    "corridor_id": 9,
    "name": "Delhi-Mumbai Expressway",
    "sub": "Sohna Interchange -> Nuh",
    "road_class": "expressway",
    "length_km": 33.65
   },
   "geometry": {
    "type": "LineString",
    "coordinates": [
     [
      77.10909,
      28.25651
     ],
     [
      77.10915,
      28.25684
     ],
     [
      77.10933,
      28.25786
     ],
     [
      77.10975,
      28.26001
     ],
     [
      77.11052,
      28.26415
     ],
     [
      77.11074,
      28.2654
     ],
     [
      77.11145,
      28.26924
     ],
     [
      77.11196,
      28.27201
     ],
     [
      77.11203,
      28.27244
     ],
     [
      77.11208,
      28.27296
     ],
     [
      77.11209,
      28.27333
     ],
     [
      77.11208,
      28.27362
     ],
     [
      77.11202,
      28.27404
     ],
     [
      77.11195,
      28.27454
     ],
     [
      77.1118,
      28.27518
     ],
     [
      77.11166,
      28.2757
     ],
     [
      77.11149,
      28.27618
     ],
     [
      77.11139,
      28.27642
     ],
     [
      77.11134,
      28.27654
     ],
     [
      77.11116,
      28.27686
     ],
     [
      77.11103,
      28.27708
     ],
     [
      77.1098,
      28.27881
     ],
     [
      77.10937,
      28.27942
     ],
     [
      77.1092,
      28.27966
     ],
     [
      77.10836,
      28.28079
     ],
     [
      77.10797,
      28.28132
     ],
     [
      77.10707,
      28.28254
     ],
     [
      77.10349,
      28.28742
     ],
     [
      77.10205,
      28.28939
     ],
     [
      77.10045,
      28.29158
     ],
     [
      77.09969,
      28.29258
     ],
     [
      77.09931,
      28.29304
     ],
     [
      77.09905,
      28.29334
     ],
     [
      77.09879,
      28.29358
     ],
     [
      77.0985,
      28.29382
     ],
     [
      77.09807,
      28.29412
     ],
     [
      77.09754,
      28.29443
     ],
     [
      77.09716,
      28.29463
     ],
     [
      77.09683,
      28.29478
     ],
     [
      77.09642,
      28.29494
     ],
     [
      77.09598,
      28.29509
     ],
     [
      77.09557,
      28.29521
     ],
     [
      77.09502,
      28.29534
     ],
     [
      77.09452,
      28.29544
     ],
     [
      77.09378,
      28.29554
     ],
     [
      77.09158,
      28.29584
     ],
     [
      77.08944,
      28.29615
     ],
     [
      77.08344,
      28.29694
     ],
     [
      77.08288,
      28.29702
     ],
     [
      77.08008,
      28.29741
     ],
     [
      77.07533,
      28.29806
     ],
     [
      77.07425,
      28.29821
     ],
     [
      77.07175,
      28.29853
     ],
     [
      77.06842,
      28.29901
     ],
     [
      77.0681,
      28.29897
     ],
     [
      77.0677,
      28.29893
     ],
     [
      77.06751,
      28.2989
     ],
     [
      77.06736,
      28.29884
     ],
     [
      77.06722,
      28.29876
     ],
     [
      77.06709,
      28.29867
     ],
     [
      77.06699,
      28.29857
     ],
     [
      77.06697,
      28.29855
     ],
     [
      77.06689,
      28.29843
     ],
     [
      77.06683,
      28.29833
     ],
     [
      77.06677,
      28.29819
     ],
     [
      77.06673,
      28.2979
     ],
     [
      77.06666,
      28.29643
     ],
     [
      77.06666,
      28.29621
     ],
     [
      77.06664,
      28.29594
     ],
     [
      77.06662,
      28.29544
     ],
     [
      77.06661,
      28.29528
     ],
     [
      77.06657,
      28.29513
     ],
     [
      77.0665,
      28.2949
     ],
     [
      77.06648,
      28.29445
     ],
     [
      77.06648,
      28.29428
     ],
     [
      77.06648,
      28.29414
     ],
     [
      77.06647,
      28.29371
     ],
     [
      77.06647,
      28.29365
     ],
     [
      77.06645,
      28.29276
     ],
     [
      77.0664,
      28.29172
     ],
     [
      77.06638,
      28.29031
     ],
     [
      77.06638,
      28.29014
     ],
     [
      77.06637,
      28.29
     ],
     [
      77.06636,
      28.28942
     ],
     [
      77.06636,
      28.28922
     ],
     [
      77.06633,
      28.28838
     ],
     [
      77.06633,
      28.28743
     ],
     [
      77.06637,
      28.28641
     ],
     [
      77.06642,
      28.28548
     ],
     [
      77.06649,
      28.28315
     ],
     [
      77.06656,
      28.2812
     ],
     [
      77.06657,
      28.28038
     ],
     [
      77.06661,
      28.27908
     ],
     [
      77.06662,
      28.27899
     ],
     [
      77.06662,
      28.27881
     ],
     [
      77.06665,
      28.27814
     ],
     [
      77.06666,
      28.27791
     ],
     [
      77.0668,
      28.27459
     ],
     [
      77.06681,
      28.27448
     ],
     [
      77.06681,
      28.27438
     ],
     [
      77.06684,
      28.27389
     ],
     [
      77.06687,
      28.27337
     ],
     [
      77.06693,
      28.27143
     ],
     [
      77.067,
      28.26944
     ],
     [
      77.06701,
      28.26911
     ],
     [
      77.06702,
      28.26887
     ],
     [
      77.06705,
      28.26785
     ],
     [
      77.06709,
      28.26695
     ],
     [
      77.0671,
      28.26641
     ],
     [
      77.06711,
      28.2662
     ],
     [
      77.06712,
      28.26547
     ],
     [
      77.06713,
      28.26536
     ],
     [
      77.06716,
      28.26446
     ],
     [
      77.06723,
      28.26268
     ],
     [
      77.06725,
      28.26215
     ],
     [
      77.06727,
      28.26153
     ],
     [
      77.06731,
      28.26056
     ],
     [
      77.06732,
      28.26033
     ],
     [
      77.06738,
      28.25996
     ],
     [
      77.06747,
      28.25952
     ],
     [
      77.06766,
      28.25877
     ],
     [
      77.06779,
      28.2583
     ],
     [
      77.06784,
      28.25809
     ],
     [
      77.06785,
      28.25805
     ],
     [
      77.06806,
      28.25732
     ],
     [
      77.06819,
      28.25684
     ],
     [
      77.06835,
      28.25629
     ],
     [
      77.06842,
      28.25601
     ],
     [
      77.06846,
      28.25591
     ],
     [
      77.06855,
      28.25556
     ],
     [
      77.06861,
      28.25536
     ],
     [
      77.06869,
      28.25507
     ],
     [
      77.0689,
      28.2543
     ],
     [
      77.06909,
      28.25357
     ],
     [
      77.06923,
      28.25305
     ],
     [
      77.06937,
      28.25245
     ],
     [
      77.06959,
      28.25154
     ],
     [
      77.06963,
      28.2514
     ],
     [
      77.06964,
      28.25135
     ],
     [
      77.06966,
      28.25124
     ],
     [
      77.06971,
      28.25103
     ],
     [
      77.06973,
      28.25098
     ],
     [
      77.06978,
      28.25077
     ],
     [
      77.0698,
      28.25072
     ],
     [
      77.06994,
      28.25034
     ],
     [
      77.07025,
      28.24981
     ],
     [
      77.07029,
      28.24978
     ],
     [
      77.07054,
      28.24945
     ],
     [
      77.07057,
      28.24941
     ],
     [
      77.0708,
      28.24912
     ],
     [
      77.07096,
      28.24892
     ],
     [
      77.07123,
      28.24858
     ],
     [
      77.07158,
      28.24815
     ],
     [
      77.07204,
      28.24754
     ],
     [
      77.07221,
      28.24723
     ],
     [
      77.07222,
      28.24721
     ],
     [
      77.07236,
      28.24688
     ],
     [
      77.07241,
      28.24669
     ],
     [
      77.07244,
      28.2466
     ],
     [
      77.0725,
      28.24624
     ],
     [
      77.0725,
      28.24599
     ],
     [
      77.0725,
      28.24589
     ],
     [
      77.07249,
      28.24575
     ],
     [
      77.07244,
      28.24544
     ],
     [
      77.07237,
      28.24504
     ],
     [
      77.07231,
      28.24478
     ],
     [
      77.07217,
      28.24447
     ],
     [
      77.07192,
      28.2439
     ],
     [
      77.07178,
      28.24359
     ],
     [
      77.0717,
      28.2434
     ],
     [
      77.07153,
      28.243
     ],
     [
      77.07128,
      28.2424
     ],
     [
      77.07125,
      28.24224
     ],
     [
      77.07118,
      28.24209
     ],
     [
      77.07114,
      28.24201
     ],
     [
      77.07109,
      28.2419
     ],
     [
      77.07102,
      28.24174
     ],
     [
      77.07089,
      28.24146
     ],
     [
      77.07012,
      28.23966
     ],
     [
      77.07006,
      28.23951
     ],
     [
      77.06985,
      28.23902
     ],
     [
      77.06959,
      28.23837
     ],
     [
      77.069,
      28.23696
     ],
     [
      77.06891,
      28.23675
     ],
     [
      77.06882,
      28.23653
     ],
     [
      77.06813,
      28.23486
     ],
     [
      77.06805,
      28.23468
     ],
     [
      77.0679,
      28.23431
     ],
     [
      77.06759,
      28.23354
     ],
     [
      77.06755,
      28.23345
     ],
     [
      77.06752,
      28.23336
     ],
     [
      77.06744,
      28.23318
     ],
     [
      77.06728,
      28.23277
     ],
     [
      77.06706,
      28.23224
     ],
     [
      77.06705,
      28.23222
     ],
     [
      77.06681,
      28.23162
     ],
     [
      77.06664,
      28.23126
     ],
     [
      77.06644,
      28.23075
     ],
     [
      77.06628,
      28.23037
     ],
     [
      77.06607,
      28.22989
     ],
     [
      77.06586,
      28.22939
     ],
     [
      77.06581,
      28.22929
     ],
     [
      77.06571,
      28.22905
     ],
     [
      77.06547,
      28.22849
     ],
     [
      77.06542,
      28.22836
     ],
     [
      77.06537,
      28.22824
     ],
     [
      77.06535,
      28.2282
     ],
     [
      77.06508,
      28.22755
     ],
     [
      77.06497,
      28.22731
     ],
     [
      77.06486,
      28.2271
     ],
     [
      77.06476,
      28.22688
     ],
     [
      77.06441,
      28.22639
     ],
     [
      77.06419,
      28.22604
     ],
     [
      77.06393,
      28.22566
     ],
     [
      77.06386,
      28.22555
     ],
     [
      77.06383,
      28.2255
     ],
     [
      77.06354,
      28.22492
     ],
     [
      77.06345,
      28.22471
     ],
     [
      77.06336,
      28.2245
     ],
     [
      77.0632,
      28.22415
     ],
     [
      77.06319,
      28.2241
     ],
     [
      77.06298,
      28.22364
     ],
     [
      77.0629,
      28.22346
     ],
     [
      77.06271,
      28.22302
     ],
     [
      77.06267,
      28.22297
     ],
     [
      77.06249,
      28.22255
     ],
     [
      77.06225,
      28.22202
     ],
     [
      77.06202,
      28.22144
     ],
     [
      77.06185,
      28.22108
     ],
     [
      77.06112,
      28.21942
     ],
     [
      77.06061,
      28.21832
     ],
     [
      77.06054,
      28.21813
     ],
     [
      77.06052,
      28.21807
     ],
     [
      77.06051,
      28.21803
     ],
     [
      77.06052,
      28.21798
     ],
     [
      77.06083,
      28.21726
     ],
     [
      77.0611,
      28.21658
     ],
     [
      77.06211,
      28.21361
     ],
     [
      77.06225,
      28.21319
     ],
     [
      77.06234,
      28.21289
     ],
     [
      77.06239,
      28.21274
     ],
     [
      77.06281,
      28.2114
     ],
     [
      77.06323,
      28.2102
     ],
     [
      77.06371,
      28.2088
     ],
     [
      77.06402,
      28.20789
     ],
     [
      77.06404,
      28.20785
     ],
     [
      77.06406,
      28.20779
     ],
     [
      77.06407,
      28.20774
     ],
     [
      77.06411,
      28.20762
     ],
     [
      77.06414,
      28.20755
     ],
     [
      77.06461,
      28.2061
     ],
     [
      77.06495,
      28.20509
     ],
     [
      77.06497,
      28.20503
     ],
     [
      77.06506,
      28.20474
     ],
     [
      77.06519,
      28.20438
     ],
     [
      77.06523,
      28.20426
     ],
     [
      77.06553,
      28.2034
     ],
     [
      77.06555,
      28.20334
     ],
     [
      77.06557,
      28.20329
     ],
     [
      77.0662,
      28.20136
     ],
     [
      77.06628,
      28.20112
     ],
     [
      77.06654,
      28.20034
     ],
     [
      77.067,
      28.19892
     ],
     [
      77.0671,
      28.19861
     ],
     [
      77.06729,
      28.19803
     ],
     [
      77.06756,
      28.19721
     ],
     [
      77.06766,
      28.19703
     ],
     [
      77.06788,
      28.19664
     ],
     [
      77.06793,
      28.19655
     ],
     [
      77.06794,
      28.19653
     ],
     [
      77.06819,
      28.19619
     ],
     [
      77.06864,
      28.19554
     ],
     [
      77.06897,
      28.19508
     ],
     [
      77.07007,
      28.19352
     ],
     [
      77.07058,
      28.19279
     ],
     [
      77.07068,
      28.19265
     ],
     [
      77.07182,
      28.19102
     ],
     [
      77.0719,
      28.19092
     ],
     [
      77.0726,
      28.18994
     ],
     [
      77.07279,
      28.18964
     ],
     [
      77.07284,
      28.18956
     ],
     [
      77.07299,
      28.18927
     ],
     [
      77.07308,
      28.18903
     ],
     [
      77.07316,
      28.18875
     ],
     [
      77.07321,
      28.18829
     ],
     [
      77.07318,
      28.18788
     ],
     [
      77.07317,
      28.18773
     ],
     [
      77.07308,
      28.18701
     ],
     [
      77.07253,
      28.18328
     ],
     [
      77.07233,
      28.18203
     ],
     [
      77.0723,
      28.18184
     ],
     [
      77.07229,
      28.1818
     ],
     [
      77.07215,
      28.18126
     ],
     [
      77.07207,
      28.18101
     ],
     [
      77.0718,
      28.18041
     ],
     [
      77.07155,
      28.17988
     ],
     [
      77.07149,
      28.17974
     ],
     [
      77.07133,
      28.1794
     ],
     [
      77.07125,
      28.17922
     ],
     [
      77.07109,
      28.17886
     ],
     [
      77.07102,
      28.17868
     ],
     [
      77.07074,
      28.17799
     ],
     [
      77.07068,
      28.17779
     ],
     [
      77.07062,
      28.17752
     ],
     [
      77.07058,
      28.17706
     ],
     [
      77.07054,
      28.17625
     ],
     [
      77.07051,
      28.17572
     ],
     [
      77.07052,
      28.17516
     ],
     [
      77.07052,
      28.17507
     ],
     [
      77.07052,
      28.17485
     ],
     [
      77.07053,
      28.1744
     ],
     [
      77.07057,
      28.174
     ],
     [
      77.07062,
      28.17362
     ],
     [
      77.07069,
      28.17332
     ],
     [
      77.07073,
      28.17309
     ],
     [
      77.07081,
      28.17273
     ],
     [
      77.07089,
      28.17237
     ],
     [
      77.07095,
      28.17206
     ],
     [
      77.07102,
      28.17168
     ],
     [
      77.07104,
      28.17124
     ],
     [
      77.07122,
      28.17022
     ],
     [
      77.07126,
      28.1698
     ],
     [
      77.07127,
      28.16953
     ],
     [
      77.07124,
      28.16915
     ],
     [
      77.07121,
      28.16895
     ],
     [
      77.07114,
      28.1684
     ],
     [
      77.07103,
      28.1671
     ],
     [
      77.07064,
      28.16369
     ],
     [
      77.07058,
      28.1631
     ],
     [
      77.07048,
      28.16227
     ],
     [
      77.07046,
      28.1621
     ],
     [
      77.07037,
      28.1615
     ],
     [
      77.07013,
      28.15958
     ],
     [
      77.0699,
      28.15737
     ],
     [
      77.06986,
      28.15704
     ],
     [
      77.06985,
      28.15662
     ],
     [
      77.06977,
      28.15472
     ],
     [
      77.06976,
      28.15453
     ],
     [
      77.06966,
      28.15273
     ],
     [
      77.06957,
      28.15164
     ],
     [
      77.0693,
      28.14907
     ],
     [
      77.06929,
      28.14895
     ],
     [
      77.06913,
      28.14746
     ],
     [
      77.06907,
      28.14697
     ],
     [
      77.06901,
      28.1465
     ],
     [
      77.06872,
      28.1439
     ],
     [
      77.06869,
      28.14359
     ],
     [
      77.06841,
      28.1414
     ],
     [
      77.06806,
      28.1396
     ],
     [
      77.06796,
      28.13914
     ],
     [
      77.06783,
      28.13847
     ],
     [
      77.06772,
      28.1379
     ],
     [
      77.06768,
      28.13769
     ],
     [
      77.06762,
      28.13737
     ],
     [
      77.06757,
      28.13713
     ],
     [
      77.06746,
      28.13657
     ],
     [
      77.06737,
      28.13633
     ],
     [
      77.06729,
      28.1362
     ],
     [
      77.06726,
      28.13615
     ],
     [
      77.06708,
      28.13593
     ],
     [
      77.06683,
      28.13565
     ],
     [
      77.06662,
      28.13542
     ],
     [
      77.06637,
      28.13508
     ],
     [
      77.06629,
      28.13495
     ],
     [
      77.06627,
      28.13492
     ],
     [
      77.06614,
      28.13465
     ],
     [
      77.06609,
      28.13451
     ],
     [
      77.06599,
      28.13424
     ],
     [
      77.06588,
      28.13393
     ],
     [
      77.06576,
      28.13345
     ],
     [
      77.06573,
      28.13325
     ],
     [
      77.06573,
      28.13318
     ],
     [
      77.06571,
      28.13294
     ],
     [
      77.06572,
      28.13251
     ],
     [
      77.06572,
      28.13238
     ],
     [
      77.06572,
      28.13188
     ],
     [
      77.06571,
      28.13154
     ],
     [
      77.06571,
      28.13119
     ],
     [
      77.06569,
      28.13083
     ],
     [
      77.06566,
      28.13062
     ],
     [
      77.06561,
      28.13047
     ],
     [
      77.06552,
      28.13032
     ],
     [
      77.06543,
      28.13022
     ],
     [
      77.06539,
      28.13016
     ],
     [
      77.06518,
      28.12997
     ],
     [
      77.06446,
      28.12945
     ],
     [
      77.06307,
      28.12843
     ],
     [
      77.06294,
      28.12835
     ],
     [
      77.06264,
      28.12817
     ],
     [
      77.06238,
      28.12803
     ],
     [
      77.06146,
      28.12763
     ],
     [
      77.0601,
      28.12708
     ],
     [
      77.05976,
      28.12696
     ],
     [
      77.05943,
      28.12688
     ],
     [
      77.05883,
      28.12679
     ],
     [
      77.05835,
      28.12675
     ],
     [
      77.0583,
      28.12675
     ],
     [
      77.05824,
      28.12674
     ],
     [
      77.05811,
      28.12673
     ],
     [
      77.05808,
      28.12673
     ],
     [
      77.05785,
      28.12671
     ],
     [
      77.05711,
      28.12664
     ],
     [
      77.0571,
      28.12664
     ],
     [
      77.05698,
      28.1266
     ],
     [
      77.05667,
      28.12652
     ],
     [
      77.05649,
      28.12645
     ],
     [
      77.05516,
      28.12584
     ],
     [
      77.05442,
      28.12543
     ],
     [
      77.05422,
      28.12529
     ],
     [
      77.05384,
      28.125
     ],
     [
      77.05341,
      28.12466
     ],
     [
      77.05297,
      28.12432
     ],
     [
      77.05156,
      28.12341
     ],
     [
      77.05109,
      28.12312
     ],
     [
      77.05077,
      28.12294
     ],
     [
      77.05043,
      28.12278
     ],
     [
      77.04997,
      28.12259
     ],
     [
      77.04815,
      28.12194
     ],
     [
      77.04689,
      28.12147
     ],
     [
      77.04673,
      28.12142
     ],
     [
      77.04641,
      28.12131
     ],
     [
      77.04588,
      28.12117
     ],
     [
      77.04536,
      28.12104
     ],
     [
      77.04494,
      28.12097
     ],
     [
      77.0446,
      28.12093
     ],
     [
      77.04436,
      28.12091
     ],
     [
      77.04396,
      28.12091
     ],
     [
      77.04346,
      28.12092
     ],
     [
      77.04245,
      28.12097
     ],
     [
      77.042,
      28.12097
     ],
     [
      77.04121,
      28.12091
     ],
     [
      77.04048,
      28.12082
     ],
     [
      77.04,
      28.12076
     ],
     [
      77.03966,
      28.1207
     ],
     [
      77.0388,
      28.12048
     ],
     [
      77.03854,
      28.12039
     ],
     [
      77.03781,
      28.12011
     ],
     [
      77.03743,
      28.11992
     ],
     [
      77.03717,
      28.11979
     ],
     [
      77.03656,
      28.1195
     ],
     [
      77.03613,
      28.11932
     ],
     [
      77.03601,
      28.11927
     ],
     [
      77.03536,
      28.11902
     ],
     [
      77.03454,
      28.11869
     ],
     [
      77.03403,
      28.11849
     ],
     [
      77.03376,
      28.11839
     ],
     [
      77.03347,
      28.1183
     ],
     [
      77.03334,
      28.11826
     ],
     [
      77.03305,
      28.1182
     ],
     [
      77.03229,
      28.11808
     ],
     [
      77.03188,
      28.118
     ],
     [
      77.03169,
      28.11795
     ],
     [
      77.03132,
      28.11783
     ],
     [
      77.03125,
      28.1178
     ],
     [
      77.03095,
      28.11768
     ],
     [
      77.03061,
      28.11753
     ],
     [
      77.03023,
      28.11734
     ],
     [
      77.02999,
      28.11721
     ],
     [
      77.02831,
      28.11634
     ],
     [
      77.02809,
      28.11621
     ],
     [
      77.02771,
      28.11596
     ],
     [
      77.02745,
      28.11571
     ],
     [
      77.0273,
      28.11555
     ],
     [
      77.02692,
      28.11506
     ],
     [
      77.02681,
      28.11492
     ],
     [
      77.02636,
      28.11439
     ],
     [
      77.02624,
      28.11426
     ],
     [
      77.02555,
      28.11362
     ],
     [
      77.02491,
      28.11302
     ],
     [
      77.02465,
      28.1128
     ],
     [
      77.0244,
      28.11263
     ],
     [
      77.0238,
      28.11234
     ],
     [
      77.0236,
      28.11227
     ],
     [
      77.02276,
      28.11206
     ],
     [
      77.02267,
      28.11204
     ],
     [
      77.02253,
      28.112
     ],
     [
      77.02095,
      28.11161
     ],
     [
      77.02029,
      28.11143
     ],
     [
      77.02018,
      28.1114
     ],
     [
      77.02001,
      28.11135
     ],
     [
      77.01981,
      28.1113
     ],
     [
      77.01973,
      28.11128
     ],
     [
      77.01964,
      28.11126
     ],
     [
      77.01948,
      28.1112
     ],
     [
      77.01939,
      28.11117
     ],
     [
      77.01916,
      28.11108
     ],
     [
      77.01843,
      28.11072
     ],
     [
      77.01785,
      28.11041
     ],
     [
      77.01639,
      28.10962
     ],
     [
      77.01614,
      28.10948
     ],
     [
      77.01587,
      28.10934
     ],
     [
      77.01545,
      28.10911
     ],
     [
      77.0149,
      28.10882
     ],
     [
      77.01465,
      28.10869
     ],
     [
      77.0143,
      28.1085
     ],
     [
      77.01416,
      28.10842
     ],
     [
      77.01407,
      28.10838
     ],
     [
      77.01358,
      28.1081
     ],
     [
      77.01281,
      28.10764
     ],
     [
      77.01255,
      28.10746
     ],
     [
      77.01226,
      28.10726
     ],
     [
      77.01202,
      28.1071
     ],
     [
      77.01153,
      28.10676
     ],
     [
      77.01075,
      28.10607
     ],
     [
      77.01021,
      28.1055
     ],
     [
      77.01006,
      28.10531
     ],
     [
      77.00983,
      28.10495
     ],
     [
      77.00966,
      28.10472
     ],
     [
      77.00963,
      28.10467
     ],
     [
      77.00955,
      28.10473
     ],
     [
      77.0091,
      28.10509
     ],
     [
      77.00864,
      28.10546
     ],
     [
      77.00837,
      28.10532
     ]
    ]
   }
  },
  {
   "type": "Feature",
   "properties": {
    "corridor_id": 10,
    "name": "NH-352W (Gurugram-Sohna-Alwar Road)",
    "sub": "Sohna -> Taoru",
    "road_class": "highway",
    "length_km": 14.59
   },
   "geometry": {
    "type": "LineString",
    "coordinates": [
     [
      77.06533,
      28.24914
     ],
     [
      77.06543,
      28.24892
     ],
     [
      77.06545,
      28.24885
     ],
     [
      77.06555,
      28.24847
     ],
     [
      77.06564,
      28.24822
     ],
     [
      77.06577,
      28.24782
     ],
     [
      77.06587,
      28.24755
     ],
     [
      77.06589,
      28.2475
     ],
     [
      77.0659,
      28.24745
     ],
     [
      77.06593,
      28.24725
     ],
     [
      77.06622,
      28.24698
     ],
     [
      77.06635,
      28.24694
     ],
     [
      77.06655,
      28.24689
     ],
     [
      77.0669,
      28.24681
     ],
     [
      77.06715,
      28.2467
     ],
     [
      77.06759,
      28.24647
     ],
     [
      77.06772,
      28.24638
     ],
     [
      77.06766,
      28.24633
     ],
     [
      77.06757,
      28.24625
     ],
     [
      77.06737,
      28.24625
     ],
     [
      77.06728,
      28.24621
     ],
     [
      77.0672,
      28.24607
     ],
     [
      77.06713,
      28.24595
     ],
     [
      77.06709,
      28.24585
     ],
     [
      77.06707,
      28.24573
     ],
     [
      77.06708,
      28.24559
     ],
     [
      77.06707,
      28.24554
     ],
     [
      77.06705,
      28.24543
     ],
     [
      77.06695,
      28.24531
     ],
     [
      77.06694,
      28.24528
     ],
     [
      77.06691,
      28.24499
     ],
     [
      77.06692,
      28.24487
     ],
     [
      77.06693,
      28.24472
     ],
     [
      77.06691,
      28.24458
     ],
     [
      77.06688,
      28.24459
     ],
     [
      77.06668,
      28.24453
     ],
     [
      77.066,
      28.24428
     ],
     [
      77.06573,
      28.24416
     ],
     [
      77.06556,
      28.24406
     ],
     [
      77.06551,
      28.24401
     ],
     [
      77.06549,
      28.24399
     ],
     [
      77.06545,
      28.24391
     ],
     [
      77.06541,
      28.2438
     ],
     [
      77.06537,
      28.24321
     ],
     [
      77.06529,
      28.24161
     ],
     [
      77.06523,
      28.24132
     ],
     [
      77.06511,
      28.24077
     ],
     [
      77.06495,
      28.24018
     ],
     [
      77.06477,
      28.2397
     ],
     [
      77.06474,
      28.23961
     ],
     [
      77.06465,
      28.23924
     ],
     [
      77.06458,
      28.23907
     ],
     [
      77.06442,
      28.23887
     ],
     [
      77.06432,
      28.2388
     ],
     [
      77.06423,
      28.23877
     ],
     [
      77.06409,
      28.2388
     ],
     [
      77.06405,
      28.23882
     ],
     [
      77.06404,
      28.23885
     ],
     [
      77.064,
      28.23896
     ],
     [
      77.064,
      28.23903
     ],
     [
      77.06405,
      28.23943
     ],
     [
      77.06423,
      28.24062
     ],
     [
      77.06414,
      28.24087
     ],
     [
      77.06372,
      28.24138
     ],
     [
      77.0635,
      28.24162
     ],
     [
      77.06328,
      28.24183
     ],
     [
      77.06304,
      28.24187
     ],
     [
      77.06303,
      28.24187
     ],
     [
      77.06291,
      28.24176
     ],
     [
      77.06289,
      28.24174
     ],
     [
      77.06278,
      28.24137
     ],
     [
      77.06265,
      28.24128
     ],
     [
      77.06262,
      28.24128
     ],
     [
      77.06261,
      28.24128
     ],
     [
      77.0626,
      28.24128
     ],
     [
      77.06256,
      28.24131
     ],
     [
      77.06246,
      28.24141
     ],
     [
      77.06232,
      28.2419
     ],
     [
      77.06199,
      28.24294
     ],
     [
      77.06167,
      28.2438
     ],
     [
      77.06157,
      28.24404
     ],
     [
      77.06144,
      28.24426
     ],
     [
      77.06126,
      28.24445
     ],
     [
      77.06112,
      28.24457
     ],
     [
      77.06108,
      28.24459
     ],
     [
      77.06105,
      28.2446
     ],
     [
      77.06091,
      28.2446
     ],
     [
      77.06088,
      28.24459
     ],
     [
      77.06086,
      28.24457
     ],
     [
      77.06077,
      28.24443
     ],
     [
      77.06071,
      28.24415
     ],
     [
      77.06056,
      28.24401
     ],
     [
      77.06051,
      28.24398
     ],
     [
      77.06047,
      28.24397
     ],
     [
      77.06043,
      28.24397
     ],
     [
      77.06001,
      28.244
     ],
     [
      77.05989,
      28.24397
     ],
     [
      77.05978,
      28.24391
     ],
     [
      77.05945,
      28.24357
     ],
     [
      77.05876,
      28.24275
     ],
     [
      77.05867,
      28.24264
     ],
     [
      77.05849,
      28.24245
     ],
     [
      77.05829,
      28.24232
     ],
     [
      77.05826,
      28.2423
     ],
     [
      77.05811,
      28.24224
     ],
     [
      77.05739,
      28.24195
     ],
     [
      77.05659,
      28.24164
     ],
     [
      77.05475,
      28.24091
     ],
     [
      77.05175,
      28.23974
     ],
     [
      77.05167,
      28.23971
     ],
     [
      77.05094,
      28.23943
     ],
     [
      77.04877,
      28.23863
     ],
     [
      77.04741,
      28.23814
     ],
     [
      77.04549,
      28.23742
     ],
     [
      77.04375,
      28.23673
     ],
     [
      77.04278,
      28.23634
     ],
     [
      77.04207,
      28.23609
     ],
     [
      77.04118,
      28.23577
     ],
     [
      77.04089,
      28.23565
     ],
     [
      77.04078,
      28.23561
     ],
     [
      77.04042,
      28.23542
     ],
     [
      77.03992,
      28.23513
     ],
     [
      77.03942,
      28.23486
     ],
     [
      77.03898,
      28.23462
     ],
     [
      77.03861,
      28.23446
     ],
     [
      77.03858,
      28.23444
     ],
     [
      77.03804,
      28.23428
     ],
     [
      77.03708,
      28.23402
     ],
     [
      77.0364,
      28.23387
     ],
     [
      77.03613,
      28.23383
     ],
     [
      77.03481,
      28.23361
     ],
     [
      77.03433,
      28.23352
     ],
     [
      77.03275,
      28.23325
     ],
     [
      77.03191,
      28.23308
     ],
     [
      77.03113,
      28.23291
     ],
     [
      77.02919,
      28.23249
     ],
     [
      77.02877,
      28.23243
     ],
     [
      77.02854,
      28.2324
     ],
     [
      77.02791,
      28.23233
     ],
     [
      77.02756,
      28.23231
     ],
     [
      77.02655,
      28.2323
     ],
     [
      77.02606,
      28.23228
     ],
     [
      77.02573,
      28.23222
     ],
     [
      77.0254,
      28.23212
     ],
     [
      77.02508,
      28.23195
     ],
     [
      77.02464,
      28.23168
     ],
     [
      77.02316,
      28.23077
     ],
     [
      77.02301,
      28.23068
     ],
     [
      77.02276,
      28.23053
     ],
     [
      77.02213,
      28.23019
     ],
     [
      77.02171,
      28.23001
     ],
     [
      77.02107,
      28.22976
     ],
     [
      77.02015,
      28.2294
     ],
     [
      77.01859,
      28.22883
     ],
     [
      77.01656,
      28.22807
     ],
     [
      77.01564,
      28.22774
     ],
     [
      77.01556,
      28.22771
     ],
     [
      77.0146,
      28.22735
     ],
     [
      77.01416,
      28.22718
     ],
     [
      77.0136,
      28.22696
     ],
     [
      77.01223,
      28.22643
     ],
     [
      77.01177,
      28.22626
     ],
     [
      77.01091,
      28.22595
     ],
     [
      77.01016,
      28.22566
     ],
     [
      77.00994,
      28.22557
     ],
     [
      77.00975,
      28.22549
     ],
     [
      77.00882,
      28.22509
     ],
     [
      77.00818,
      28.22484
     ],
     [
      77.00686,
      28.2243
     ],
     [
      77.00553,
      28.22375
     ],
     [
      77.00495,
      28.22353
     ],
     [
      77.00381,
      28.2231
     ],
     [
      77.0031,
      28.22286
     ],
     [
      77.00241,
      28.22265
     ],
     [
      77.00141,
      28.22233
     ],
     [
      77.00089,
      28.22227
     ],
     [
      77.00046,
      28.22224
     ],
     [
      76.99991,
      28.22222
     ],
     [
      76.99845,
      28.22221
     ],
     [
      76.99828,
      28.2222
     ],
     [
      76.99819,
      28.2222
     ],
     [
      76.99806,
      28.22218
     ],
     [
      76.99776,
      28.22211
     ],
     [
      76.99703,
      28.22187
     ],
     [
      76.9965,
      28.22166
     ],
     [
      76.99642,
      28.22163
     ],
     [
      76.99603,
      28.22149
     ],
     [
      76.99581,
      28.22142
     ],
     [
      76.99517,
      28.22129
     ],
     [
      76.99428,
      28.22113
     ],
     [
      76.99378,
      28.22106
     ],
     [
      76.99345,
      28.22101
     ],
     [
      76.99279,
      28.22088
     ],
     [
      76.99248,
      28.22083
     ],
     [
      76.99219,
      28.22078
     ],
     [
      76.99214,
      28.22077
     ],
     [
      76.99178,
      28.22071
     ],
     [
      76.99113,
      28.2206
     ],
     [
      76.98985,
      28.22036
     ],
     [
      76.98825,
      28.22006
     ],
     [
      76.98754,
      28.21995
     ],
     [
      76.98736,
      28.21991
     ],
     [
      76.98555,
      28.2196
     ],
     [
      76.98508,
      28.21952
     ],
     [
      76.98437,
      28.21943
     ],
     [
      76.9833,
      28.21925
     ],
     [
      76.98211,
      28.21905
     ],
     [
      76.9818,
      28.21902
     ],
     [
      76.98141,
      28.21896
     ],
     [
      76.97936,
      28.21872
     ],
     [
      76.97863,
      28.21864
     ],
     [
      76.97849,
      28.21863
     ],
     [
      76.97816,
      28.21858
     ],
     [
      76.97792,
      28.21854
     ],
     [
      76.9775,
      28.21846
     ],
     [
      76.97727,
      28.21841
     ],
     [
      76.97719,
      28.21839
     ],
     [
      76.97605,
      28.21797
     ],
     [
      76.9759,
      28.21792
     ],
     [
      76.97535,
      28.21774
     ],
     [
      76.97406,
      28.21742
     ],
     [
      76.97321,
      28.21724
     ],
     [
      76.9724,
      28.21708
     ],
     [
      76.97211,
      28.21703
     ],
     [
      76.97118,
      28.21688
     ],
     [
      76.97046,
      28.21676
     ],
     [
      76.97021,
      28.21673
     ],
     [
      76.97001,
      28.21671
     ],
     [
      76.9693,
      28.21658
     ],
     [
      76.96833,
      28.21636
     ],
     [
      76.96787,
      28.21629
     ],
     [
      76.96746,
      28.21625
     ],
     [
      76.96739,
      28.21623
     ],
     [
      76.96683,
      28.21608
     ],
     [
      76.96609,
      28.21594
     ],
     [
      76.96593,
      28.21592
     ],
     [
      76.96588,
      28.2159
     ],
     [
      76.9651,
      28.21574
     ],
     [
      76.96476,
      28.21566
     ],
     [
      76.96441,
      28.21558
     ],
     [
      76.96388,
      28.21545
     ],
     [
      76.96375,
      28.21541
     ],
     [
      76.96292,
      28.21523
     ],
     [
      76.96176,
      28.21497
     ],
     [
      76.96146,
      28.21489
     ],
     [
      76.96134,
      28.21489
     ],
     [
      76.96118,
      28.21485
     ],
     [
      76.9608,
      28.21477
     ],
     [
      76.96053,
      28.21471
     ],
     [
      76.96028,
      28.21465
     ],
     [
      76.95967,
      28.21453
     ],
     [
      76.9595,
      28.21448
     ],
     [
      76.95938,
      28.21444
     ],
     [
      76.95904,
      28.21442
     ],
     [
      76.95879,
      28.21432
     ],
     [
      76.95853,
      28.21426
     ],
     [
      76.95828,
      28.21421
     ],
     [
      76.95789,
      28.21409
     ],
     [
      76.95745,
      28.214
     ],
     [
      76.95698,
      28.2138
     ],
     [
      76.9568,
      28.21375
     ],
     [
      76.95661,
      28.21367
     ],
     [
      76.95637,
      28.21359
     ],
     [
      76.95634,
      28.21359
     ],
     [
      76.95628,
      28.21357
     ],
     [
      76.95608,
      28.2135
     ],
     [
      76.95567,
      28.21337
     ],
     [
      76.95533,
      28.21324
     ],
     [
      76.95496,
      28.21311
     ],
     [
      76.95454,
      28.213
     ],
     [
      76.95439,
      28.21294
     ],
     [
      76.95433,
      28.21292
     ],
     [
      76.95421,
      28.21289
     ],
     [
      76.95419,
      28.21289
     ],
     [
      76.95387,
      28.21285
     ],
     [
      76.95305,
      28.21267
     ],
     [
      76.9529,
      28.21263
     ],
     [
      76.95266,
      28.21257
     ],
     [
      76.95253,
      28.21254
     ],
     [
      76.95228,
      28.21247
     ],
     [
      76.95219,
      28.21245
     ],
     [
      76.95204,
      28.2124
     ],
     [
      76.95192,
      28.21236
     ],
     [
      76.95183,
      28.21224
     ],
     [
      76.95172,
      28.21215
     ],
     [
      76.95168,
      28.21208
     ],
     [
      76.95165,
      28.21202
     ],
     [
      76.95156,
      28.21186
     ],
     [
      76.95146,
      28.21159
     ],
     [
      76.95141,
      28.21151
     ],
     [
      76.9514,
      28.21145
     ],
     [
      76.95129,
      28.21115
     ],
     [
      76.95122,
      28.211
     ],
     [
      76.95102,
      28.21074
     ],
     [
      76.9509,
      28.2105
     ],
     [
      76.95088,
      28.21043
     ],
     [
      76.95076,
      28.21017
     ],
     [
      76.95057,
      28.20986
     ],
     [
      76.95045,
      28.20975
     ],
     [
      76.95007,
      28.20959
     ],
     [
      76.94974,
      28.20956
     ],
     [
      76.94951,
      28.20958
     ],
     [
      76.94913,
      28.20963
     ],
     [
      76.94905,
      28.20963
     ],
     [
      76.9489,
      28.20963
     ],
     [
      76.94855,
      28.20967
     ],
     [
      76.94824,
      28.2097
     ],
     [
      76.94829,
      28.20975
     ],
     [
      76.94837,
      28.20988
     ],
     [
      76.94846,
      28.21003
     ],
     [
      76.94848,
      28.21004
     ],
     [
      76.9486,
      28.21016
     ],
     [
      76.94873,
      28.21026
     ],
     [
      76.94882,
      28.21031
     ],
     [
      76.94893,
      28.21034
     ],
     [
      76.94899,
      28.21041
     ],
     [
      76.94901,
      28.21046
     ],
     [
      76.94907,
      28.21043
     ],
     [
      76.94916,
      28.21038
     ],
     [
      76.94941,
      28.21029
     ],
     [
      76.94944,
      28.21028
     ],
     [
      76.9495,
      28.21028
     ],
     [
      76.94967,
      28.21029
     ],
     [
      76.94982,
      28.21028
     ],
     [
      76.94975,
      28.21002
     ],
     [
      76.94994,
      28.20997
     ],
     [
      76.94995,
      28.20996
     ],
     [
      76.95001,
      28.20994
     ],
     [
      76.95004,
      28.20994
     ],
     [
      76.95008,
      28.20996
     ],
     [
      76.95016,
      28.21001
     ]
    ]
   }
  },
  {
   "type": "Feature",
   "properties": {
    "corridor_id": 11,
    "name": "Old Delhi-Gurgaon Road",
    "sub": "Kapashera Border -> Hero Honda Chowk",
    "road_class": "highway",
    "length_km": 15.28
   },
   "geometry": {
    "type": "LineString",
    "coordinates": [
     [
      77.0891,
      28.52195
     ],
     [
      77.08912,
      28.52235
     ],
     [
      77.08872,
      28.52254
     ],
     [
      77.08781,
      28.52294
     ],
     [
      77.08766,
      28.523
     ],
     [
      77.08765,
      28.52301
     ],
     [
      77.08693,
      28.52339
     ],
     [
      77.08651,
      28.52362
     ],
     [
      77.08583,
      28.52403
     ],
     [
      77.08487,
      28.5246
     ],
     [
      77.08428,
      28.52498
     ],
     [
      77.08424,
      28.52501
     ],
     [
      77.08412,
      28.52482
     ],
     [
      77.08375,
      28.52428
     ],
     [
      77.08361,
      28.52406
     ],
     [
      77.08344,
      28.52382
     ],
     [
      77.08317,
      28.5234
     ],
     [
      77.08294,
      28.52303
     ],
     [
      77.08272,
      28.52263
     ],
     [
      77.08259,
      28.52236
     ],
     [
      77.0824,
      28.52187
     ],
     [
      77.08237,
      28.5218
     ],
     [
      77.08215,
      28.52119
     ],
     [
      77.08212,
      28.52112
     ],
     [
      77.08202,
      28.52072
     ],
     [
      77.08201,
      28.52069
     ],
     [
      77.08199,
      28.52053
     ],
     [
      77.08199,
      28.52051
     ],
     [
      77.08198,
      28.52048
     ],
     [
      77.08178,
      28.52015
     ],
     [
      77.08166,
      28.51987
     ],
     [
      77.08156,
      28.51967
     ],
     [
      77.08116,
      28.51878
     ],
     [
      77.08113,
      28.51872
     ],
     [
      77.08105,
      28.5186
     ],
     [
      77.08098,
      28.51854
     ],
     [
      77.0807,
      28.51825
     ],
     [
      77.08067,
      28.51821
     ],
     [
      77.08056,
      28.51803
     ],
     [
      77.08054,
      28.518
     ],
     [
      77.08031,
      28.51766
     ],
     [
      77.08042,
      28.51761
     ],
     [
      77.08085,
      28.51741
     ],
     [
      77.08131,
      28.51722
     ],
     [
      77.08169,
      28.51709
     ],
     [
      77.08216,
      28.51691
     ],
     [
      77.0825,
      28.5168
     ],
     [
      77.08264,
      28.51675
     ],
     [
      77.08281,
      28.51667
     ],
     [
      77.08304,
      28.51655
     ],
     [
      77.08338,
      28.51637
     ],
     [
      77.08365,
      28.51621
     ],
     [
      77.08402,
      28.51598
     ],
     [
      77.08448,
      28.51568
     ],
     [
      77.08456,
      28.51562
     ],
     [
      77.0854,
      28.51514
     ],
     [
      77.08661,
      28.51442
     ],
     [
      77.08704,
      28.51415
     ],
     [
      77.08753,
      28.51385
     ],
     [
      77.08768,
      28.51375
     ],
     [
      77.08829,
      28.51339
     ],
     [
      77.08863,
      28.51319
     ],
     [
      77.08887,
      28.51304
     ],
     [
      77.08901,
      28.51294
     ],
     [
      77.08982,
      28.51238
     ],
     [
      77.09026,
      28.5121
     ],
     [
      77.09031,
      28.51206
     ],
     [
      77.09095,
      28.51154
     ],
     [
      77.09156,
      28.51109
     ],
     [
      77.09161,
      28.51107
     ],
     [
      77.09171,
      28.51106
     ],
     [
      77.09191,
      28.5111
     ],
     [
      77.0922,
      28.51124
     ],
     [
      77.09253,
      28.51139
     ],
     [
      77.09247,
      28.51162
     ],
     [
      77.09243,
      28.51188
     ],
     [
      77.09239,
      28.51229
     ],
     [
      77.0924,
      28.51243
     ],
     [
      77.09248,
      28.51311
     ],
     [
      77.09252,
      28.51328
     ],
     [
      77.09275,
      28.51375
     ],
     [
      77.09289,
      28.51399
     ],
     [
      77.093,
      28.51415
     ],
     [
      77.09308,
      28.51425
     ],
     [
      77.09319,
      28.5144
     ],
     [
      77.09358,
      28.51506
     ],
     [
      77.09408,
      28.51588
     ],
     [
      77.09411,
      28.51593
     ],
     [
      77.09437,
      28.51632
     ],
     [
      77.09487,
      28.51706
     ],
     [
      77.09504,
      28.51731
     ],
     [
      77.09532,
      28.51773
     ],
     [
      77.09562,
      28.51814
     ],
     [
      77.09631,
      28.51916
     ],
     [
      77.09722,
      28.52051
     ],
     [
      77.09758,
      28.52104
     ],
     [
      77.09775,
      28.52107
     ],
     [
      77.09776,
      28.52107
     ],
     [
      77.09793,
      28.521
     ],
     [
      77.09794,
      28.52099
     ],
     [
      77.098,
      28.52085
     ],
     [
      77.09778,
      28.52051
     ],
     [
      77.09766,
      28.52034
     ],
     [
      77.09739,
      28.51992
     ],
     [
      77.09705,
      28.51943
     ],
     [
      77.09579,
      28.51753
     ],
     [
      77.09544,
      28.51699
     ],
     [
      77.0947,
      28.5159
     ],
     [
      77.09451,
      28.51559
     ],
     [
      77.09432,
      28.51533
     ],
     [
      77.094,
      28.51508
     ],
     [
      77.09391,
      28.51492
     ],
     [
      77.09377,
      28.51463
     ],
     [
      77.09369,
      28.51449
     ],
     [
      77.09362,
      28.51436
     ],
     [
      77.09352,
      28.51418
     ],
     [
      77.09345,
      28.51402
     ],
     [
      77.09336,
      28.51371
     ],
     [
      77.09333,
      28.51342
     ],
     [
      77.0933,
      28.51324
     ],
     [
      77.09329,
      28.5129
     ],
     [
      77.09335,
      28.51223
     ],
     [
      77.0935,
      28.51162
     ],
     [
      77.09356,
      28.51138
     ],
     [
      77.0937,
      28.51095
     ],
     [
      77.09386,
      28.51053
     ],
     [
      77.09402,
      28.5102
     ],
     [
      77.09444,
      28.50925
     ],
     [
      77.09467,
      28.50871
     ],
     [
      77.09494,
      28.50807
     ],
     [
      77.09506,
      28.5077
     ],
     [
      77.09511,
      28.50743
     ],
     [
      77.09515,
      28.507
     ],
     [
      77.09515,
      28.50649
     ],
     [
      77.09513,
      28.50629
     ],
     [
      77.09506,
      28.50597
     ],
     [
      77.09499,
      28.50573
     ],
     [
      77.09482,
      28.50528
     ],
     [
      77.09471,
      28.50507
     ],
     [
      77.0944,
      28.50459
     ],
     [
      77.09436,
      28.50453
     ],
     [
      77.09357,
      28.50355
     ],
     [
      77.09303,
      28.50291
     ],
     [
      77.09289,
      28.50273
     ],
     [
      77.09248,
      28.5022
     ],
     [
      77.09241,
      28.50212
     ],
     [
      77.09232,
      28.502
     ],
     [
      77.09155,
      28.50111
     ],
     [
      77.09021,
      28.49966
     ],
     [
      77.09004,
      28.49947
     ],
     [
      77.08957,
      28.49896
     ],
     [
      77.08922,
      28.49854
     ],
     [
      77.08919,
      28.4985
     ],
     [
      77.08916,
      28.49846
     ],
     [
      77.08904,
      28.49833
     ],
     [
      77.089,
      28.49829
     ],
     [
      77.08893,
      28.49819
     ],
     [
      77.0889,
      28.49817
     ],
     [
      77.08888,
      28.49815
     ],
     [
      77.08882,
      28.49808
     ],
     [
      77.0888,
      28.49805
     ],
     [
      77.08876,
      28.49802
     ],
     [
      77.08753,
      28.49668
     ],
     [
      77.08613,
      28.49522
     ],
     [
      77.08578,
      28.49484
     ],
     [
      77.08538,
      28.49444
     ],
     [
      77.08437,
      28.49339
     ],
     [
      77.08344,
      28.49244
     ],
     [
      77.08277,
      28.49175
     ],
     [
      77.08209,
      28.49106
     ],
     [
      77.08106,
      28.48998
     ],
     [
      77.08008,
      28.48895
     ],
     [
      77.07829,
      28.48709
     ],
     [
      77.07813,
      28.48694
     ],
     [
      77.0773,
      28.48608
     ],
     [
      77.07654,
      28.48534
     ],
     [
      77.07626,
      28.48504
     ],
     [
      77.07567,
      28.48442
     ],
     [
      77.07489,
      28.4836
     ],
     [
      77.07456,
      28.48325
     ],
     [
      77.07399,
      28.48264
     ],
     [
      77.0737,
      28.48236
     ],
     [
      77.07351,
      28.48217
     ],
     [
      77.07271,
      28.48132
     ],
     [
      77.07227,
      28.48085
     ],
     [
      77.07205,
      28.48062
     ],
     [
      77.07069,
      28.47923
     ],
     [
      77.07062,
      28.47916
     ],
     [
      77.06996,
      28.47859
     ],
     [
      77.06966,
      28.47832
     ],
     [
      77.0696,
      28.47828
     ],
     [
      77.06928,
      28.47799
     ],
     [
      77.0689,
      28.47769
     ],
     [
      77.06874,
      28.47757
     ],
     [
      77.06857,
      28.47742
     ],
     [
      77.06854,
      28.47739
     ],
     [
      77.06849,
      28.47734
     ],
     [
      77.06831,
      28.47721
     ],
     [
      77.06802,
      28.47696
     ],
     [
      77.06796,
      28.47692
     ],
     [
      77.06751,
      28.47656
     ],
     [
      77.06669,
      28.47591
     ],
     [
      77.06649,
      28.47576
     ],
     [
      77.06555,
      28.47503
     ],
     [
      77.06533,
      28.47485
     ],
     [
      77.06367,
      28.47357
     ],
     [
      77.06357,
      28.4735
     ],
     [
      77.06294,
      28.473
     ],
     [
      77.06233,
      28.47251
     ],
     [
      77.06224,
      28.47244
     ],
     [
      77.06181,
      28.4721
     ],
     [
      77.06103,
      28.47148
     ],
     [
      77.06092,
      28.47139
     ],
     [
      77.0605,
      28.47105
     ],
     [
      77.06039,
      28.47096
     ],
     [
      77.05976,
      28.47046
     ],
     [
      77.05811,
      28.46912
     ],
     [
      77.05775,
      28.46884
     ],
     [
      77.05764,
      28.46873
     ],
     [
      77.05754,
      28.46866
     ],
     [
      77.05745,
      28.46857
     ],
     [
      77.05742,
      28.46855
     ],
     [
      77.05738,
      28.46852
     ],
     [
      77.05711,
      28.46825
     ],
     [
      77.0568,
      28.46789
     ],
     [
      77.05651,
      28.46747
     ],
     [
      77.05622,
      28.467
     ],
     [
      77.05581,
      28.46642
     ],
     [
      77.05566,
      28.46622
     ],
     [
      77.05538,
      28.46586
     ],
     [
      77.05525,
      28.46569
     ],
     [
      77.05485,
      28.46524
     ],
     [
      77.05465,
      28.465
     ],
     [
      77.05444,
      28.46479
     ],
     [
      77.05433,
      28.46467
     ],
     [
      77.05229,
      28.46255
     ],
     [
      77.05192,
      28.46216
     ],
     [
      77.05187,
      28.46211
     ],
     [
      77.05158,
      28.46181
     ],
     [
      77.05145,
      28.46167
     ],
     [
      77.05117,
      28.46138
     ],
     [
      77.05086,
      28.46113
     ],
     [
      77.0504,
      28.46066
     ],
     [
      77.05026,
      28.4605
     ],
     [
      77.05017,
      28.46038
     ],
     [
      77.04993,
      28.46018
     ],
     [
      77.04962,
      28.45981
     ],
     [
      77.04953,
      28.45974
     ],
     [
      77.04948,
      28.45968
     ],
     [
      77.04927,
      28.45944
     ],
     [
      77.04796,
      28.45804
     ],
     [
      77.04777,
      28.45784
     ],
     [
      77.0472,
      28.45723
     ],
     [
      77.04693,
      28.45697
     ],
     [
      77.04671,
      28.45674
     ],
     [
      77.0466,
      28.45662
     ],
     [
      77.04597,
      28.45597
     ],
     [
      77.04512,
      28.45507
     ],
     [
      77.04471,
      28.45462
     ],
     [
      77.04468,
      28.45459
     ],
     [
      77.04457,
      28.45447
     ],
     [
      77.04439,
      28.45421
     ],
     [
      77.04424,
      28.45398
     ],
     [
      77.0437,
      28.45342
     ],
     [
      77.04298,
      28.45267
     ],
     [
      77.04273,
      28.45241
     ],
     [
      77.04264,
      28.45229
     ],
     [
      77.04228,
      28.4519
     ],
     [
      77.04212,
      28.45174
     ],
     [
      77.04207,
      28.4517
     ],
     [
      77.04196,
      28.45181
     ],
     [
      77.04184,
      28.45192
     ],
     [
      77.04168,
      28.45207
     ],
     [
      77.04174,
      28.45214
     ],
     [
      77.04187,
      28.45227
     ],
     [
      77.04212,
      28.45256
     ],
     [
      77.04232,
      28.45277
     ],
     [
      77.04248,
      28.45295
     ],
     [
      77.04385,
      28.45435
     ],
     [
      77.04407,
      28.45448
     ],
     [
      77.0442,
      28.45459
     ],
     [
      77.04459,
      28.45493
     ],
     [
      77.04498,
      28.45518
     ],
     [
      77.04545,
      28.45567
     ],
     [
      77.04613,
      28.45639
     ],
     [
      77.04644,
      28.45671
     ],
     [
      77.04708,
      28.45738
     ],
     [
      77.04784,
      28.45817
     ],
     [
      77.04799,
      28.45834
     ],
     [
      77.04866,
      28.45904
     ],
     [
      77.04906,
      28.45948
     ],
     [
      77.04938,
      28.45984
     ],
     [
      77.04943,
      28.45992
     ],
     [
      77.04983,
      28.46033
     ]
    ]
   }
  },
  {
   "type": "Feature",
   "properties": {
    "corridor_id": 12,
    "name": "Pataudi Road",
    "sub": "Basai Chowk -> Pataudi Chowk",
    "road_class": "highway",
    "length_km": 30.05
   },
   "geometry": {
    "type": "LineString",
    "coordinates": [
     [
      76.98796,
      28.45519
     ],
     [
      76.98767,
      28.45546
     ],
     [
      76.98791,
      28.45563
     ],
     [
      76.9882,
      28.45585
     ],
     [
      76.98846,
      28.45604
     ],
     [
      76.98868,
      28.4562
     ],
     [
      76.9889,
      28.45638
     ],
     [
      76.98893,
      28.4564
     ],
     [
      76.98918,
      28.4566
     ],
     [
      76.98879,
      28.45681
     ],
     [
      76.98842,
      28.45702
     ],
     [
      76.98813,
      28.45718
     ],
     [
      76.98754,
      28.4575
     ],
     [
      76.98638,
      28.45754
     ],
     [
      76.9861,
      28.45755
     ],
     [
      76.98601,
      28.45756
     ],
     [
      76.98597,
      28.45756
     ],
     [
      76.98587,
      28.45756
     ],
     [
      76.98472,
      28.45758
     ],
     [
      76.98423,
      28.45759
     ],
     [
      76.98347,
      28.45765
     ],
     [
      76.98315,
      28.45767
     ],
     [
      76.98287,
      28.45768
     ],
     [
      76.9827,
      28.4577
     ],
     [
      76.98257,
      28.45771
     ],
     [
      76.98208,
      28.45776
     ],
     [
      76.982,
      28.45779
     ],
     [
      76.98194,
      28.45781
     ],
     [
      76.9819,
      28.45782
     ],
     [
      76.98179,
      28.45787
     ],
     [
      76.98167,
      28.45792
     ],
     [
      76.98154,
      28.45798
     ],
     [
      76.98153,
      28.45799
     ],
     [
      76.98147,
      28.45804
     ],
     [
      76.98129,
      28.4582
     ],
     [
      76.98128,
      28.45822
     ],
     [
      76.98123,
      28.45828
     ],
     [
      76.98119,
      28.45835
     ],
     [
      76.98115,
      28.45844
     ],
     [
      76.9811,
      28.45862
     ],
     [
      76.98108,
      28.45868
     ],
     [
      76.98108,
      28.4587
     ],
     [
      76.98107,
      28.45897
     ],
     [
      76.98109,
      28.45913
     ],
     [
      76.9811,
      28.4592
     ],
     [
      76.98111,
      28.45926
     ],
     [
      76.98113,
      28.45939
     ],
     [
      76.98114,
      28.45942
     ],
     [
      76.98118,
      28.45958
     ],
     [
      76.98119,
      28.45961
     ],
     [
      76.98132,
      28.46009
     ],
     [
      76.98141,
      28.46056
     ],
     [
      76.98141,
      28.46059
     ],
     [
      76.9814,
      28.46085
     ],
     [
      76.98139,
      28.46093
     ],
     [
      76.98134,
      28.46115
     ],
     [
      76.98132,
      28.4612
     ],
     [
      76.98129,
      28.46128
     ],
     [
      76.98118,
      28.46146
     ],
     [
      76.98107,
      28.46158
     ],
     [
      76.98093,
      28.4617
     ],
     [
      76.98058,
      28.46195
     ],
     [
      76.97983,
      28.46229
     ],
     [
      76.97982,
      28.4623
     ],
     [
      76.97951,
      28.46248
     ],
     [
      76.97908,
      28.46274
     ],
     [
      76.97885,
      28.46287
     ],
     [
      76.97876,
      28.46292
     ],
     [
      76.97873,
      28.46294
     ],
     [
      76.97727,
      28.46392
     ],
     [
      76.97545,
      28.4651
     ],
     [
      76.97532,
      28.46519
     ],
     [
      76.97526,
      28.46523
     ],
     [
      76.97457,
      28.46569
     ],
     [
      76.97444,
      28.46572
     ],
     [
      76.97403,
      28.46602
     ],
     [
      76.97319,
      28.46659
     ],
     [
      76.97235,
      28.46713
     ],
     [
      76.97217,
      28.46715
     ],
     [
      76.97197,
      28.46714
     ],
     [
      76.97183,
      28.46711
     ],
     [
      76.97168,
      28.46704
     ],
     [
      76.97127,
      28.46662
     ],
     [
      76.97056,
      28.46584
     ],
     [
      76.97021,
      28.46544
     ],
     [
      76.97015,
      28.46537
     ],
     [
      76.96971,
      28.46483
     ],
     [
      76.96943,
      28.46444
     ],
     [
      76.9693,
      28.46427
     ],
     [
      76.96923,
      28.4642
     ],
     [
      76.96911,
      28.46414
     ],
     [
      76.96896,
      28.46387
     ],
     [
      76.96893,
      28.46383
     ],
     [
      76.96838,
      28.46307
     ],
     [
      76.96802,
      28.46253
     ],
     [
      76.96759,
      28.46196
     ],
     [
      76.96725,
      28.46146
     ],
     [
      76.96704,
      28.4611
     ],
     [
      76.96686,
      28.46069
     ],
     [
      76.96673,
      28.46048
     ],
     [
      76.96614,
      28.45949
     ],
     [
      76.96607,
      28.45936
     ],
     [
      76.9658,
      28.45884
     ],
     [
      76.96568,
      28.45861
     ],
     [
      76.96563,
      28.45851
     ],
     [
      76.96475,
      28.45674
     ],
     [
      76.96406,
      28.45532
     ],
     [
      76.964,
      28.45519
     ],
     [
      76.96387,
      28.45493
     ],
     [
      76.96371,
      28.45459
     ],
     [
      76.96363,
      28.45442
     ],
     [
      76.96339,
      28.45391
     ],
     [
      76.9632,
      28.45351
     ],
     [
      76.96293,
      28.45289
     ],
     [
      76.96281,
      28.4526
     ],
     [
      76.96272,
      28.45239
     ],
     [
      76.96262,
      28.4521
     ],
     [
      76.96235,
      28.45137
     ],
     [
      76.96224,
      28.45109
     ],
     [
      76.96214,
      28.45078
     ],
     [
      76.96177,
      28.44947
     ],
     [
      76.96166,
      28.44906
     ],
     [
      76.96134,
      28.44769
     ],
     [
      76.96117,
      28.44698
     ],
     [
      76.96094,
      28.44603
     ],
     [
      76.9606,
      28.44322
     ],
     [
      76.96058,
      28.4429
     ],
     [
      76.96054,
      28.44236
     ],
     [
      76.96042,
      28.44082
     ],
     [
      76.96052,
      28.43923
     ],
     [
      76.96062,
      28.43754
     ],
     [
      76.9606,
      28.43608
     ],
     [
      76.96073,
      28.43508
     ],
     [
      76.96075,
      28.435
     ],
     [
      76.96093,
      28.43404
     ],
     [
      76.96097,
      28.43387
     ],
     [
      76.9612,
      28.43262
     ],
     [
      76.96129,
      28.43212
     ],
     [
      76.96145,
      28.43103
     ],
     [
      76.96153,
      28.43057
     ],
     [
      76.96159,
      28.43028
     ],
     [
      76.9616,
      28.43021
     ],
     [
      76.96162,
      28.43016
     ],
     [
      76.96149,
      28.43009
     ],
     [
      76.96136,
      28.43001
     ],
     [
      76.96121,
      28.42992
     ],
     [
      76.96107,
      28.42985
     ],
     [
      76.96097,
      28.4298
     ],
     [
      76.96086,
      28.42974
     ],
     [
      76.96037,
      28.42952
     ],
     [
      76.96026,
      28.42946
     ],
     [
      76.95948,
      28.42911
     ],
     [
      76.9594,
      28.42907
     ],
     [
      76.95936,
      28.42904
     ],
     [
      76.95912,
      28.42891
     ],
     [
      76.95887,
      28.42873
     ],
     [
      76.95867,
      28.42866
     ],
     [
      76.95862,
      28.42863
     ],
     [
      76.95834,
      28.42837
     ],
     [
      76.95816,
      28.42817
     ],
     [
      76.95802,
      28.42803
     ],
     [
      76.95788,
      28.42796
     ],
     [
      76.95773,
      28.42788
     ],
     [
      76.95772,
      28.42788
     ],
     [
      76.95759,
      28.42783
     ],
     [
      76.95725,
      28.42779
     ],
     [
      76.95721,
      28.42775
     ],
     [
      76.95709,
      28.42775
     ],
     [
      76.95687,
      28.42776
     ],
     [
      76.95646,
      28.42785
     ],
     [
      76.95593,
      28.42797
     ],
     [
      76.95584,
      28.42798
     ],
     [
      76.95574,
      28.428
     ],
     [
      76.95523,
      28.4281
     ],
     [
      76.95453,
      28.42823
     ],
     [
      76.95424,
      28.42828
     ],
     [
      76.95387,
      28.42831
     ],
     [
      76.95342,
      28.42833
     ],
     [
      76.95183,
      28.42811
     ],
     [
      76.95099,
      28.42798
     ],
     [
      76.95092,
      28.42797
     ],
     [
      76.95091,
      28.42804
     ],
     [
      76.95062,
      28.42823
     ],
     [
      76.94995,
      28.42881
     ],
     [
      76.94938,
      28.42926
     ],
     [
      76.94915,
      28.42945
     ],
     [
      76.94909,
      28.4295
     ],
     [
      76.94885,
      28.4297
     ],
     [
      76.94872,
      28.4298
     ],
     [
      76.94824,
      28.4302
     ],
     [
      76.94766,
      28.43067
     ],
     [
      76.94747,
      28.43083
     ],
     [
      76.94708,
      28.43115
     ],
     [
      76.94558,
      28.43238
     ],
     [
      76.94539,
      28.43254
     ],
     [
      76.9453,
      28.43262
     ],
     [
      76.94428,
      28.43345
     ],
     [
      76.94377,
      28.43387
     ],
     [
      76.94359,
      28.43401
     ],
     [
      76.94211,
      28.43524
     ],
     [
      76.94117,
      28.43602
     ],
     [
      76.94079,
      28.4364
     ],
     [
      76.94058,
      28.43659
     ],
     [
      76.94029,
      28.43684
     ],
     [
      76.93496,
      28.43524
     ],
     [
      76.93417,
      28.435
     ],
     [
      76.93276,
      28.43455
     ],
     [
      76.93195,
      28.4343
     ],
     [
      76.93011,
      28.43367
     ],
     [
      76.92937,
      28.43333
     ],
     [
      76.92854,
      28.43292
     ],
     [
      76.92801,
      28.43262
     ],
     [
      76.92729,
      28.43221
     ],
     [
      76.92627,
      28.43153
     ],
     [
      76.92627,
      28.43153
     ],
     [
      76.9261,
      28.43136
     ],
     [
      76.92388,
      28.42962
     ],
     [
      76.9235,
      28.42933
     ],
     [
      76.92213,
      28.42851
     ],
     [
      76.92164,
      28.42825
     ],
     [
      76.92067,
      28.42781
     ],
     [
      76.91976,
      28.42745
     ],
     [
      76.91959,
      28.4274
     ],
     [
      76.918,
      28.42688
     ],
     [
      76.91614,
      28.42626
     ],
     [
      76.91518,
      28.42594
     ],
     [
      76.91341,
      28.42537
     ],
     [
      76.91239,
      28.42505
     ],
     [
      76.91174,
      28.42482
     ],
     [
      76.91075,
      28.42434
     ],
     [
      76.91023,
      28.42402
     ],
     [
      76.9091,
      28.42318
     ],
     [
      76.90827,
      28.42245
     ],
     [
      76.90584,
      28.42053
     ],
     [
      76.90539,
      28.4202
     ],
     [
      76.90506,
      28.41992
     ],
     [
      76.90498,
      28.41985
     ],
     [
      76.90467,
      28.41959
     ],
     [
      76.90446,
      28.41938
     ],
     [
      76.9043,
      28.41922
     ],
     [
      76.90419,
      28.41912
     ],
     [
      76.90341,
      28.41825
     ],
     [
      76.90285,
      28.41752
     ],
     [
      76.90271,
      28.41736
     ],
     [
      76.9026,
      28.41722
     ],
     [
      76.90233,
      28.41696
     ],
     [
      76.90164,
      28.41635
     ],
     [
      76.90106,
      28.41593
     ],
     [
      76.90059,
      28.41563
     ],
     [
      76.90041,
      28.41552
     ],
     [
      76.90027,
      28.41551
     ],
     [
      76.90004,
      28.41538
     ],
     [
      76.89997,
      28.41536
     ],
     [
      76.89928,
      28.41491
     ],
     [
      76.89885,
      28.41463
     ],
     [
      76.8978,
      28.41398
     ],
     [
      76.89745,
      28.41372
     ],
     [
      76.89727,
      28.41359
     ],
     [
      76.8972,
      28.41355
     ],
     [
      76.89674,
      28.41326
     ],
     [
      76.8966,
      28.41318
     ],
     [
      76.89645,
      28.41308
     ],
     [
      76.89604,
      28.41282
     ],
     [
      76.89535,
      28.41239
     ],
     [
      76.89474,
      28.41203
     ],
     [
      76.89459,
      28.41194
     ],
     [
      76.89425,
      28.4117
     ],
     [
      76.89392,
      28.41151
     ],
     [
      76.89385,
      28.41147
     ],
     [
      76.8931,
      28.41101
     ],
     [
      76.89243,
      28.41064
     ],
     [
      76.89228,
      28.41056
     ],
     [
      76.89189,
      28.41036
     ],
     [
      76.89013,
      28.40949
     ],
     [
      76.8896,
      28.40921
     ],
     [
      76.88904,
      28.40891
     ],
     [
      76.888,
      28.40838
     ],
     [
      76.88703,
      28.40792
     ],
     [
      76.88679,
      28.40779
     ],
     [
      76.88603,
      28.40737
     ],
     [
      76.88552,
      28.40705
     ],
     [
      76.88539,
      28.40696
     ],
     [
      76.88485,
      28.40661
     ],
     [
      76.88455,
      28.40641
     ],
     [
      76.88437,
      28.40628
     ],
     [
      76.88291,
      28.4052
     ],
     [
      76.88261,
      28.40498
     ],
     [
      76.88232,
      28.4048
     ],
     [
      76.88231,
      28.40479
     ],
     [
      76.88184,
      28.40452
     ],
     [
      76.88138,
      28.40433
     ],
     [
      76.8808,
      28.40408
     ],
     [
      76.8805,
      28.40398
     ],
     [
      76.88018,
      28.40385
     ],
     [
      76.87996,
      28.40375
     ],
     [
      76.87983,
      28.40368
     ],
     [
      76.87906,
      28.40328
     ],
     [
      76.87873,
      28.40308
     ],
     [
      76.87842,
      28.40289
     ],
     [
      76.87801,
      28.40263
     ],
     [
      76.87691,
      28.40194
     ],
     [
      76.87636,
      28.40161
     ],
     [
      76.87629,
      28.40156
     ],
     [
      76.87555,
      28.40112
     ],
     [
      76.87484,
      28.40063
     ],
     [
      76.87465,
      28.40049
     ],
     [
      76.87456,
      28.40043
     ],
     [
      76.87366,
      28.39975
     ],
     [
      76.8736,
      28.3997
     ],
     [
      76.87333,
      28.3995
     ],
     [
      76.87306,
      28.39929
     ],
     [
      76.87303,
      28.39926
     ],
     [
      76.87281,
      28.39908
     ],
     [
      76.87248,
      28.3988
     ],
     [
      76.87165,
      28.39808
     ],
     [
      76.87128,
      28.39778
     ],
     [
      76.87087,
      28.39747
     ],
     [
      76.87078,
      28.39741
     ],
     [
      76.86944,
      28.39646
     ],
     [
      76.86916,
      28.39627
     ],
     [
      76.86794,
      28.3955
     ],
     [
      76.86778,
      28.39542
     ],
     [
      76.86722,
      28.39509
     ],
     [
      76.86712,
      28.39504
     ],
     [
      76.86692,
      28.39494
     ],
     [
      76.86639,
      28.39465
     ],
     [
      76.86598,
      28.3944
     ],
     [
      76.86571,
      28.39425
     ],
     [
      76.86473,
      28.39371
     ],
     [
      76.86367,
      28.39316
     ],
     [
      76.86246,
      28.39252
     ],
     [
      76.86239,
      28.39249
     ],
     [
      76.86197,
      28.39231
     ],
     [
      76.86155,
      28.39212
     ],
     [
      76.86077,
      28.39181
     ],
     [
      76.86035,
      28.39162
     ],
     [
      76.86027,
      28.39159
     ],
     [
      76.85812,
      28.3904
     ],
     [
      76.8575,
      28.39008
     ],
     [
      76.85722,
      28.38993
     ],
     [
      76.85679,
      28.38973
     ],
     [
      76.85652,
      28.38962
     ],
     [
      76.85581,
      28.38934
     ],
     [
      76.85568,
      28.38931
     ],
     [
      76.85494,
      28.38902
     ],
     [
      76.8548,
      28.38897
     ],
     [
      76.85401,
      28.38867
     ],
     [
      76.85325,
      28.38838
     ],
     [
      76.85275,
      28.38817
     ],
     [
      76.85185,
      28.38777
     ],
     [
      76.85145,
      28.38758
     ],
     [
      76.85141,
      28.38756
     ],
     [
      76.85127,
      28.38748
     ],
     [
      76.85106,
      28.38732
     ],
     [
      76.85082,
      28.38715
     ],
     [
      76.85078,
      28.38712
     ],
     [
      76.85065,
      28.38702
     ],
     [
      76.85045,
      28.38689
     ],
     [
      76.85011,
      28.38664
     ],
     [
      76.85,
      28.38655
     ],
     [
      76.84915,
      28.38592
     ],
     [
      76.8489,
      28.38573
     ],
     [
      76.8484,
      28.38536
     ],
     [
      76.84819,
      28.3852
     ],
     [
      76.84813,
      28.38516
     ],
     [
      76.84781,
      28.38492
     ],
     [
      76.84739,
      28.38463
     ],
     [
      76.84723,
      28.38452
     ],
     [
      76.84704,
      28.38439
     ],
     [
      76.84651,
      28.38405
     ],
     [
      76.84628,
      28.3839
     ],
     [
      76.84567,
      28.38358
     ],
     [
      76.84542,
      28.38345
     ],
     [
      76.84486,
      28.38317
     ],
     [
      76.84419,
      28.38285
     ],
     [
      76.84304,
      28.3823
     ],
     [
      76.84259,
      28.3821
     ],
     [
      76.84223,
      28.38195
     ],
     [
      76.84154,
      28.38166
     ],
     [
      76.84106,
      28.38145
     ],
     [
      76.84066,
      28.38126
     ],
     [
      76.84015,
      28.38106
     ],
     [
      76.83976,
      28.38091
     ],
     [
      76.83942,
      28.38078
     ],
     [
      76.83838,
      28.38039
     ],
     [
      76.83831,
      28.38036
     ],
     [
      76.83819,
      28.38032
     ],
     [
      76.8377,
      28.38013
     ],
     [
      76.83713,
      28.37988
     ],
     [
      76.83477,
      28.37882
     ],
     [
      76.83463,
      28.37874
     ],
     [
      76.83442,
      28.37862
     ],
     [
      76.83388,
      28.37832
     ],
     [
      76.83379,
      28.37826
     ],
     [
      76.83351,
      28.37809
     ],
     [
      76.83268,
      28.37751
     ],
     [
      76.83222,
      28.3772
     ],
     [
      76.83158,
      28.37681
     ],
     [
      76.83104,
      28.3765
     ],
     [
      76.83045,
      28.37615
     ],
     [
      76.8303,
      28.37605
     ],
     [
      76.83005,
      28.37588
     ],
     [
      76.82907,
      28.37508
     ],
     [
      76.82836,
      28.37448
     ],
     [
      76.82824,
      28.37437
     ],
     [
      76.82814,
      28.37428
     ],
     [
      76.82747,
      28.37371
     ],
     [
      76.82708,
      28.37337
     ],
     [
      76.82669,
      28.37303
     ],
     [
      76.82611,
      28.37257
     ],
     [
      76.82601,
      28.37249
     ],
     [
      76.82535,
      28.37198
     ],
     [
      76.82467,
      28.3715
     ],
     [
      76.8241,
      28.37116
     ],
     [
      76.82304,
      28.37055
     ],
     [
      76.82292,
      28.37049
     ],
     [
      76.82251,
      28.37029
     ],
     [
      76.8221,
      28.37011
     ],
     [
      76.82175,
      28.36995
     ],
     [
      76.82047,
      28.36936
     ],
     [
      76.81934,
      28.36889
     ],
     [
      76.81854,
      28.36857
     ],
     [
      76.81755,
      28.3681
     ],
     [
      76.81739,
      28.36802
     ],
     [
      76.81719,
      28.36793
     ],
     [
      76.81641,
      28.36753
     ],
     [
      76.81622,
      28.36743
     ],
     [
      76.81483,
      28.3667
     ],
     [
      76.81464,
      28.3666
     ],
     [
      76.81388,
      28.36618
     ],
     [
      76.81296,
      28.3656
     ],
     [
      76.81239,
      28.36519
     ],
     [
      76.81184,
      28.36476
     ],
     [
      76.81117,
      28.36421
     ],
     [
      76.81078,
      28.36389
     ],
     [
      76.81061,
      28.36374
     ],
     [
      76.8102,
      28.36339
     ],
     [
      76.80994,
      28.36316
     ],
     [
      76.80942,
      28.3627
     ],
     [
      76.80881,
      28.36215
     ],
     [
      76.80835,
      28.36174
     ],
     [
      76.80818,
      28.3616
     ],
     [
      76.80802,
      28.36148
     ],
     [
      76.80782,
      28.36132
     ],
     [
      76.80737,
      28.36096
     ],
     [
      76.80636,
      28.36015
     ],
     [
      76.80587,
      28.35974
     ],
     [
      76.8058,
      28.35968
     ],
     [
      76.8054,
      28.3593
     ],
     [
      76.8052,
      28.35909
     ],
     [
      76.80501,
      28.35885
     ],
     [
      76.8048,
      28.35856
     ],
     [
      76.80439,
      28.35794
     ],
     [
      76.80388,
      28.35711
     ],
     [
      76.80327,
      28.35609
     ],
     [
      76.803,
      28.35563
     ],
     [
      76.8028,
      28.35529
     ],
     [
      76.8026,
      28.35494
     ],
     [
      76.80234,
      28.35452
     ],
     [
      76.80206,
      28.35408
     ],
     [
      76.80094,
      28.35259
     ],
     [
      76.79974,
      28.35102
     ],
     [
      76.79935,
      28.3505
     ],
     [
      76.79867,
      28.3496
     ],
     [
      76.79848,
      28.34935
     ],
     [
      76.7978,
      28.34845
     ],
     [
      76.79771,
      28.34833
     ],
     [
      76.79763,
      28.34822
     ],
     [
      76.79729,
      28.34776
     ],
     [
      76.79676,
      28.34696
     ],
     [
      76.79652,
      28.34664
     ],
     [
      76.79646,
      28.34643
     ],
     [
      76.79629,
      28.34616
     ],
     [
      76.79616,
      28.34598
     ],
     [
      76.7958,
      28.34551
     ],
     [
      76.79521,
      28.34473
     ],
     [
      76.79492,
      28.34435
     ],
     [
      76.79464,
      28.34396
     ],
     [
      76.79448,
      28.34368
     ],
     [
      76.79443,
      28.34359
     ],
     [
      76.79433,
      28.3434
     ],
     [
      76.79415,
      28.34287
     ],
     [
      76.79403,
      28.34222
     ],
     [
      76.79401,
      28.34174
     ],
     [
      76.79387,
      28.34175
     ],
     [
      76.79372,
      28.34175
     ],
     [
      76.79361,
      28.34175
     ],
     [
      76.79316,
      28.34179
     ],
     [
      76.79293,
      28.3418
     ],
     [
      76.79279,
      28.34177
     ],
     [
      76.79242,
      28.34131
     ],
     [
      76.792,
      28.34079
     ],
     [
      76.79115,
      28.33973
     ],
     [
      76.79047,
      28.33888
     ],
     [
      76.78988,
      28.33823
     ],
     [
      76.78929,
      28.33756
     ],
     [
      76.78887,
      28.33714
     ],
     [
      76.78882,
      28.33709
     ],
     [
      76.78836,
      28.33663
     ],
     [
      76.78766,
      28.33598
     ],
     [
      76.78725,
      28.33559
     ],
     [
      76.78698,
      28.33534
     ],
     [
      76.7869,
      28.33527
     ],
     [
      76.78644,
      28.33483
     ],
     [
      76.78543,
      28.33389
     ],
     [
      76.78499,
      28.33348
     ],
     [
      76.78436,
      28.3329
     ],
     [
      76.78417,
      28.33272
     ],
     [
      76.78346,
      28.33207
     ],
     [
      76.78313,
      28.33177
     ],
     [
      76.78263,
      28.33132
     ],
     [
      76.78232,
      28.331
     ],
     [
      76.78207,
      28.33074
     ],
     [
      76.78171,
      28.33043
     ],
     [
      76.78162,
      28.33034
     ],
     [
      76.78153,
      28.33027
     ],
     [
      76.78116,
      28.32992
     ],
     [
      76.7808,
      28.32957
     ],
     [
      76.78057,
      28.32936
     ],
     [
      76.78051,
      28.3293
     ],
     [
      76.78028,
      28.32909
     ],
     [
      76.78024,
      28.32904
     ],
     [
      76.78006,
      28.32887
     ],
     [
      76.77987,
      28.32869
     ],
     [
      76.77952,
      28.32836
     ],
     [
      76.77915,
      28.32801
     ],
     [
      76.77896,
      28.32783
     ],
     [
      76.77869,
      28.32756
     ],
     [
      76.77865,
      28.32753
     ],
     [
      76.77861,
      28.32749
     ],
     [
      76.77823,
      28.32775
     ],
     [
      76.77821,
      28.32781
     ],
     [
      76.77792,
      28.32802
     ],
     [
      76.77771,
      28.32822
     ]
    ]
   }
  }
 ]
}
