corridor_id,corridor_name,road_class,day_of_week,hour,date,length_m,route_stable,free_flow_s,historic_s,live_s,traffic_delay_s,congestion_idx,source,collected_at
0,NH-48 Delhi-Gurgaon Expressway,highway,0,0,2026-08-17,21899,True,1991,1992,2030,0,0.0005,bootstrap,2026-08-16T14:35:25.096735Z
0,NH-48 Delhi-Gurgaon Expressway,highway,0,1,2026-08-17,21899,True,1991,1992,2030,0,0.0005,bootstrap,2026-08-16T14:35:25.611166Z
0,NH-48 Delhi-Gurgaon Expressway,highway,0,2,2026-08-17,21899,True,1991,1992,2030,0,0.0005,bootstrap,2026-08-16T14:35:26.139375Z
0,NH-48 Delhi-Gurgaon Expressway,highway,0,3,2026-08-17,21899,True,1991,1992,2030,0,0.0005,bootstrap,2026-08-16T14:35:26.692187Z
0,NH-48 Delhi-Gurgaon Expressway,highway,0,4,2026-08-17,21899,True,1991,2009,2009,0,0.009,bootstrap,2026-08-16T14:35:27.285115Z
0,NH-48 Delhi-Gurgaon Expressway,highway,0,5,2026-08-17,21899,True,1991,2016,2016,0,0.0124,bootstrap,2026-08-16T14:35:27.899400Z
0,NH-48 Delhi-Gurgaon Expressway,highway,0,6,2026-08-17,21899,True,1991,2031,2031,0,0.0197,bootstrap,2026-08-16T14:35:28.521596Z
0,NH-48 Delhi-Gurgaon Expressway,highway,0,7,2026-08-17,21899,True,1991,2097,2097,0,0.0505,bootstrap,2026-08-16T14:35:28.998167Z
0,NH-48 Delhi-Gurgaon Expressway,highway,0,8,2026-08-17,21899,True,1991,2205,2205,0,0.0971,bootstrap,2026-08-16T14:35:29.502922Z
0,NH-48 Delhi-Gurgaon Expressway,highway,0,9,2026-08-17,21899,True,1991,2214,2214,0,0.1007,bootstrap,2026-08-16T14:35:29.997105Z
0,NH-48 Delhi-Gurgaon Expressway,highway,0,10,2026-08-17,21899,True,1991,2230,2230,0,0.1072,bootstrap,2026-08-16T14:35:30.523577Z
0,NH-48 Delhi-Gurgaon Expressway,highway,0,11,2026-08-17,21899,True,1991,2285,2285,0,0.1287,bootstrap,2026-08-16T14:35:31.066848Z
0,NH-48 Delhi-Gurgaon Expressway,highway,0,12,2026-08-17,21899,True,1991,2322,2322,0,0.1425,bootstrap,2026-08-16T14:35:31.616151Z
0,NH-48 Delhi-Gurgaon Expressway,highway,0,13,2026-08-17,21899,True,1991,2323,2323,0,0.1429,bootstrap,2026-08-16T14:35:32.208278Z
0,NH-48 Delhi-Gurgaon Expressway,highway,0,14,2026-08-17,21899,True,1991,2361,2361,0,0.1567,bootstrap,2026-08-16T14:35:32.769936Z
0,NH-48 Delhi-Gurgaon Expressway,highway,0,15,2026-08-17,21899,True,1991,2442,2442,0,0.1847,bootstrap,2026-08-16T14:35:33.430357Z
0,NH-48 Delhi-Gurgaon Expressway,highway,0,16,2026-08-17,21899,True,1991,2530,2530,0,0.213,bootstrap,2026-08-16T14:35:33.936362Z
0,NH-48 Delhi-Gurgaon Expressway,highway,0,17,2026-08-17,21899,True,1991,2669,2669,0,0.254,bootstrap,2026-08-16T14:35:34.453675Z
0,NH-48 Delhi-Gurgaon Expressway,highway,0,18,2026-08-17,21899,True,1991,2811,2811,0,0.2917,bootstrap,2026-08-16T14:35:35.007543Z
0,NH-48 Delhi-Gurgaon Expressway,highway,0,19,2026-08-17,21899,True,1991,2709,2709,0,0.265,bootstrap,2026-08-16T14:35:35.600036Z
0,NH-48 Delhi-Gurgaon Expressway,highway,0,20,2026-08-17,21899,True,1991,2376,2376,0,0.162,bootstrap,2026-08-16T14:35:36.161642Z
0,NH-48 Delhi-Gurgaon Expressway,highway,0,21,2026-08-17,21899,True,1991,2142,2142,0,0.0705,bootstrap,2026-08-16T14:35:36.632798Z
0,NH-48 Delhi-Gurgaon Expressway,highway,0,22,2026-08-17,21899,True,1991,1992,1992,0,0.0005,bootstrap,2026-08-16T14:35:37.136866Z
0,NH-48 Delhi-Gurgaon Expressway,highway,0,23,2026-08-17,21899,True,1991,1992,1992,0,0.0005,bootstrap,2026-08-16T14:35:37.729026Z
0,NH-48 Delhi-Gurgaon Expressway,highway,1,0,2026-08-18,21899,True,1991,1992,1992,0,0.0005,bootstrap,2026-08-16T14:35:38.344278Z
0,NH-48 Delhi-Gurgaon Expressway,highway,1,1,2026-08-18,21899,True,1991,1992,1992,0,0.0005,bootstrap,2026-08-16T14:35:38.884952Z
0,NH-48 Delhi-Gurgaon Expressway,highway,1,2,2026-08-18,21899,True,1991,1992,1992,0,0.0005,bootstrap,2026-08-16T14:35:39.507787Z
0,NH-48 Delhi-Gurgaon Expressway,highway,1,3,2026-08-18,21899,True,1991,1992,1992,0,0.0005,bootstrap,2026-08-16T14:35:40.185940Z
0,NH-48 Delhi-Gurgaon Expressway,highway,1,4,2026-08-18,21899,True,1991,2009,2009,0,0.009,bootstrap,2026-08-16T14:35:40.671727Z
0,NH-48 Delhi-Gurgaon Expressway,highway,1,5,2026-08-18,21899,True,1991,2017,2017,0,0.0129,bootstrap,2026-08-16T14:35:41.216735Z
0,NH-48 Delhi-Gurgaon Expressway,highway,1,6,2026-08-18,21899,True,1991,2039,2039,0,0.0235,bootstrap,2026-08-16T14:35:41.716058Z
0,NH-48 Delhi-Gurgaon Expressway,highway,1,7,2026-08-18,21899,True,1991,2133,2133,0,0.0666,bootstrap,2026-08-16T14:35:42.221675Z
0,NH-48 Delhi-Gurgaon Expressway,highway,1,8,2026-08-18,21899,True,1991,2249,2249,0,0.1147,bootstrap,2026-08-16T14:35:42.779868Z
0,NH-48 Delhi-Gurgaon Expressway,highway,1,9,2026-08-18,21899,True,1991,2238,2238,0,0.1104,bootstrap,2026-08-16T14:35:43.335649Z
0,NH-48 Delhi-Gurgaon Expressway,highway,1,10,2026-08-18,21899,True,1991,2245,2245,0,0.1131,bootstrap,2026-08-16T14:35:43.883649Z
0,NH-48 Delhi-Gurgaon Expressway,highway,1,11,2026-08-18,21899,True,1991,2298,2298,0,0.1336,bootstrap,2026-08-16T14:35:44.358907Z
0,NH-48 Delhi-Gurgaon Expressway,highway,1,12,2026-08-18,21899,True,1991,2331,2331,0,0.1459,bootstrap,2026-08-16T14:35:44.836323Z
0,NH-48 Delhi-Gurgaon Expressway,highway,1,13,2026-08-18,21899,True,1991,2328,2328,0,0.1448,bootstrap,2026-08-16T14:35:45.345579Z
0,NH-48 Delhi-Gurgaon Expressway,highway,1,14,2026-08-18,21899,True,1991,2353,2353,0,0.1538,bootstrap,2026-08-16T14:35:45.851138Z
0,NH-48 Delhi-Gurgaon Expressway,highway,1,15,2026-08-18,21899,True,1991,2410,2410,0,0.1739,bootstrap,2026-08-16T14:35:46.396755Z
0,NH-48 Delhi-Gurgaon Expressway,highway,1,16,2026-08-18,21899,True,1991,2489,2489,0,0.2001,bootstrap,2026-08-16T14:35:46.971975Z
0,NH-48 Delhi-Gurgaon Expressway,highway,1,17,2026-08-18,21899,True,1991,2624,2624,0,0.2412,bootstrap,2026-08-16T14:35:47.717077Z
0,NH-48 Delhi-Gurgaon Expressway,highway,1,18,2026-08-18,21899,True,1991,2763,2763,0,0.2794,bootstrap,2026-08-16T14:35:48.384199Z
0,NH-48 Delhi-Gurgaon Expressway,highway,1,19,2026-08-18,21899,True,1991,2673,2673,0,0.2551,bootstrap,2026-08-16T14:35:48.890257Z
0,NH-48 Delhi-Gurgaon Expressway,highway,1,20,2026-08-18,21899,True,1991,2366,2366,0,0.1585,bootstrap,2026-08-16T14:35:49.414520Z
0,NH-48 Delhi-Gurgaon Expressway,highway,1,21,2026-08-18,21899,True,1991,2142,2142,0,0.0705,bootstrap,2026-08-16T14:35:50.023304Z
0,NH-48 Delhi-Gurgaon Expressway,highway,1,22,2026-08-18,21899,True,1991,1992,1992,0,0.0005,bootstrap,2026-08-16T14:35:50.563276Z
0,NH-48 Delhi-Gurgaon Expressway,highway,1,23,2026-08-18,21899,True,1991,1992,1992,0,0.0005,bootstrap,2026-08-16T14:35:51.119940Z
0,NH-48 Delhi-Gurgaon Expressway,highway,2,0,2026-08-19,21899,True,1991,1992,1992,0,0.0005,bootstrap,2026-08-16T14:35:51.669818Z
0,NH-48 Delhi-Gurgaon Expressway,highway,2,1,2026-08-19,21899,True,1991,1992,1992,0,0.0005,bootstrap,2026-08-16T14:35:52.148314Z
0,NH-48 Delhi-Gurgaon Expressway,highway,2,2,2026-08-19,21899,True,1991,1992,1992,0,0.0005,bootstrap,2026-08-16T14:35:52.654616Z
0,NH-48 Delhi-Gurgaon Expressway,highway,2,3,2026-08-19,21899,True,1991,1992,1992,0,0.0005,bootstrap,2026-08-16T14:35:53.169431Z
0,NH-48 Delhi-Gurgaon Expressway,highway,2,4,2026-08-19,21899,True,1991,2009,2009,0,0.009,bootstrap,2026-08-16T14:35:53.723434Z
0,NH-48 Delhi-Gurgaon Expressway,highway,2,5,2026-08-19,21899,True,1991,2017,2017,0,0.0129,bootstrap,2026-08-16T14:35:54.319663Z
0,NH-48 Delhi-Gurgaon Expressway,highway,2,6,2026-08-19,21899,True,1991,2032,2032,0,0.0202,bootstrap,2026-08-16T14:35:54.936194Z
0,NH-48 Delhi-Gurgaon Expressway,highway,2,7,2026-08-19,21899,True,1991,2087,2087,0,0.046,bootstrap,2026-08-16T14:35:55.549645Z
0,NH-48 Delhi-Gurgaon Expressway,highway,2,8,2026-08-19,21899,True,1991,2186,2186,0,0.0892,bootstrap,2026-08-16T14:35:56.020856Z
0,NH-48 Delhi-Gurgaon Expressway,highway,2,9,2026-08-19,21899,True,1991,2212,2212,0,0.0999,bootstrap,2026-08-16T14:35:56.503428Z
0,NH-48 Delhi-Gurgaon Expressway,highway,2,10,2026-08-19,21899,True,1991,2237,2237,0,0.11,bootstrap,2026-08-16T14:35:56.996408Z
0,NH-48 Delhi-Gurgaon Expressway,highway,2,11,2026-08-19,21899,True,1991,2300,2300,0,0.1343,bootstrap,2026-08-16T14:35:57.505488Z
0,NH-48 Delhi-Gurgaon Expressway,highway,2,12,2026-08-19,21899,True,1991,2346,2346,0,0.1513,bootstrap,2026-08-16T14:35:58.051434Z
0,NH-48 Delhi-Gurgaon Expressway,highway,2,13,2026-08-19,21899,True,1991,2352,2352,0,0.1535,bootstrap,2026-08-16T14:35:58.606560Z
0,NH-48 Delhi-Gurgaon Expressway,highway,2,14,2026-08-19,21899,True,1991,2392,2392,0,0.1676,bootstrap,2026-08-16T14:35:59.235838Z
0,NH-48 Delhi-Gurgaon Expressway,highway,2,15,2026-08-19,21899,True,1991,2454,2454,0,0.1887,bootstrap,2026-08-16T14:35:59.802436Z
0,NH-48 Delhi-Gurgaon Expressway,highway,2,16,2026-08-19,21899,True,1991,2524,2524,0,0.2112,bootstrap,2026-08-16T14:36:00.283753Z
0,NH-48 Delhi-Gurgaon Expressway,highway,2,17,2026-08-19,21899,True,1991,2643,2643,0,0.2467,bootstrap,2026-08-16T14:36:00.873438Z
0,NH-48 Delhi-Gurgaon Expressway,highway,2,18,2026-08-19,21899,True,1991,2776,2776,0,0.2828,bootstrap,2026-08-16T14:36:01.418987Z
0,NH-48 Delhi-Gurgaon Expressway,highway,2,19,2026-08-19,21899,True,1991,2692,2692,0,0.2604,bootstrap,2026-08-16T14:36:01.973712Z
0,NH-48 Delhi-Gurgaon Expressway,highway,2,20,2026-08-19,21899,True,1991,2376,2376,0,0.162,bootstrap,2026-08-16T14:36:02.555001Z
0,NH-48 Delhi-Gurgaon Expressway,highway,2,21,2026-08-19,21899,True,1991,2147,2147,0,0.0727,bootstrap,2026-08-16T14:36:03.103033Z
0,NH-48 Delhi-Gurgaon Expressway,highway,2,22,2026-08-19,21899,True,1991,1992,1992,0,0.0005,bootstrap,2026-08-16T14:36:03.566120Z
0,NH-48 Delhi-Gurgaon Expressway,highway,2,23,2026-08-19,21899,True,1991,1992,1992,0,0.0005,bootstrap,2026-08-16T14:36:04.148888Z
0,NH-48 Delhi-Gurgaon Expressway,highway,3,0,2026-08-20,21899,True,1991,1992,1992,0,0.0005,bootstrap,2026-08-16T14:36:04.767415Z
0,NH-48 Delhi-Gurgaon Expressway,highway,3,1,2026-08-20,21899,True,1991,1992,1992,0,0.0005,bootstrap,2026-08-16T14:36:05.277190Z
0,NH-48 Delhi-Gurgaon Expressway,highway,3,2,2026-08-20,21899,True,1991,1992,1992,0,0.0005,bootstrap,2026-08-16T14:36:05.836971Z
0,NH-48 Delhi-Gurgaon Expressway,highway,3,3,2026-08-20,21899,True,1991,1992,1992,0,0.0005,bootstrap,2026-08-16T14:36:06.384157Z
0,NH-48 Delhi-Gurgaon Expressway,highway,3,4,2026-08-20,21899,True,1991,2009,2009,0,0.009,bootstrap,2026-08-16T14:36:06.944273Z
0,NH-48 Delhi-Gurgaon Expressway,highway,3,5,2026-08-20,21899,True,1991,2016,2016,0,0.0124,bootstrap,2026-08-16T14:36:07.638144Z
0,NH-48 Delhi-Gurgaon Expressway,highway,3,6,2026-08-20,21899,True,1991,2032,2032,0,0.0202,bootstrap,2026-08-16T14:36:08.117877Z
0,NH-48 Delhi-Gurgaon Expressway,highway,3,7,2026-08-20,21899,True,1991,2088,2088,0,0.0465,bootstrap,2026-08-16T14:36:08.607452Z
0,NH-48 Delhi-Gurgaon Expressway,highway,3,8,2026-08-20,21899,True,1991,2191,2191,0,0.0913,bootstrap,2026-08-16T14:36:09.134271Z
0,NH-48 Delhi-Gurgaon Expressway,highway,3,9,2026-08-20,21899,True,1991,2215,2215,0,0.1011,bootstrap,2026-08-16T14:36:09.677707Z
0,NH-48 Delhi-Gurgaon Expressway,highway,3,10,2026-08-20,21899,True,1991,2231,2231,0,0.1076,bootstrap,2026-08-16T14:36:10.245582Z
0,NH-48 Delhi-Gurgaon Expressway,highway,3,11,2026-08-20,21899,True,1991,2286,2286,0,0.129,bootstrap,2026-08-16T14:36:10.845170Z
0,NH-48 Delhi-Gurgaon Expressway,highway,3,12,2026-08-20,21899,True,1991,2323,2323,0,0.1429,bootstrap,2026-08-16T14:36:11.318740Z
0,NH-48 Delhi-Gurgaon Expressway,highway,3,13,2026-08-20,21899,True,1991,2323,2323,0,0.1429,bootstrap,2026-08-16T14:36:11.798043Z
0,NH-48 Delhi-Gurgaon Expressway,highway,3,14,2026-08-20,21899,True,1991,2356,2356,0,0.1549,bootstrap,2026-08-16T14:36:12.342139Z
0,NH-48 Delhi-Gurgaon Expressway,highway,3,15,2026-08-20,21899,True,1991,2418,2418,0,0.1766,bootstrap,2026-08-16T14:36:12.956454Z
0,NH-48 Delhi-Gurgaon Expressway,highway,3,16,2026-08-20,21899,True,1991,2501,2501,0,0.2039,bootstrap,2026-08-16T14:36:13.489261Z
0,NH-48 Delhi-Gurgaon Expressway,highway,3,17,2026-08-20,21899,True,1991,2650,2650,0,0.2487,bootstrap,2026-08-16T14:36:14.185168Z
0,NH-48 Delhi-Gurgaon Expressway,highway,3,18,2026-08-20,21899,True,1991,2799,2799,0,0.2887,bootstrap,2026-08-16T14:36:14.765089Z
0,NH-48 Delhi-Gurgaon Expressway,highway,3,19,2026-08-20,21899,True,1991,2703,2703,0,0.2634,bootstrap,2026-08-16T14:36:15.413832Z
0,NH-48 Delhi-Gurgaon Expressway,highway,3,20,2026-08-20,21899,True,1991,2378,2378,0,0.1627,bootstrap,2026-08-16T14:36:16.029173Z
0,NH-48 Delhi-Gurgaon Expressway,highway,3,21,2026-08-20,21899,True,1991,2148,2148,0,0.0731,bootstrap,2026-08-16T14:36:16.538686Z
0,NH-48 Delhi-Gurgaon Expressway,highway,3,22,2026-08-20,21899,True,1991,1992,1992,0,0.0005,bootstrap,2026-08-16T14:36:17.050825Z
0,NH-48 Delhi-Gurgaon Expressway,highway,3,23,2026-08-20,21899,True,1991,1992,1992,0,0.0005,bootstrap,2026-08-16T14:36:17.586030Z
0,NH-48 Delhi-Gurgaon Expressway,highway,4,0,2026-08-21,21899,True,1991,1992,1992,0,0.0005,bootstrap,2026-08-16T14:36:18.129561Z
0,NH-48 Delhi-Gurgaon Expressway,highway,4,1,2026-08-21,21899,True,1991,1992,1992,0,0.0005,bootstrap,2026-08-16T14:36:18.893475Z
0,NH-48 Delhi-Gurgaon Expressway,highway,4,2,2026-08-21,21899,True,1991,1992,1992,0,0.0005,bootstrap,2026-08-16T14:36:19.393943Z
0,NH-48 Delhi-Gurgaon Expressway,highway,4,3,2026-08-21,21899,True,1991,1992,1992,0,0.0005,bootstrap,2026-08-16T14:36:19.871691Z
0,NH-48 Delhi-Gurgaon Expressway,highway,4,4,2026-08-21,21899,True,1991,2009,2009,0,0.009,bootstrap,2026-08-16T14:36:20.372092Z
0,NH-48 Delhi-Gurgaon Expressway,highway,4,5,2026-08-21,21899,True,1991,2015,2015,0,0.0119,bootstrap,2026-08-16T14:36:20.944746Z
0,NH-48 Delhi-Gurgaon Expressway,highway,4,6,2026-08-21,21899,True,1991,2032,2032,0,0.0202,bootstrap,2026-08-16T14:36:21.560574Z
0,NH-48 Delhi-Gurgaon Expressway,highway,4,7,2026-08-21,21899,True,1991,2103,2103,0,0.0533,bootstrap,2026-08-16T14:36:22.108270Z
0,NH-48 Delhi-Gurgaon Expressway,highway,4,8,2026-08-21,21899,True,1991,2214,2214,0,0.1007,bootstrap,2026-08-16T14:36:22.786899Z
0,NH-48 Delhi-Gurgaon Expressway,highway,4,9,2026-08-21,21899,True,1991,2236,2236,0,0.1096,bootstrap,2026-08-16T14:36:23.283483Z
0,NH-48 Delhi-Gurgaon Expressway,highway,4,10,2026-08-21,21899,True,1991,2257,2257,0,0.1179,bootstrap,2026-08-16T14:36:23.762578Z
0,NH-48 Delhi-Gurgaon Expressway,highway,4,11,2026-08-21,21899,True,1991,2321,2321,0,0.1422,bootstrap,2026-08-16T14:36:24.294652Z
0,NH-48 Delhi-Gurgaon Expressway,highway,4,12,2026-08-21,21899,True,1991,2363,2363,0,0.1574,bootstrap,2026-08-16T14:36:24.832329Z
0,NH-48 Delhi-Gurgaon Expressway,highway,4,13,2026-08-21,21899,True,1991,2364,2364,0,0.1578,bootstrap,2026-08-16T14:36:25.363737Z
0,NH-48 Delhi-Gurgaon Expressway,highway,4,14,2026-08-21,21899,True,1991,2404,2404,0,0.1718,bootstrap,2026-08-16T14:36:25.920365Z
0,NH-48 Delhi-Gurgaon Expressway,highway,4,15,2026-08-21,21899,True,1991,2480,2480,0,0.1972,bootstrap,2026-08-16T14:36:26.679234Z
0,NH-48 Delhi-Gurgaon Expressway,highway,4,16,2026-08-21,21899,True,1991,2581,2581,0,0.2286,bootstrap,2026-08-16T14:36:27.176230Z
0,NH-48 Delhi-Gurgaon Expressway,highway,4,17,2026-08-21,21899,True,1991,2742,2742,0,0.2739,bootstrap,2026-08-16T14:36:27.816701Z
0,NH-48 Delhi-Gurgaon Expressway,highway,4,18,2026-08-21,21899,True,1991,2864,2864,0,0.3048,bootstrap,2026-08-16T14:36:28.328366Z
0,NH-48 Delhi-Gurgaon Expressway,highway,4,19,2026-08-21,21899,True,1991,2739,2739,0,0.2731,bootstrap,2026-08-16T14:36:28.852330Z
0,NH-48 Delhi-Gurgaon Expressway,highway,4,20,2026-08-21,21899,True,1991,2391,2391,0,0.1673,bootstrap,2026-08-16T14:36:29.387070Z
0,NH-48 Delhi-Gurgaon Expressway,highway,4,21,2026-08-21,21899,True,1991,2147,2147,0,0.0727,bootstrap,2026-08-16T14:36:29.968380Z
0,NH-48 Delhi-Gurgaon Expressway,highway,4,22,2026-08-21,21899,True,1991,1992,1992,0,0.0005,bootstrap,2026-08-16T14:36:30.543601Z
0,NH-48 Delhi-Gurgaon Expressway,highway,4,23,2026-08-21,21899,True,1991,1992,1992,0,0.0005,bootstrap,2026-08-16T14:36:31.026572Z
0,NH-48 Delhi-Gurgaon Expressway,highway,5,0,2026-08-22,21899,True,1989,2001,2001,0,0.006,bootstrap,2026-08-16T14:36:31.519094Z
0,NH-48 Delhi-Gurgaon Expressway,highway,5,1,2026-08-22,21899,True,1989,2001,2001,0,0.006,bootstrap,2026-08-16T14:36:32.028052Z
0,NH-48 Delhi-Gurgaon Expressway,highway,5,2,2026-08-22,21899,True,1989,2001,2001,0,0.006,bootstrap,2026-08-16T14:36:32.617500Z
0,NH-48 Delhi-Gurgaon Expressway,highway,5,3,2026-08-22,21899,True,1989,2001,2001,0,0.006,bootstrap,2026-08-16T14:36:33.223666Z
0,NH-48 Delhi-Gurgaon Expressway,highway,5,4,2026-08-22,21899,True,1989,2017,2017,0,0.0139,bootstrap,2026-08-16T14:36:33.844689Z
0,NH-48 Delhi-Gurgaon Expressway,highway,5,5,2026-08-22,21899,True,1989,2020,2020,0,0.0153,bootstrap,2026-08-16T14:36:34.472753Z
0,NH-48 Delhi-Gurgaon Expressway,highway,5,6,2026-08-22,21899,True,1989,2039,2039,0,0.0245,bootstrap,2026-08-16T14:36:34.983243Z
0,NH-48 Delhi-Gurgaon Expressway,highway,5,7,2026-08-22,21899,True,1989,2121,2121,0,0.0622,bootstrap,2026-08-16T14:36:35.491190Z
0,NH-48 Delhi-Gurgaon Expressway,highway,5,8,2026-08-22,21899,True,1989,2219,2219,0,0.1037,bootstrap,2026-08-16T14:36:36.006501Z
0,NH-48 Delhi-Gurgaon Expressway,highway,5,9,2026-08-22,21899,True,1989,2232,2232,0,0.1089,bootstrap,2026-08-16T14:36:36.519897Z
0,NH-48 Delhi-Gurgaon Expressway,highway,5,10,2026-08-22,21899,True,1989,2272,2272,0,0.1246,bootstrap,2026-08-16T14:36:37.086598Z
0,NH-48 Delhi-Gurgaon Expressway,highway,5,11,2026-08-22,21899,True,1989,2340,2340,0,0.15,bootstrap,2026-08-16T14:36:37.736347Z
0,NH-48 Delhi-Gurgaon Expressway,highway,5,12,2026-08-22,21899,True,1989,2394,2394,0,0.1692,bootstrap,2026-08-16T14:36:38.353262Z
0,NH-48 Delhi-Gurgaon Expressway,highway,5,13,2026-08-22,21899,True,1989,2414,2414,0,0.1761,bootstrap,2026-08-16T14:36:38.952836Z
0,NH-48 Delhi-Gurgaon Expressway,highway,5,14,2026-08-22,21899,True,1989,2461,2461,0,0.1918,bootstrap,2026-08-16T14:36:39.455389Z
0,NH-48 Delhi-Gurgaon Expressway,highway,5,15,2026-08-22,21899,True,1989,2552,2552,0,0.2206,bootstrap,2026-08-16T14:36:39.989590Z
0,NH-48 Delhi-Gurgaon Expressway,highway,5,16,2026-08-22,21899,True,1989,2605,2605,0,0.2365,bootstrap,2026-08-16T14:36:40.533347Z
0,NH-48 Delhi-Gurgaon Expressway,highway,5,17,2026-08-22,21899,True,1989,2594,2594,0,0.2332,bootstrap,2026-08-16T14:36:41.077639Z
0,NH-48 Delhi-Gurgaon Expressway,highway,5,18,2026-08-22,21899,True,1989,2506,2506,0,0.2063,bootstrap,2026-08-16T14:36:41.627396Z
0,NH-48 Delhi-Gurgaon Expressway,highway,5,19,2026-08-22,21899,True,1989,2366,2366,0,0.1593,bootstrap,2026-08-16T14:36:42.180893Z
0,NH-48 Delhi-Gurgaon Expressway,highway,5,20,2026-08-22,21899,True,1989,2241,2241,0,0.1124,bootstrap,2026-08-16T14:36:42.649836Z
0,NH-48 Delhi-Gurgaon Expressway,highway,5,21,2026-08-22,21899,True,1989,2119,2119,0,0.0613,bootstrap,2026-08-16T14:36:43.485954Z
0,NH-48 Delhi-Gurgaon Expressway,highway,5,22,2026-08-22,21899,True,1989,2001,2001,0,0.006,bootstrap,2026-08-16T14:36:43.995815Z
0,NH-48 Delhi-Gurgaon Expressway,highway,5,23,2026-08-22,21899,True,1989,2001,2001,0,0.006,bootstrap,2026-08-16T14:36:44.538816Z
0,NH-48 Delhi-Gurgaon Expressway,highway,6,0,2026-08-23,21899,True,1989,2001,2001,0,0.006,bootstrap,2026-08-16T14:36:45.119282Z
0,NH-48 Delhi-Gurgaon Expressway,highway,6,1,2026-08-23,21899,True,1989,2001,2001,0,0.006,bootstrap,2026-08-16T14:36:45.685362Z
0,NH-48 Delhi-Gurgaon Expressway,highway,6,2,2026-08-23,21899,True,1989,2001,2001,0,0.006,bootstrap,2026-08-16T14:36:46.238955Z
0,NH-48 Delhi-Gurgaon Expressway,highway,6,3,2026-08-23,21899,True,1989,2001,2001,0,0.006,bootstrap,2026-08-16T14:36:46.710495Z
0,NH-48 Delhi-Gurgaon Expressway,highway,6,4,2026-08-23,21899,True,1989,2011,2011,0,0.0109,bootstrap,2026-08-16T14:36:47.357265Z
0,NH-48 Delhi-Gurgaon Expressway,highway,6,5,2026-08-23,21899,True,1989,2015,2015,0,0.0129,bootstrap,2026-08-16T14:36:47.979604Z
0,NH-48 Delhi-Gurgaon Expressway,highway,6,6,2026-08-23,21899,True,1989,2021,2021,0,0.0158,bootstrap,2026-08-16T14:36:48.491546Z
0,NH-48 Delhi-Gurgaon Expressway,highway,6,7,2026-08-23,21899,True,1989,2039,2039,0,0.0245,bootstrap,2026-08-16T14:36:49.071442Z
0,NH-48 Delhi-Gurgaon Expressway,highway,6,8,2026-08-23,21899,True,1989,2074,2074,0,0.041,bootstrap,2026-08-16T14:36:50.715910Z
0,NH-48 Delhi-Gurgaon Expressway,highway,6,9,2026-08-23,21899,True,1989,2075,2075,0,0.0414,bootstrap,2026-08-16T14:36:51.271160Z
0,NH-48 Delhi-Gurgaon Expressway,highway,6,10,2026-08-23,21899,True,1989,2079,2079,0,0.0433,bootstrap,2026-08-16T14:36:51.738549Z
0,NH-48 Delhi-Gurgaon Expressway,highway,6,11,2026-08-23,21899,True,1989,2093,2093,0,0.0497,bootstrap,2026-08-16T14:36:52.215827Z
0,NH-48 Delhi-Gurgaon Expressway,highway,6,12,2026-08-23,21899,True,1989,2101,2101,0,0.0533,bootstrap,2026-08-16T14:36:52.724474Z
0,NH-48 Delhi-Gurgaon Expressway,highway,6,13,2026-08-23,21899,True,1989,2101,2101,0,0.0533,bootstrap,2026-08-16T14:36:53.232823Z
0,NH-48 Delhi-Gurgaon Expressway,highway,6,14,2026-08-23,21899,True,1989,2105,2105,0,0.0551,bootstrap,2026-08-16T14:36:53.779859Z
0,NH-48 Delhi-Gurgaon Expressway,highway,6,15,2026-08-23,21899,True,1989,2119,2119,0,0.0613,bootstrap,2026-08-16T14:36:54.323064Z
0,NH-48 Delhi-Gurgaon Expressway,highway,6,16,2026-08-23,21899,True,1989,2144,2144,0,0.0723,bootstrap,2026-08-16T14:36:54.942570Z
0,NH-48 Delhi-Gurgaon Expressway,highway,6,17,2026-08-23,21899,True,1989,2185,2185,0,0.0897,bootstrap,2026-08-16T14:36:55.415983Z
0,NH-48 Delhi-Gurgaon Expressway,highway,6,18,2026-08-23,21899,True,1989,2202,2202,0,0.0967,bootstrap,2026-08-16T14:36:55.976548Z
0,NH-48 Delhi-Gurgaon Expressway,highway,6,19,2026-08-23,21899,True,1989,2150,2150,0,0.0749,bootstrap,2026-08-16T14:36:56.510617Z
0,NH-48 Delhi-Gurgaon Expressway,highway,6,20,2026-08-23,21899,True,1989,2097,2097,0,0.0515,bootstrap,2026-08-16T14:36:57.334939Z
0,NH-48 Delhi-Gurgaon Expressway,highway,6,21,2026-08-23,21899,True,1989,2047,2047,0,0.0283,bootstrap,2026-08-16T14:36:57.873563Z
0,NH-48 Delhi-Gurgaon Expressway,highway,6,22,2026-08-23,21899,True,1989,2001,2001,0,0.006,bootstrap,2026-08-16T14:36:58.523444Z
0,NH-48 Delhi-Gurgaon Expressway,highway,6,23,2026-08-23,21899,True,1989,2001,2001,0,0.006,bootstrap,2026-08-16T14:36:59.131114Z
1,MG Road,arterial,0,0,2026-08-17,3850,True,408,408,416,0,0.0,bootstrap,2026-08-16T14:36:59.460903Z
1,MG Road,arterial,0,1,2026-08-17,3850,True,408,408,416,0,0.0,bootstrap,2026-08-16T14:36:59.805299Z
1,MG Road,arterial,0,2,2026-08-17,3850,True,408,408,416,0,0.0,bootstrap,2026-08-16T14:37:00.168620Z
1,MG Road,arterial,0,3,2026-08-17,3850,True,408,408,416,0,0.0,bootstrap,2026-08-16T14:37:00.576336Z
1,MG Road,arterial,0,4,2026-08-17,3850,True,408,412,412,0,0.0097,bootstrap,2026-08-16T14:37:01.085367Z
1,MG Road,arterial,0,5,2026-08-17,3850,True,408,413,413,0,0.0121,bootstrap,2026-08-16T14:37:01.503943Z
1,MG Road,arterial,0,6,2026-08-17,3850,True,408,415,415,0,0.0169,bootstrap,2026-08-16T14:37:01.934581Z
1,MG Road,arterial,0,7,2026-08-17,3850,True,408,427,427,0,0.0445,bootstrap,2026-08-16T14:37:02.266153Z
1,MG Road,arterial,0,8,2026-08-17,3850,True,408,479,479,0,0.1482,bootstrap,2026-08-16T14:37:02.645839Z
1,MG Road,arterial,0,9,2026-08-17,3850,True,408,521,521,0,0.2169,bootstrap,2026-08-16T14:37:03.011885Z
1,MG Road,arterial,0,10,2026-08-17,3850,True,408,536,536,0,0.2388,bootstrap,2026-08-16T14:37:03.398063Z
1,MG Road,arterial,0,11,2026-08-17,3850,True,408,559,559,0,0.2701,bootstrap,2026-08-16T14:37:03.835534Z
1,MG Road,arterial,0,12,2026-08-17,3850,True,408,556,556,0,0.2662,bootstrap,2026-08-16T14:37:04.237082Z
1,MG Road,arterial,0,13,2026-08-17,3850,True,408,523,523,0,0.2199,bootstrap,2026-08-16T14:37:04.658081Z
1,MG Road,arterial,0,14,2026-08-17,3850,True,408,471,471,0,0.1338,bootstrap,2026-08-16T14:37:04.995572Z
1,MG Road,arterial,0,15,2026-08-17,3850,True,408,473,473,0,0.1374,bootstrap,2026-08-16T14:37:05.345362Z
1,MG Road,arterial,0,16,2026-08-17,3850,True,408,506,506,0,0.1937,bootstrap,2026-08-16T14:37:05.705692Z
1,MG Road,arterial,0,17,2026-08-17,3850,True,408,582,582,0,0.299,bootstrap,2026-08-16T14:37:06.129647Z
1,MG Road,arterial,0,18,2026-08-17,3850,True,408,675,675,0,0.3956,bootstrap,2026-08-16T14:37:06.526912Z
1,MG Road,arterial,0,19,2026-08-17,3850,True,408,685,685,0,0.4044,bootstrap,2026-08-16T14:37:07.021799Z
1,MG Road,arterial,0,20,2026-08-17,3850,True,408,579,579,0,0.2953,bootstrap,2026-08-16T14:37:07.453262Z
1,MG Road,arterial,0,21,2026-08-17,3850,True,408,469,469,0,0.1301,bootstrap,2026-08-16T14:37:07.844728Z
1,MG Road,arterial,0,22,2026-08-17,3850,True,408,408,408,0,0.0,bootstrap,2026-08-16T14:37:08.206279Z
1,MG Road,arterial,0,23,2026-08-17,3850,True,408,408,408,0,0.0,bootstrap,2026-08-16T14:37:08.567518Z
1,MG Road,arterial,1,0,2026-08-18,3850,True,408,408,408,0,0.0,bootstrap,2026-08-16T14:37:08.977742Z
1,MG Road,arterial,1,1,2026-08-18,3850,True,408,408,408,0,0.0,bootstrap,2026-08-16T14:37:09.427739Z
1,MG Road,arterial,1,2,2026-08-18,3850,True,408,408,408,0,0.0,bootstrap,2026-08-16T14:37:09.840134Z
1,MG Road,arterial,1,3,2026-08-18,3850,True,408,408,408,0,0.0,bootstrap,2026-08-16T14:37:10.285158Z
1,MG Road,arterial,1,4,2026-08-18,3850,True,408,412,412,0,0.0097,bootstrap,2026-08-16T14:37:10.624137Z
1,MG Road,arterial,1,5,2026-08-18,3850,True,408,413,413,0,0.0121,bootstrap,2026-08-16T14:37:10.983860Z
1,MG Road,arterial,1,6,2026-08-18,3850,True,408,417,417,0,0.0216,bootstrap,2026-08-16T14:37:11.426705Z
1,MG Road,arterial,1,7,2026-08-18,3850,True,408,433,433,0,0.0577,bootstrap,2026-08-16T14:37:11.799744Z
1,MG Road,arterial,1,8,2026-08-18,3850,True,408,490,490,0,0.1673,bootstrap,2026-08-16T14:37:12.226207Z
1,MG Road,arterial,1,9,2026-08-18,3850,True,408,532,532,0,0.2331,bootstrap,2026-08-16T14:37:12.625999Z
1,MG Road,arterial,1,10,2026-08-18,3850,True,408,549,549,0,0.2568,bootstrap,2026-08-16T14:37:13.040688Z
1,MG Road,arterial,1,11,2026-08-18,3850,True,408,571,571,0,0.2855,bootstrap,2026-08-16T14:37:13.580587Z
1,MG Road,arterial,1,12,2026-08-18,3850,True,408,567,567,0,0.2804,bootstrap,2026-08-16T14:37:13.929004Z
1,MG Road,arterial,1,13,2026-08-18,3850,True,408,529,529,0,0.2287,bootstrap,2026-08-16T14:37:14.296078Z
1,MG Road,arterial,1,14,2026-08-18,3850,True,408,473,473,0,0.1374,bootstrap,2026-08-16T14:37:14.807801Z
1,MG Road,arterial,1,15,2026-08-18,3850,True,408,476,476,0,0.1429,bootstrap,2026-08-16T14:37:15.206691Z
1,MG Road,arterial,1,16,2026-08-18,3850,True,408,508,508,0,0.1969,bootstrap,2026-08-16T14:37:15.607561Z
1,MG Road,arterial,1,17,2026-08-18,3850,True,408,580,580,0,0.2966,bootstrap,2026-08-16T14:37:16.108358Z
1,MG Road,arterial,1,18,2026-08-18,3850,True,408,662,662,0,0.3837,bootstrap,2026-08-16T14:37:16.450439Z
1,MG Road,arterial,1,19,2026-08-18,3850,True,408,671,671,0,0.392,bootstrap,2026-08-16T14:37:17.311716Z
1,MG Road,arterial,1,20,2026-08-18,3850,True,408,574,574,0,0.2892,bootstrap,2026-08-16T14:37:17.672193Z
1,MG Road,arterial,1,21,2026-08-18,3850,True,408,469,469,0,0.1301,bootstrap,2026-08-16T14:37:18.083322Z
1,MG Road,arterial,1,22,2026-08-18,3850,True,408,408,408,0,0.0,bootstrap,2026-08-16T14:37:18.493714Z
1,MG Road,arterial,1,23,2026-08-18,3850,True,408,408,408,0,0.0,bootstrap,2026-08-16T14:37:18.900025Z
1,MG Road,arterial,2,0,2026-08-19,3850,True,408,408,408,0,0.0,bootstrap,2026-08-16T14:37:19.325230Z
1,MG Road,arterial,2,1,2026-08-19,3850,True,408,408,408,0,0.0,bootstrap,2026-08-16T14:37:19.720930Z
1,MG Road,arterial,2,2,2026-08-19,3850,True,408,408,408,0,0.0,bootstrap,2026-08-16T14:37:20.130410Z
1,MG Road,arterial,2,3,2026-08-19,3850,True,408,408,408,0,0.0,bootstrap,2026-08-16T14:37:20.743454Z
1,MG Road,arterial,2,4,2026-08-19,3850,True,408,412,412,0,0.0097,bootstrap,2026-08-16T14:37:21.119890Z
1,MG Road,arterial,2,5,2026-08-19,3850,True,408,413,413,0,0.0121,bootstrap,2026-08-16T14:37:21.534360Z
1,MG Road,arterial,2,6,2026-08-19,3850,True,408,416,416,0,0.0192,bootstrap,2026-08-16T14:37:21.952121Z
1,MG Road,arterial,2,7,2026-08-19,3850,True,408,434,434,0,0.0599,bootstrap,2026-08-16T14:37:22.392302Z
1,MG Road,arterial,2,8,2026-08-19,3850,True,408,498,498,0,0.1807,bootstrap,2026-08-16T14:37:22.792915Z
1,MG Road,arterial,2,9,2026-08-19,3850,True,408,545,545,0,0.2514,bootstrap,2026-08-16T14:37:23.147539Z
1,MG Road,arterial,2,10,2026-08-19,3850,True,408,564,564,0,0.2766,bootstrap,2026-08-16T14:37:23.508481Z
1,MG Road,arterial,2,11,2026-08-19,3850,True,408,592,592,0,0.3108,bootstrap,2026-08-16T14:37:23.882879Z
1,MG Road,arterial,2,12,2026-08-19,3850,True,408,593,593,0,0.312,bootstrap,2026-08-16T14:37:24.276398Z
1,MG Road,arterial,2,13,2026-08-19,3850,True,408,557,557,0,0.2675,bootstrap,2026-08-16T14:37:24.690124Z
1,MG Road,arterial,2,14,2026-08-19,3850,True,408,498,498,0,0.1807,bootstrap,2026-08-16T14:37:25.126257Z
1,MG Road,arterial,2,15,2026-08-19,3850,True,408,499,499,0,0.1824,bootstrap,2026-08-16T14:37:25.458664Z
1,MG Road,arterial,2,16,2026-08-19,3850,True,408,533,533,0,0.2345,bootstrap,2026-08-16T14:37:25.866343Z
1,MG Road,arterial,2,17,2026-08-19,3850,True,408,615,615,0,0.3366,bootstrap,2026-08-16T14:37:26.903518Z
1,MG Road,arterial,2,18,2026-08-19,3850,True,408,701,701,0,0.418,bootstrap,2026-08-16T14:37:27.465577Z
1,MG Road,arterial,2,19,2026-08-19,3850,True,408,713,713,0,0.4278,bootstrap,2026-08-16T14:37:27.874879Z
1,MG Road,arterial,2,20,2026-08-19,3850,True,408,602,602,0,0.3223,bootstrap,2026-08-16T14:37:28.288882Z
1,MG Road,arterial,2,21,2026-08-19,3850,True,408,480,480,0,0.15,bootstrap,2026-08-16T14:37:28.745053Z
1,MG Road,arterial,2,22,2026-08-19,3850,True,408,408,408,0,0.0,bootstrap,2026-08-16T14:37:29.071961Z
1,MG Road,arterial,2,23,2026-08-19,3850,True,408,408,408,0,0.0,bootstrap,2026-08-16T14:37:29.432680Z
1,MG Road,arterial,3,0,2026-08-20,3850,True,408,408,408,0,0.0,bootstrap,2026-08-16T14:37:29.793651Z
1,MG Road,arterial,3,1,2026-08-20,3850,True,408,408,408,0,0.0,bootstrap,2026-08-16T14:37:30.183858Z
1,MG Road,arterial,3,2,2026-08-20,3850,True,408,408,408,0,0.0,bootstrap,2026-08-16T14:37:30.578514Z
1,MG Road,arterial,3,3,2026-08-20,3850,True,408,408,408,0,0.0,bootstrap,2026-08-16T14:37:30.985923Z
1,MG Road,arterial,3,4,2026-08-20,3850,True,408,412,412,0,0.0097,bootstrap,2026-08-16T14:37:31.416887Z
1,MG Road,arterial,3,5,2026-08-20,3850,True,408,413,413,0,0.0121,bootstrap,2026-08-16T14:37:31.789440Z
1,MG Road,arterial,3,6,2026-08-20,3850,True,408,415,415,0,0.0169,bootstrap,2026-08-16T14:37:32.213224Z
1,MG Road,arterial,3,7,2026-08-20,3850,True,408,428,428,0,0.0467,bootstrap,2026-08-16T14:37:32.583031Z
1,MG Road,arterial,3,8,2026-08-20,3850,True,408,486,486,0,0.1605,bootstrap,2026-08-16T14:37:32.953518Z
1,MG Road,arterial,3,9,2026-08-20,3850,True,408,529,529,0,0.2287,bootstrap,2026-08-16T14:37:33.647792Z
1,MG Road,arterial,3,10,2026-08-20,3850,True,408,546,546,0,0.2527,bootstrap,2026-08-16T14:37:34.056571Z
1,MG Road,arterial,3,11,2026-08-20,3850,True,408,571,571,0,0.2855,bootstrap,2026-08-16T14:37:34.672699Z
1,MG Road,arterial,3,12,2026-08-20,3850,True,408,570,570,0,0.2842,bootstrap,2026-08-16T14:37:35.011778Z
1,MG Road,arterial,3,13,2026-08-20,3850,True,408,538,538,0,0.2416,bootstrap,2026-08-16T14:37:35.360331Z
1,MG Road,arterial,3,14,2026-08-20,3850,True,408,482,482,0,0.1535,bootstrap,2026-08-16T14:37:35.921710Z
1,MG Road,arterial,3,15,2026-08-20,3850,True,408,479,479,0,0.1482,bootstrap,2026-08-16T14:37:36.331208Z
1,MG Road,arterial,3,16,2026-08-20,3850,True,408,510,510,0,0.2,bootstrap,2026-08-16T14:37:36.889392Z
1,MG Road,arterial,3,17,2026-08-20,3850,True,408,583,583,0,0.3002,bootstrap,2026-08-16T14:37:37.333533Z
1,MG Road,arterial,3,18,2026-08-20,3850,True,408,662,662,0,0.3837,bootstrap,2026-08-16T14:37:37.752418Z
1,MG Road,arterial,3,19,2026-08-20,3850,True,408,676,676,0,0.3964,bootstrap,2026-08-16T14:37:38.122671Z
1,MG Road,arterial,3,20,2026-08-20,3850,True,408,581,581,0,0.2978,bootstrap,2026-08-16T14:37:38.561314Z
1,MG Road,arterial,3,21,2026-08-20,3850,True,408,473,473,0,0.1374,bootstrap,2026-08-16T14:37:38.923940Z
1,MG Road,arterial,3,22,2026-08-20,3850,True,408,408,408,0,0.0,bootstrap,2026-08-16T14:37:39.297283Z
1,MG Road,arterial,3,23,2026-08-20,3850,True,408,408,408,0,0.0,bootstrap,2026-08-16T14:37:39.700815Z
1,MG Road,arterial,4,0,2026-08-21,3850,True,408,408,408,0,0.0,bootstrap,2026-08-16T14:37:40.201741Z
1,MG Road,arterial,4,1,2026-08-21,3850,True,408,408,408,0,0.0,bootstrap,2026-08-16T14:37:40.612620Z
1,MG Road,arterial,4,2,2026-08-21,3850,True,408,408,408,0,0.0,bootstrap,2026-08-16T14:37:41.034950Z
1,MG Road,arterial,4,3,2026-08-21,3850,True,408,408,408,0,0.0,bootstrap,2026-08-16T14:37:41.429888Z
1,MG Road,arterial,4,4,2026-08-21,3850,True,408,412,412,0,0.0097,bootstrap,2026-08-16T14:37:41.802288Z
1,MG Road,arterial,4,5,2026-08-21,3850,True,408,413,413,0,0.0121,bootstrap,2026-08-16T14:37:42.176350Z
1,MG Road,arterial,4,6,2026-08-21,3850,True,408,415,415,0,0.0169,bootstrap,2026-08-16T14:37:42.864851Z
1,MG Road,arterial,4,7,2026-08-21,3850,True,408,430,430,0,0.0512,bootstrap,2026-08-16T14:37:43.260785Z
1,MG Road,arterial,4,8,2026-08-21,3850,True,408,483,483,0,0.1553,bootstrap,2026-08-16T14:37:43.680855Z
1,MG Road,arterial,4,9,2026-08-21,3850,True,408,518,518,0,0.2124,bootstrap,2026-08-16T14:37:44.020375Z
1,MG Road,arterial,4,10,2026-08-21,3850,True,408,523,523,0,0.2199,bootstrap,2026-08-16T14:37:44.365061Z
1,MG Road,arterial,4,11,2026-08-21,3850,True,408,543,543,0,0.2486,bootstrap,2026-08-16T14:37:44.725964Z
1,MG Road,arterial,4,12,2026-08-21,3850,True,408,551,551,0,0.2595,bootstrap,2026-08-16T14:37:45.117073Z
1,MG Road,arterial,4,13,2026-08-21,3850,True,408,536,536,0,0.2388,bootstrap,2026-08-16T14:37:45.522820Z
1,MG Road,arterial,4,14,2026-08-21,3850,True,408,501,501,0,0.1856,bootstrap,2026-08-16T14:37:45.953346Z
1,MG Road,arterial,4,15,2026-08-21,3850,True,408,498,498,0,0.1807,bootstrap,2026-08-16T14:37:46.382912Z
1,MG Road,arterial,4,16,2026-08-21,3850,True,408,529,529,0,0.2287,bootstrap,2026-08-16T14:37:46.730815Z
1,MG Road,arterial,4,17,2026-08-21,3850,True,408,610,610,0,0.3311,bootstrap,2026-08-16T14:37:47.167358Z
1,MG Road,arterial,4,18,2026-08-21,3850,True,408,713,713,0,0.4278,bootstrap,2026-08-16T14:37:47.533583Z
1,MG Road,arterial,4,19,2026-08-21,3850,True,408,722,722,0,0.4349,bootstrap,2026-08-16T14:37:47.922406Z
1,MG Road,arterial,4,20,2026-08-21,3850,True,408,598,598,0,0.3177,bootstrap,2026-08-16T14:37:48.466038Z
1,MG Road,arterial,4,21,2026-08-21,3850,True,408,478,478,0,0.1464,bootstrap,2026-08-16T14:37:48.922379Z
1,MG Road,arterial,4,22,2026-08-21,3850,True,408,408,408,0,0.0,bootstrap,2026-08-16T14:37:49.349855Z
1,MG Road,arterial,4,23,2026-08-21,3850,True,408,408,408,0,0.0,bootstrap,2026-08-16T14:37:49.694711Z
1,MG Road,arterial,5,0,2026-08-22,3850,True,408,408,408,0,0.0,bootstrap,2026-08-16T14:37:50.034209Z
1,MG Road,arterial,5,1,2026-08-22,3850,True,408,408,408,0,0.0,bootstrap,2026-08-16T14:37:50.391865Z
1,MG Road,arterial,5,2,2026-08-22,3850,True,408,408,408,0,0.0,bootstrap,2026-08-16T14:37:50.768667Z
1,MG Road,arterial,5,3,2026-08-22,3850,True,408,408,408,0,0.0,bootstrap,2026-08-16T14:37:51.259260Z
1,MG Road,arterial,5,4,2026-08-22,3850,True,408,411,411,0,0.0073,bootstrap,2026-08-16T14:37:51.697674Z
1,MG Road,arterial,5,5,2026-08-22,3850,True,408,413,413,0,0.0121,bootstrap,2026-08-16T14:37:52.122187Z
1,MG Road,arterial,5,6,2026-08-22,3850,True,408,413,413,0,0.0121,bootstrap,2026-08-16T14:37:52.511965Z
1,MG Road,arterial,5,7,2026-08-22,3850,True,408,420,420,0,0.0286,bootstrap,2026-08-16T14:37:52.857459Z
1,MG Road,arterial,5,8,2026-08-22,3850,True,408,443,443,0,0.079,bootstrap,2026-08-16T14:37:53.219445Z
1,MG Road,arterial,5,9,2026-08-22,3850,True,408,450,450,0,0.0933,bootstrap,2026-08-16T14:37:53.611128Z
1,MG Road,arterial,5,10,2026-08-22,3850,True,408,453,453,0,0.0993,bootstrap,2026-08-16T14:37:54.010932Z
1,MG Road,arterial,5,11,2026-08-22,3850,True,408,466,466,0,0.1245,bootstrap,2026-08-16T14:37:54.438463Z
1,MG Road,arterial,5,12,2026-08-22,3850,True,408,478,478,0,0.1464,bootstrap,2026-08-16T14:37:54.862351Z
1,MG Road,arterial,5,13,2026-08-22,3850,True,408,482,482,0,0.1535,bootstrap,2026-08-16T14:37:55.204024Z
1,MG Road,arterial,5,14,2026-08-22,3850,True,408,487,487,0,0.1622,bootstrap,2026-08-16T14:37:56.010642Z
1,MG Road,arterial,5,15,2026-08-22,3850,True,408,503,503,0,0.1889,bootstrap,2026-08-16T14:37:56.379424Z
1,MG Road,arterial,5,16,2026-08-22,3850,True,408,527,527,0,0.2258,bootstrap,2026-08-16T14:37:56.759573Z
1,MG Road,arterial,5,17,2026-08-22,3850,True,408,567,567,0,0.2804,bootstrap,2026-08-16T14:37:57.150412Z
1,MG Road,arterial,5,18,2026-08-22,3850,True,408,621,621,0,0.343,bootstrap,2026-08-16T14:37:57.616007Z
1,MG Road,arterial,5,19,2026-08-22,3850,True,408,618,618,0,0.3398,bootstrap,2026-08-16T14:37:58.044905Z
1,MG Road,arterial,5,20,2026-08-22,3850,True,408,530,530,0,0.2302,bootstrap,2026-08-16T14:37:58.427298Z
1,MG Road,arterial,5,21,2026-08-22,3850,True,408,458,458,0,0.1092,bootstrap,2026-08-16T14:37:58.784141Z
1,MG Road,arterial,5,22,2026-08-22,3850,True,408,408,408,0,0.0,bootstrap,2026-08-16T14:37:59.154547Z
1,MG Road,arterial,5,23,2026-08-22,3850,True,408,408,408,0,0.0,bootstrap,2026-08-16T14:37:59.543122Z
1,MG Road,arterial,6,0,2026-08-23,3850,True,408,408,408,0,0.0,bootstrap,2026-08-16T14:37:59.964767Z
1,MG Road,arterial,6,1,2026-08-23,3850,True,408,408,408,0,0.0,bootstrap,2026-08-16T14:38:00.373485Z
1,MG Road,arterial,6,2,2026-08-23,3850,True,408,408,408,0,0.0,bootstrap,2026-08-16T14:38:00.788572Z
1,MG Road,arterial,6,3,2026-08-23,3850,True,408,408,408,0,0.0,bootstrap,2026-08-16T14:38:01.121651Z
1,MG Road,arterial,6,4,2026-08-23,3850,True,408,410,410,0,0.0049,bootstrap,2026-08-16T14:38:01.471929Z
1,MG Road,arterial,6,5,2026-08-23,3850,True,408,412,412,0,0.0097,bootstrap,2026-08-16T14:38:01.832148Z
1,MG Road,arterial,6,6,2026-08-23,3850,True,408,412,412,0,0.0097,bootstrap,2026-08-16T14:38:02.202988Z
1,MG Road,arterial,6,7,2026-08-23,3850,True,408,414,414,0,0.0145,bootstrap,2026-08-16T14:38:02.594583Z
1,MG Road,arterial,6,8,2026-08-23,3850,True,408,420,420,0,0.0286,bootstrap,2026-08-16T14:38:03.025386Z
1,MG Road,arterial,6,9,2026-08-23,3850,True,408,424,424,0,0.0377,bootstrap,2026-08-16T14:38:03.447557Z
1,MG Road,arterial,6,10,2026-08-23,3850,True,408,428,428,0,0.0467,bootstrap,2026-08-16T14:38:03.797854Z
1,MG Road,arterial,6,11,2026-08-23,3850,True,408,435,435,0,0.0621,bootstrap,2026-08-16T14:38:04.150148Z
1,MG Road,arterial,6,12,2026-08-23,3850,True,408,442,442,0,0.0769,bootstrap,2026-08-16T14:38:04.530010Z
1,MG Road,arterial,6,13,2026-08-23,3850,True,408,444,444,0,0.0811,bootstrap,2026-08-16T14:38:04.965168Z
1,MG Road,arterial,6,14,2026-08-23,3850,True,408,449,449,0,0.0913,bootstrap,2026-08-16T14:38:05.375776Z
1,MG Road,arterial,6,15,2026-08-23,3850,True,408,459,459,0,0.1111,bootstrap,2026-08-16T14:38:05.821769Z
1,MG Road,arterial,6,16,2026-08-23,3850,True,408,472,472,0,0.1356,bootstrap,2026-08-16T14:38:06.279033Z
1,MG Road,arterial,6,17,2026-08-23,3850,True,408,489,489,0,0.1656,bootstrap,2026-08-16T14:38:06.656897Z
1,MG Road,arterial,6,18,2026-08-23,3850,True,408,508,508,0,0.1969,bootstrap,2026-08-16T14:38:07.058618Z
1,MG Road,arterial,6,19,2026-08-23,3850,True,408,502,502,0,0.1873,bootstrap,2026-08-16T14:38:07.414638Z
1,MG Road,arterial,6,20,2026-08-23,3850,True,408,470,470,0,0.1319,bootstrap,2026-08-16T14:38:07.791922Z
1,MG Road,arterial,6,21,2026-08-23,3850,True,408,439,439,0,0.0706,bootstrap,2026-08-16T14:38:08.174622Z
1,MG Road,arterial,6,22,2026-08-23,3850,True,408,408,408,0,0.0,bootstrap,2026-08-16T14:38:08.582928Z
1,MG Road,arterial,6,23,2026-08-23,3850,True,408,408,408,0,0.0,bootstrap,2026-08-16T14:38:09.000079Z
2,Golf Course Road,arterial,0,0,2026-08-17,7135,True,742,742,754,0,0.0,bootstrap,2026-08-16T14:38:09.358899Z
2,Golf Course Road,arterial,0,1,2026-08-17,7135,True,742,742,754,0,0.0,bootstrap,2026-08-16T14:38:09.734229Z
2,Golf Course Road,arterial,0,2,2026-08-17,7135,True,742,742,754,0,0.0,bootstrap,2026-08-16T14:38:10.122004Z
2,Golf Course Road,arterial,0,3,2026-08-17,7135,True,742,742,754,0,0.0,bootstrap,2026-08-16T14:38:10.525642Z
2,Golf Course Road,arterial,0,4,2026-08-17,7135,True,742,746,746,0,0.0054,bootstrap,2026-08-16T14:38:11.078631Z
2,Golf Course Road,arterial,0,5,2026-08-17,7135,True,742,749,749,0,0.0093,bootstrap,2026-08-16T14:38:11.548808Z
2,Golf Course Road,arterial,0,6,2026-08-17,7135,True,742,751,751,0,0.012,bootstrap,2026-08-16T14:38:13.575632Z
2,Golf Course Road,arterial,0,7,2026-08-17,7135,True,742,769,769,0,0.0351,bootstrap,2026-08-16T14:38:13.991994Z
2,Golf Course Road,arterial,0,8,2026-08-17,7135,True,742,822,822,0,0.0973,bootstrap,2026-08-16T14:38:14.415518Z
2,Golf Course Road,arterial,0,9,2026-08-17,7135,True,742,855,855,0,0.1322,bootstrap,2026-08-16T14:38:14.819895Z
2,Golf Course Road,arterial,0,10,2026-08-17,7135,True,742,869,869,0,0.1461,bootstrap,2026-08-16T14:38:15.210779Z
2,Golf Course Road,arterial,0,11,2026-08-17,7135,True,742,894,894,0,0.17,bootstrap,2026-08-16T14:38:15.627296Z
2,Golf Course Road,arterial,0,12,2026-08-17,7135,True,742,908,908,0,0.1828,bootstrap,2026-08-16T14:38:16.061822Z
2,Golf Course Road,arterial,0,13,2026-08-17,7135,True,742,895,895,0,0.1709,bootstrap,2026-08-16T14:38:16.912889Z
2,Golf Course Road,arterial,0,14,2026-08-17,7135,True,742,873,873,0,0.1501,bootstrap,2026-08-16T14:38:17.268446Z
2,Golf Course Road,arterial,0,15,2026-08-17,7135,True,742,884,884,0,0.1606,bootstrap,2026-08-16T14:38:17.644397Z
2,Golf Course Road,arterial,0,16,2026-08-17,7135,True,742,913,913,0,0.1873,bootstrap,2026-08-16T14:38:18.017946Z
2,Golf Course Road,arterial,0,17,2026-08-17,7135,True,742,980,980,0,0.2429,bootstrap,2026-08-16T14:38:18.420068Z
2,Golf Course Road,arterial,0,18,2026-08-17,7135,True,742,1075,1075,0,0.3098,bootstrap,2026-08-16T14:38:18.908534Z
2,Golf Course Road,arterial,0,19,2026-08-17,7135,True,742,1063,1063,0,0.302,bootstrap,2026-08-16T14:38:19.338760Z
2,Golf Course Road,arterial,0,20,2026-08-17,7135,True,742,937,937,0,0.2081,bootstrap,2026-08-16T14:38:19.785281Z
2,Golf Course Road,arterial,0,21,2026-08-17,7135,True,742,823,823,0,0.0984,bootstrap,2026-08-16T14:38:20.136136Z
2,Golf Course Road,arterial,0,22,2026-08-17,7135,True,742,742,742,0,0.0,bootstrap,2026-08-16T14:38:20.547262Z
2,Golf Course Road,arterial,0,23,2026-08-17,7135,True,742,742,742,0,0.0,bootstrap,2026-08-16T14:38:21.226382Z
2,Golf Course Road,arterial,1,0,2026-08-18,7135,True,742,742,742,0,0.0,bootstrap,2026-08-16T14:38:21.634119Z
2,Golf Course Road,arterial,1,1,2026-08-18,7135,True,742,742,742,0,0.0,bootstrap,2026-08-16T14:38:22.037309Z
2,Golf Course Road,arterial,1,2,2026-08-18,7135,True,742,742,742,0,0.0,bootstrap,2026-08-16T14:38:22.558588Z
2,Golf Course Road,arterial,1,3,2026-08-18,7135,True,742,742,742,0,0.0,bootstrap,2026-08-16T14:38:23.016416Z
2,Golf Course Road,arterial,1,4,2026-08-18,7135,True,742,747,747,0,0.0067,bootstrap,2026-08-16T14:38:23.363540Z
2,Golf Course Road,arterial,1,5,2026-08-18,7135,True,742,749,749,0,0.0093,bootstrap,2026-08-16T14:38:23.725533Z
2,Golf Course Road,arterial,1,6,2026-08-18,7135,True,742,751,751,0,0.012,bootstrap,2026-08-16T14:38:24.114125Z
2,Golf Course Road,arterial,1,7,2026-08-18,7135,True,742,768,768,0,0.0339,bootstrap,2026-08-16T14:38:24.876879Z
2,Golf Course Road,arterial,1,8,2026-08-18,7135,True,742,820,820,0,0.0951,bootstrap,2026-08-16T14:38:25.278055Z
2,Golf Course Road,arterial,1,9,2026-08-18,7135,True,742,853,853,0,0.1301,bootstrap,2026-08-16T14:38:25.695538Z
2,Golf Course Road,arterial,1,10,2026-08-18,7135,True,742,863,863,0,0.1402,bootstrap,2026-08-16T14:38:26.129789Z
2,Golf Course Road,arterial,1,11,2026-08-18,7135,True,742,891,891,0,0.1672,bootstrap,2026-08-16T14:38:26.472457Z
2,Golf Course Road,arterial,1,12,2026-08-18,7135,True,742,910,910,0,0.1846,bootstrap,2026-08-16T14:38:26.896414Z
2,Golf Course Road,arterial,1,13,2026-08-18,7135,True,742,903,903,0,0.1783,bootstrap,2026-08-16T14:38:27.271922Z
2,Golf Course Road,arterial,1,14,2026-08-18,7135,True,742,890,890,0,0.1663,bootstrap,2026-08-16T14:38:27.726120Z
2,Golf Course Road,arterial,1,15,2026-08-18,7135,True,742,894,894,0,0.17,bootstrap,2026-08-16T14:38:28.135115Z
2,Golf Course Road,arterial,1,16,2026-08-18,7135,True,742,917,917,0,0.1908,bootstrap,2026-08-16T14:38:28.559479Z
2,Golf Course Road,arterial,1,17,2026-08-18,7135,True,742,978,978,0,0.2413,bootstrap,2026-08-16T14:38:28.999641Z
2,Golf Course Road,arterial,1,18,2026-08-18,7135,True,742,1058,1058,0,0.2987,bootstrap,2026-08-16T14:38:29.467388Z
2,Golf Course Road,arterial,1,19,2026-08-18,7135,True,742,1046,1046,0,0.2906,bootstrap,2026-08-16T14:38:29.883406Z
2,Golf Course Road,arterial,1,20,2026-08-18,7135,True,742,940,940,0,0.2106,bootstrap,2026-08-16T14:38:30.263709Z
2,Golf Course Road,arterial,1,21,2026-08-18,7135,True,742,831,831,0,0.1071,bootstrap,2026-08-16T14:38:30.721618Z
2,Golf Course Road,arterial,1,22,2026-08-18,7135,True,742,742,742,0,0.0,bootstrap,2026-08-16T14:38:31.127308Z
2,Golf Course Road,arterial,1,23,2026-08-18,7135,True,742,742,742,0,0.0,bootstrap,2026-08-16T14:38:31.561452Z
2,Golf Course Road,arterial,2,0,2026-08-19,7135,True,742,742,742,0,0.0,bootstrap,2026-08-16T14:38:32.219749Z
2,Golf Course Road,arterial,2,1,2026-08-19,7135,True,742,742,742,0,0.0,bootstrap,2026-08-16T14:38:32.666450Z
2,Golf Course Road,arterial,2,2,2026-08-19,7135,True,742,742,742,0,0.0,bootstrap,2026-08-16T14:38:33.095358Z
2,Golf Course Road,arterial,2,3,2026-08-19,7135,True,742,742,742,0,0.0,bootstrap,2026-08-16T14:38:33.680097Z
2,Golf Course Road,arterial,2,4,2026-08-19,7135,True,742,747,747,0,0.0067,bootstrap,2026-08-16T14:38:34.072170Z
2,Golf Course Road,arterial,2,5,2026-08-19,7135,True,742,749,749,0,0.0093,bootstrap,2026-08-16T14:38:34.493171Z
2,Golf Course Road,arterial,2,6,2026-08-19,7135,True,742,751,751,0,0.012,bootstrap,2026-08-16T14:38:34.920942Z
2,Golf Course Road,arterial,2,7,2026-08-19,7135,True,742,771,771,0,0.0376,bootstrap,2026-08-16T14:38:35.497028Z
2,Golf Course Road,arterial,2,8,2026-08-19,7135,True,742,833,833,0,0.1092,bootstrap,2026-08-16T14:38:35.836385Z
2,Golf Course Road,arterial,2,9,2026-08-19,7135,True,742,864,864,0,0.1412,bootstrap,2026-08-16T14:38:36.204126Z
2,Golf Course Road,arterial,2,10,2026-08-19,7135,True,742,874,874,0,0.151,bootstrap,2026-08-16T14:38:36.589858Z
2,Golf Course Road,arterial,2,11,2026-08-19,7135,True,742,902,902,0,0.1774,bootstrap,2026-08-16T14:38:36.982763Z
2,Golf Course Road,arterial,2,12,2026-08-19,7135,True,742,919,919,0,0.1926,bootstrap,2026-08-16T14:38:37.547260Z
2,Golf Course Road,arterial,2,13,2026-08-19,7135,True,742,908,908,0,0.1828,bootstrap,2026-08-16T14:38:37.975246Z
2,Golf Course Road,arterial,2,14,2026-08-19,7135,True,742,891,891,0,0.1672,bootstrap,2026-08-16T14:38:38.559833Z
2,Golf Course Road,arterial,2,15,2026-08-19,7135,True,742,902,902,0,0.1774,bootstrap,2026-08-16T14:38:38.990444Z
2,Golf Course Road,arterial,2,16,2026-08-19,7135,True,742,937,937,0,0.2081,bootstrap,2026-08-16T14:38:39.363359Z
2,Golf Course Road,arterial,2,17,2026-08-19,7135,True,742,1015,1015,0,0.269,bootstrap,2026-08-16T14:38:39.767886Z
2,Golf Course Road,arterial,2,18,2026-08-19,7135,True,742,1108,1108,0,0.3303,bootstrap,2026-08-16T14:38:40.209994Z
2,Golf Course Road,arterial,2,19,2026-08-19,7135,True,742,1105,1105,0,0.3285,bootstrap,2026-08-16T14:38:40.763224Z
2,Golf Course Road,arterial,2,20,2026-08-19,7135,True,742,970,970,0,0.2351,bootstrap,2026-08-16T14:38:41.218665Z
2,Golf Course Road,arterial,2,21,2026-08-19,7135,True,742,837,837,0,0.1135,bootstrap,2026-08-16T14:38:41.680032Z
2,Golf Course Road,arterial,2,22,2026-08-19,7135,True,742,742,742,0,0.0,bootstrap,2026-08-16T14:38:42.034325Z
2,Golf Course Road,arterial,2,23,2026-08-19,7135,True,742,742,742,0,0.0,bootstrap,2026-08-16T14:38:42.414166Z
2,Golf Course Road,arterial,3,0,2026-08-20,7135,True,742,742,742,0,0.0,bootstrap,2026-08-16T14:38:42.869454Z
2,Golf Course Road,arterial,3,1,2026-08-20,7135,True,742,742,742,0,0.0,bootstrap,2026-08-16T14:38:43.284095Z
2,Golf Course Road,arterial,3,2,2026-08-20,7135,True,742,742,742,0,0.0,bootstrap,2026-08-16T14:38:43.708305Z
2,Golf Course Road,arterial,3,3,2026-08-20,7135,True,742,742,742,0,0.0,bootstrap,2026-08-16T14:38:44.141390Z
2,Golf Course Road,arterial,3,4,2026-08-20,7135,True,742,747,747,0,0.0067,bootstrap,2026-08-16T14:38:44.581367Z
2,Golf Course Road,arterial,3,5,2026-08-20,7135,True,742,749,749,0,0.0093,bootstrap,2026-08-16T14:38:44.978226Z
2,Golf Course Road,arterial,3,6,2026-08-20,7135,True,742,750,750,0,0.0107,bootstrap,2026-08-16T14:38:45.351078Z
2,Golf Course Road,arterial,3,7,2026-08-20,7135,True,742,769,769,0,0.0351,bootstrap,2026-08-16T14:38:45.739545Z
2,Golf Course Road,arterial,3,8,2026-08-20,7135,True,742,827,827,0,0.1028,bootstrap,2026-08-16T14:38:46.120648Z
2,Golf Course Road,arterial,3,9,2026-08-20,7135,True,742,859,859,0,0.1362,bootstrap,2026-08-16T14:38:46.524481Z
2,Golf Course Road,arterial,3,10,2026-08-20,7135,True,742,869,869,0,0.1461,bootstrap,2026-08-16T14:38:46.966624Z
2,Golf Course Road,arterial,3,11,2026-08-20,7135,True,742,898,898,0,0.1737,bootstrap,2026-08-16T14:38:47.409457Z
2,Golf Course Road,arterial,3,12,2026-08-20,7135,True,742,913,913,0,0.1873,bootstrap,2026-08-16T14:38:47.770105Z
2,Golf Course Road,arterial,3,13,2026-08-20,7135,True,742,902,902,0,0.1774,bootstrap,2026-08-16T14:38:48.203307Z
2,Golf Course Road,arterial,3,14,2026-08-20,7135,True,742,882,882,0,0.1587,bootstrap,2026-08-16T14:38:48.582661Z
2,Golf Course Road,arterial,3,15,2026-08-20,7135,True,742,890,890,0,0.1663,bootstrap,2026-08-16T14:38:49.056886Z
2,Golf Course Road,arterial,3,16,2026-08-20,7135,True,742,921,921,0,0.1944,bootstrap,2026-08-16T14:38:49.464073Z
2,Golf Course Road,arterial,3,17,2026-08-20,7135,True,742,994,994,0,0.2535,bootstrap,2026-08-16T14:38:49.882391Z
2,Golf Course Road,arterial,3,18,2026-08-20,7135,True,742,1084,1084,0,0.3155,bootstrap,2026-08-16T14:38:50.522388Z
2,Golf Course Road,arterial,3,19,2026-08-20,7135,True,742,1083,1083,0,0.3149,bootstrap,2026-08-16T14:38:51.473081Z
2,Golf Course Road,arterial,3,20,2026-08-20,7135,True,742,959,959,0,0.2263,bootstrap,2026-08-16T14:38:51.834691Z
2,Golf Course Road,arterial,3,21,2026-08-20,7135,True,742,834,834,0,0.1103,bootstrap,2026-08-16T14:38:52.208234Z
2,Golf Course Road,arterial,3,22,2026-08-20,7135,True,742,742,742,0,0.0,bootstrap,2026-08-16T14:38:52.603051Z
2,Golf Course Road,arterial,3,23,2026-08-20,7135,True,742,742,742,0,0.0,bootstrap,2026-08-16T14:38:53.010377Z
2,Golf Course Road,arterial,4,0,2026-08-21,7135,True,742,742,742,0,0.0,bootstrap,2026-08-16T14:38:53.465084Z
2,Golf Course Road,arterial,4,1,2026-08-21,7135,True,742,742,742,0,0.0,bootstrap,2026-08-16T14:38:53.905330Z
2,Golf Course Road,arterial,4,2,2026-08-21,7135,True,742,742,742,0,0.0,bootstrap,2026-08-16T14:38:54.274603Z
2,Golf Course Road,arterial,4,3,2026-08-21,7135,True,742,742,742,0,0.0,bootstrap,2026-08-16T14:38:54.682468Z
2,Golf Course Road,arterial,4,4,2026-08-21,7135,True,742,747,747,0,0.0067,bootstrap,2026-08-16T14:38:55.076274Z
2,Golf Course Road,arterial,4,5,2026-08-21,7135,True,742,749,749,0,0.0093,bootstrap,2026-08-16T14:38:55.566882Z
2,Golf Course Road,arterial,4,6,2026-08-21,7135,True,742,751,751,0,0.012,bootstrap,2026-08-16T14:38:55.991339Z
2,Golf Course Road,arterial,4,7,2026-08-21,7135,True,742,769,769,0,0.0351,bootstrap,2026-08-16T14:38:56.412515Z
2,Golf Course Road,arterial,4,8,2026-08-21,7135,True,742,817,817,0,0.0918,bootstrap,2026-08-16T14:38:56.837626Z
2,Golf Course Road,arterial,4,9,2026-08-21,7135,True,742,850,850,0,0.1271,bootstrap,2026-08-16T14:38:57.204839Z
2,Golf Course Road,arterial,4,10,2026-08-21,7135,True,742,865,865,0,0.1422,bootstrap,2026-08-16T14:38:57.588465Z
2,Golf Course Road,arterial,4,11,2026-08-21,7135,True,742,895,895,0,0.1709,bootstrap,2026-08-16T14:38:58.493149Z
2,Golf Course Road,arterial,4,12,2026-08-21,7135,True,742,911,911,0,0.1855,bootstrap,2026-08-16T14:38:59.050622Z
2,Golf Course Road,arterial,4,13,2026-08-21,7135,True,742,900,900,0,0.1756,bootstrap,2026-08-16T14:38:59.461709Z
2,Golf Course Road,arterial,4,14,2026-08-21,7135,True,742,883,883,0,0.1597,bootstrap,2026-08-16T14:38:59.889755Z
2,Golf Course Road,arterial,4,15,2026-08-21,7135,True,742,890,890,0,0.1663,bootstrap,2026-08-16T14:39:00.320498Z
2,Golf Course Road,arterial,4,16,2026-08-21,7135,True,742,921,921,0,0.1944,bootstrap,2026-08-16T14:39:00.680775Z
2,Golf Course Road,arterial,4,17,2026-08-21,7135,True,742,995,995,0,0.2543,bootstrap,2026-08-16T14:39:01.099520Z
2,Golf Course Road,arterial,4,18,2026-08-21,7135,True,742,1084,1084,0,0.3155,bootstrap,2026-08-16T14:39:01.477422Z
2,Golf Course Road,arterial,4,19,2026-08-21,7135,True,742,1087,1087,0,0.3174,bootstrap,2026-08-16T14:39:01.917404Z
2,Golf Course Road,arterial,4,20,2026-08-21,7135,True,742,966,966,0,0.2319,bootstrap,2026-08-16T14:39:02.329802Z
2,Golf Course Road,arterial,4,21,2026-08-21,7135,True,742,837,837,0,0.1135,bootstrap,2026-08-16T14:39:02.748043Z
2,Golf Course Road,arterial,4,22,2026-08-21,7135,True,742,742,742,0,0.0,bootstrap,2026-08-16T14:39:03.193012Z
2,Golf Course Road,arterial,4,23,2026-08-21,7135,True,742,742,742,0,0.0,bootstrap,2026-08-16T14:39:03.567741Z
2,Golf Course Road,arterial,5,0,2026-08-22,7135,True,742,742,742,0,0.0,bootstrap,2026-08-16T14:39:03.965970Z
2,Golf Course Road,arterial,5,1,2026-08-22,7135,True,742,742,742,0,0.0,bootstrap,2026-08-16T14:39:04.378798Z
2,Golf Course Road,arterial,5,2,2026-08-22,7135,True,742,742,742,0,0.0,bootstrap,2026-08-16T14:39:04.783996Z
2,Golf Course Road,arterial,5,3,2026-08-22,7135,True,742,742,742,0,0.0,bootstrap,2026-08-16T14:39:05.625352Z
2,Golf Course Road,arterial,5,4,2026-08-22,7135,True,742,748,748,0,0.008,bootstrap,2026-08-16T14:39:06.083342Z
2,Golf Course Road,arterial,5,5,2026-08-22,7135,True,742,749,749,0,0.0093,bootstrap,2026-08-16T14:39:06.603132Z
2,Golf Course Road,arterial,5,6,2026-08-22,7135,True,742,749,749,0,0.0093,bootstrap,2026-08-16T14:39:07.038087Z
2,Golf Course Road,arterial,5,7,2026-08-22,7135,True,742,757,757,0,0.0198,bootstrap,2026-08-16T14:39:07.446489Z
2,Golf Course Road,arterial,5,8,2026-08-22,7135,True,742,776,776,0,0.0438,bootstrap,2026-08-16T14:39:07.830168Z
2,Golf Course Road,arterial,5,9,2026-08-22,7135,True,742,796,796,0,0.0678,bootstrap,2026-08-16T14:39:08.227464Z
2,Golf Course Road,arterial,5,10,2026-08-22,7135,True,742,818,818,0,0.0929,bootstrap,2026-08-16T14:39:08.686409Z
2,Golf Course Road,arterial,5,11,2026-08-22,7135,True,742,845,845,0,0.1219,bootstrap,2026-08-16T14:39:09.494185Z
2,Golf Course Road,arterial,5,12,2026-08-22,7135,True,742,867,867,0,0.1442,bootstrap,2026-08-16T14:39:09.936621Z
2,Golf Course Road,arterial,5,13,2026-08-22,7135,True,742,869,869,0,0.1461,bootstrap,2026-08-16T14:39:10.296780Z
2,Golf Course Road,arterial,5,14,2026-08-22,7135,True,742,871,871,0,0.1481,bootstrap,2026-08-16T14:39:10.665555Z
2,Golf Course Road,arterial,5,15,2026-08-22,7135,True,742,884,884,0,0.1606,bootstrap,2026-08-16T14:39:11.042770Z
2,Golf Course Road,arterial,5,16,2026-08-22,7135,True,742,892,892,0,0.1682,bootstrap,2026-08-16T14:39:11.454540Z
2,Golf Course Road,arterial,5,17,2026-08-22,7135,True,742,902,902,0,0.1774,bootstrap,2026-08-16T14:39:11.859170Z
2,Golf Course Road,arterial,5,18,2026-08-22,7135,True,742,905,905,0,0.1801,bootstrap,2026-08-16T14:39:12.287702Z
2,Golf Course Road,arterial,5,19,2026-08-22,7135,True,742,887,887,0,0.1635,bootstrap,2026-08-16T14:39:12.774722Z
2,Golf Course Road,arterial,5,20,2026-08-22,7135,True,742,854,854,0,0.1311,bootstrap,2026-08-16T14:39:13.127194Z
2,Golf Course Road,arterial,5,21,2026-08-22,7135,True,742,804,804,0,0.0771,bootstrap,2026-08-16T14:39:13.497417Z
2,Golf Course Road,arterial,5,22,2026-08-22,7135,True,742,742,742,0,0.0,bootstrap,2026-08-16T14:39:13.875773Z
2,Golf Course Road,arterial,5,23,2026-08-22,7135,True,742,742,742,0,0.0,bootstrap,2026-08-16T14:39:14.274373Z
2,Golf Course Road,arterial,6,0,2026-08-23,7135,True,742,742,742,0,0.0,bootstrap,2026-08-16T14:39:14.689927Z
2,Golf Course Road,arterial,6,1,2026-08-23,7135,True,742,742,742,0,0.0,bootstrap,2026-08-16T14:39:15.125137Z
2,Golf Course Road,arterial,6,2,2026-08-23,7135,True,742,742,742,0,0.0,bootstrap,2026-08-16T14:39:15.589254Z
2,Golf Course Road,arterial,6,3,2026-08-23,7135,True,742,742,742,0,0.0,bootstrap,2026-08-16T14:39:15.938735Z
2,Golf Course Road,arterial,6,4,2026-08-23,7135,True,742,748,748,0,0.008,bootstrap,2026-08-16T14:39:16.306408Z
2,Golf Course Road,arterial,6,5,2026-08-23,7135,True,742,748,748,0,0.008,bootstrap,2026-08-16T14:39:16.687073Z
2,Golf Course Road,arterial,6,6,2026-08-23,7135,True,742,749,749,0,0.0093,bootstrap,2026-08-16T14:39:17.125122Z
2,Golf Course Road,arterial,6,7,2026-08-23,7135,True,742,756,756,0,0.0185,bootstrap,2026-08-16T14:39:17.539110Z
2,Golf Course Road,arterial,6,8,2026-08-23,7135,True,742,775,775,0,0.0426,bootstrap,2026-08-16T14:39:17.954910Z
2,Golf Course Road,arterial,6,9,2026-08-23,7135,True,742,786,786,0,0.056,bootstrap,2026-08-16T14:39:18.516003Z
2,Golf Course Road,arterial,6,10,2026-08-23,7135,True,742,795,795,0,0.0667,bootstrap,2026-08-16T14:39:19.016289Z
2,Golf Course Road,arterial,6,11,2026-08-23,7135,True,742,810,810,0,0.084,bootstrap,2026-08-16T14:39:19.385561Z
2,Golf Course Road,arterial,6,12,2026-08-23,7135,True,742,822,822,0,0.0973,bootstrap,2026-08-16T14:39:19.896949Z
2,Golf Course Road,arterial,6,13,2026-08-23,7135,True,742,821,821,0,0.0962,bootstrap,2026-08-16T14:39:20.292017Z
2,Golf Course Road,arterial,6,14,2026-08-23,7135,True,742,819,819,0,0.094,bootstrap,2026-08-16T14:39:20.758839Z
2,Golf Course Road,arterial,6,15,2026-08-23,7135,True,742,823,823,0,0.0984,bootstrap,2026-08-16T14:39:21.177431Z
2,Golf Course Road,arterial,6,16,2026-08-23,7135,True,742,833,833,0,0.1092,bootstrap,2026-08-16T14:39:21.608683Z
2,Golf Course Road,arterial,6,17,2026-08-23,7135,True,742,848,848,0,0.125,bootstrap,2026-08-16T14:39:21.969498Z
2,Golf Course Road,arterial,6,18,2026-08-23,7135,True,742,865,865,0,0.1422,bootstrap,2026-08-16T14:39:22.396673Z
2,Golf Course Road,arterial,6,19,2026-08-23,7135,True,742,866,866,0,0.1432,bootstrap,2026-08-16T14:39:22.767519Z
2,Golf Course Road,arterial,6,20,2026-08-23,7135,True,742,844,844,0,0.1209,bootstrap,2026-08-16T14:39:23.172951Z
2,Golf Course Road,arterial,6,21,2026-08-23,7135,True,742,798,798,0,0.0702,bootstrap,2026-08-16T14:39:23.590981Z
2,Golf Course Road,arterial,6,22,2026-08-23,7135,True,742,742,742,0,0.0,bootstrap,2026-08-16T14:39:24.042495Z
2,Golf Course Road,arterial,6,23,2026-08-23,7135,True,742,742,742,0,0.0,bootstrap,2026-08-16T14:39:24.836714Z
3,Sohna Road,arterial,0,0,2026-08-17,7155,True,670,670,683,0,0.0,bootstrap,2026-08-16T14:39:25.178240Z
3,Sohna Road,arterial,0,1,2026-08-17,7155,True,670,670,683,0,0.0,bootstrap,2026-08-16T14:39:25.536662Z
3,Sohna Road,arterial,0,2,2026-08-17,7155,True,670,670,683,0,0.0,bootstrap,2026-08-16T14:39:25.976751Z
3,Sohna Road,arterial,0,3,2026-08-17,7155,True,670,670,683,0,0.0,bootstrap,2026-08-16T14:39:26.448302Z
3,Sohna Road,arterial,0,4,2026-08-17,7155,True,670,677,677,0,0.0103,bootstrap,2026-08-16T14:39:26.861224Z
3,Sohna Road,arterial,0,5,2026-08-17,7155,True,670,679,679,0,0.0133,bootstrap,2026-08-16T14:39:27.287782Z
3,Sohna Road,arterial,0,6,2026-08-17,7155,True,670,681,681,0,0.0162,bootstrap,2026-08-16T14:39:27.731111Z
3,Sohna Road,arterial,0,7,2026-08-17,7155,True,670,705,705,0,0.0496,bootstrap,2026-08-16T14:39:28.072165Z
3,Sohna Road,arterial,0,8,2026-08-17,7155,True,670,786,786,0,0.1476,bootstrap,2026-08-16T14:39:28.432675Z
3,Sohna Road,arterial,0,9,2026-08-17,7155,True,670,838,838,0,0.2005,bootstrap,2026-08-16T14:39:28.807770Z
3,Sohna Road,arterial,0,10,2026-08-17,7155,True,670,867,867,0,0.2272,bootstrap,2026-08-16T14:39:29.193482Z
3,Sohna Road,arterial,0,11,2026-08-17,7155,True,670,917,917,0,0.2694,bootstrap,2026-08-16T14:39:29.592157Z
3,Sohna Road,arterial,0,12,2026-08-17,7155,True,670,935,935,0,0.2834,bootstrap,2026-08-16T14:39:30.030658Z
3,Sohna Road,arterial,0,13,2026-08-17,7155,True,670,905,905,0,0.2597,bootstrap,2026-08-16T14:39:30.472447Z
3,Sohna Road,arterial,0,14,2026-08-17,7155,True,670,851,851,0,0.2127,bootstrap,2026-08-16T14:39:31.001508Z
3,Sohna Road,arterial,0,15,2026-08-17,7155,True,670,842,842,0,0.2043,bootstrap,2026-08-16T14:39:31.361618Z
3,Sohna Road,arterial,0,16,2026-08-17,7155,True,670,880,880,0,0.2386,bootstrap,2026-08-16T14:39:31.816825Z
3,Sohna Road,arterial,0,17,2026-08-17,7155,True,670,975,975,0,0.3128,bootstrap,2026-08-16T14:39:32.209745Z
3,Sohna Road,arterial,0,18,2026-08-17,7155,True,670,1074,1074,0,0.3762,bootstrap,2026-08-16T14:39:32.648052Z
3,Sohna Road,arterial,0,19,2026-08-17,7155,True,670,1056,1056,0,0.3655,bootstrap,2026-08-16T14:39:33.084273Z
3,Sohna Road,arterial,0,20,2026-08-17,7155,True,670,902,902,0,0.2572,bootstrap,2026-08-16T14:39:33.558391Z
3,Sohna Road,arterial,0,21,2026-08-17,7155,True,670,760,760,0,0.1184,bootstrap,2026-08-16T14:39:34.052972Z
3,Sohna Road,arterial,0,22,2026-08-17,7155,True,670,670,670,0,0.0,bootstrap,2026-08-16T14:39:34.423846Z
3,Sohna Road,arterial,0,23,2026-08-17,7155,True,670,670,670,0,0.0,bootstrap,2026-08-16T14:39:34.795924Z
3,Sohna Road,arterial,1,0,2026-08-18,7155,True,670,670,670,0,0.0,bootstrap,2026-08-16T14:39:35.195101Z
3,Sohna Road,arterial,1,1,2026-08-18,7155,True,670,670,670,0,0.0,bootstrap,2026-08-16T14:39:35.664302Z
3,Sohna Road,arterial,1,2,2026-08-18,7155,True,670,670,670,0,0.0,bootstrap,2026-08-16T14:39:36.078205Z
3,Sohna Road,arterial,1,3,2026-08-18,7155,True,670,670,670,0,0.0,bootstrap,2026-08-16T14:39:36.528618Z
3,Sohna Road,arterial,1,4,2026-08-18,7155,True,670,677,677,0,0.0103,bootstrap,2026-08-16T14:39:36.892697Z
3,Sohna Road,arterial,1,5,2026-08-18,7155,True,670,678,678,0,0.0118,bootstrap,2026-08-16T14:39:37.348065Z
3,Sohna Road,arterial,1,6,2026-08-18,7155,True,670,681,681,0,0.0162,bootstrap,2026-08-16T14:39:37.724486Z
3,Sohna Road,arterial,1,7,2026-08-18,7155,True,670,703,703,0,0.0469,bootstrap,2026-08-16T14:39:38.114270Z
3,Sohna Road,arterial,1,8,2026-08-18,7155,True,670,781,781,0,0.1421,bootstrap,2026-08-16T14:39:38.667844Z
3,Sohna Road,arterial,1,9,2026-08-18,7155,True,670,834,834,0,0.1966,bootstrap,2026-08-16T14:39:39.119184Z
3,Sohna Road,arterial,1,10,2026-08-18,7155,True,670,859,859,0,0.22,bootstrap,2026-08-16T14:39:39.601543Z
3,Sohna Road,arterial,1,11,2026-08-18,7155,True,670,904,904,0,0.2588,bootstrap,2026-08-16T14:39:40.009427Z
3,Sohna Road,arterial,1,12,2026-08-18,7155,True,670,918,918,0,0.2702,bootstrap,2026-08-16T14:39:40.421081Z
3,Sohna Road,arterial,1,13,2026-08-18,7155,True,670,888,888,0,0.2455,bootstrap,2026-08-16T14:39:40.799751Z
3,Sohna Road,arterial,1,14,2026-08-18,7155,True,670,833,833,0,0.1957,bootstrap,2026-08-16T14:39:41.192936Z
3,Sohna Road,arterial,1,15,2026-08-18,7155,True,670,824,824,0,0.1869,bootstrap,2026-08-16T14:39:41.648579Z
3,Sohna Road,arterial,1,16,2026-08-18,7155,True,670,860,860,0,0.2209,bootstrap,2026-08-16T14:39:42.082612Z
3,Sohna Road,arterial,1,17,2026-08-18,7155,True,670,947,947,0,0.2925,bootstrap,2026-08-16T14:39:42.672804Z
3,Sohna Road,arterial,1,18,2026-08-18,7155,True,670,1037,1037,0,0.3539,bootstrap,2026-08-16T14:39:43.082128Z
3,Sohna Road,arterial,1,19,2026-08-18,7155,True,670,1024,1024,0,0.3457,bootstrap,2026-08-16T14:39:43.450359Z
3,Sohna Road,arterial,1,20,2026-08-18,7155,True,670,890,890,0,0.2472,bootstrap,2026-08-16T14:39:43.841233Z
3,Sohna Road,arterial,1,21,2026-08-18,7155,True,670,757,757,0,0.1149,bootstrap,2026-08-16T14:39:44.421558Z
3,Sohna Road,arterial,1,22,2026-08-18,7155,True,670,670,670,0,0.0,bootstrap,2026-08-16T14:39:44.815098Z
3,Sohna Road,arterial,1,23,2026-08-18,7155,True,670,670,670,0,0.0,bootstrap,2026-08-16T14:39:45.239627Z
3,Sohna Road,arterial,2,0,2026-08-19,7155,True,670,670,670,0,0.0,bootstrap,2026-08-16T14:39:45.747544Z
3,Sohna Road,arterial,2,1,2026-08-19,7155,True,670,670,670,0,0.0,bootstrap,2026-08-16T14:39:46.154743Z
3,Sohna Road,arterial,2,2,2026-08-19,7155,True,670,670,670,0,0.0,bootstrap,2026-08-16T14:39:46.547695Z
3,Sohna Road,arterial,2,3,2026-08-19,7155,True,670,670,670,0,0.0,bootstrap,2026-08-16T14:39:46.980617Z
3,Sohna Road,arterial,2,4,2026-08-19,7155,True,670,677,677,0,0.0103,bootstrap,2026-08-16T14:39:47.382083Z
3,Sohna Road,arterial,2,5,2026-08-19,7155,True,670,679,679,0,0.0133,bootstrap,2026-08-16T14:39:47.873764Z
3,Sohna Road,arterial,2,6,2026-08-19,7155,True,670,682,682,0,0.0176,bootstrap,2026-08-16T14:39:48.298089Z
3,Sohna Road,arterial,2,7,2026-08-19,7155,True,670,709,709,0,0.055,bootstrap,2026-08-16T14:39:48.726073Z
3,Sohna Road,arterial,2,8,2026-08-19,7155,True,670,790,790,0,0.1519,bootstrap,2026-08-16T14:39:49.418767Z
3,Sohna Road,arterial,2,9,2026-08-19,7155,True,670,849,849,0,0.2108,bootstrap,2026-08-16T14:39:49.798207Z
3,Sohna Road,arterial,2,10,2026-08-19,7155,True,670,883,883,0,0.2412,bootstrap,2026-08-16T14:39:50.211276Z
3,Sohna Road,arterial,2,11,2026-08-19,7155,True,670,942,942,0,0.2887,bootstrap,2026-08-16T14:39:50.598803Z
3,Sohna Road,arterial,2,12,2026-08-19,7155,True,670,966,966,0,0.3064,bootstrap,2026-08-16T14:39:51.070096Z
3,Sohna Road,arterial,2,13,2026-08-19,7155,True,670,936,936,0,0.2842,bootstrap,2026-08-16T14:39:51.497936Z
3,Sohna Road,arterial,2,14,2026-08-19,7155,True,670,875,875,0,0.2343,bootstrap,2026-08-16T14:39:52.092323Z
3,Sohna Road,arterial,2,15,2026-08-19,7155,True,670,860,860,0,0.2209,bootstrap,2026-08-16T14:39:52.503864Z
3,Sohna Road,arterial,2,16,2026-08-19,7155,True,670,898,898,0,0.2539,bootstrap,2026-08-16T14:39:52.923843Z
3,Sohna Road,arterial,2,17,2026-08-19,7155,True,670,995,995,0,0.3266,bootstrap,2026-08-16T14:39:53.303232Z
3,Sohna Road,arterial,2,18,2026-08-19,7155,True,670,1101,1101,0,0.3915,bootstrap,2026-08-16T14:39:53.704597Z
3,Sohna Road,arterial,2,19,2026-08-19,7155,True,670,1091,1091,0,0.3859,bootstrap,2026-08-16T14:39:54.141745Z
3,Sohna Road,arterial,2,20,2026-08-19,7155,True,670,932,932,0,0.2811,bootstrap,2026-08-16T14:39:54.572300Z
3,Sohna Road,arterial,2,21,2026-08-19,7155,True,670,774,774,0,0.1344,bootstrap,2026-08-16T14:39:55.684994Z
3,Sohna Road,arterial,2,22,2026-08-19,7155,True,670,670,670,0,0.0,bootstrap,2026-08-16T14:39:56.042948Z
3,Sohna Road,arterial,2,23,2026-08-19,7155,True,670,670,670,0,0.0,bootstrap,2026-08-16T14:39:56.401303Z
3,Sohna Road,arterial,3,0,2026-08-20,7155,True,670,670,670,0,0.0,bootstrap,2026-08-16T14:39:56.784886Z
3,Sohna Road,arterial,3,1,2026-08-20,7155,True,670,670,670,0,0.0,bootstrap,2026-08-16T14:39:57.168860Z
3,Sohna Road,arterial,3,2,2026-08-20,7155,True,670,670,670,0,0.0,bootstrap,2026-08-16T14:39:57.589812Z
3,Sohna Road,arterial,3,3,2026-08-20,7155,True,670,670,670,0,0.0,bootstrap,2026-08-16T14:39:58.003772Z
3,Sohna Road,arterial,3,4,2026-08-20,7155,True,670,677,677,0,0.0103,bootstrap,2026-08-16T14:39:58.432245Z
3,Sohna Road,arterial,3,5,2026-08-20,7155,True,670,679,679,0,0.0133,bootstrap,2026-08-16T14:39:58.794605Z
3,Sohna Road,arterial,3,6,2026-08-20,7155,True,670,683,683,0,0.019,bootstrap,2026-08-16T14:39:59.144386Z
3,Sohna Road,arterial,3,7,2026-08-20,7155,True,670,712,712,0,0.059,bootstrap,2026-08-16T14:39:59.678296Z
3,Sohna Road,arterial,3,8,2026-08-20,7155,True,670,794,794,0,0.1562,bootstrap,2026-08-16T14:40:00.062596Z
3,Sohna Road,arterial,3,9,2026-08-20,7155,True,670,848,848,0,0.2099,bootstrap,2026-08-16T14:40:00.827478Z
3,Sohna Road,arterial,3,10,2026-08-20,7155,True,670,878,878,0,0.2369,bootstrap,2026-08-16T14:40:01.316686Z
3,Sohna Road,arterial,3,11,2026-08-20,7155,True,670,930,930,0,0.2796,bootstrap,2026-08-16T14:40:01.745542Z
3,Sohna Road,arterial,3,12,2026-08-20,7155,True,670,947,947,0,0.2925,bootstrap,2026-08-16T14:40:02.147837Z
3,Sohna Road,arterial,3,13,2026-08-20,7155,True,670,914,914,0,0.267,bootstrap,2026-08-16T14:40:02.507525Z
3,Sohna Road,arterial,3,14,2026-08-20,7155,True,670,849,849,0,0.2108,bootstrap,2026-08-16T14:40:02.947896Z
3,Sohna Road,arterial,3,15,2026-08-20,7155,True,670,831,831,0,0.1937,bootstrap,2026-08-16T14:40:03.356953Z
3,Sohna Road,arterial,3,16,2026-08-20,7155,True,670,867,867,0,0.2272,bootstrap,2026-08-16T14:40:03.775890Z
3,Sohna Road,arterial,3,17,2026-08-20,7155,True,670,958,958,0,0.3006,bootstrap,2026-08-16T14:40:04.207933Z
3,Sohna Road,arterial,3,18,2026-08-20,7155,True,670,1054,1054,0,0.3643,bootstrap,2026-08-16T14:40:04.671725Z
3,Sohna Road,arterial,3,19,2026-08-20,7155,True,670,1054,1054,0,0.3643,bootstrap,2026-08-16T14:40:05.023536Z
3,Sohna Road,arterial,3,20,2026-08-20,7155,True,670,918,918,0,0.2702,bootstrap,2026-08-16T14:40:05.405447Z
3,Sohna Road,arterial,3,21,2026-08-20,7155,True,670,769,769,0,0.1287,bootstrap,2026-08-16T14:40:05.795234Z
3,Sohna Road,arterial,3,22,2026-08-20,7155,True,670,670,670,0,0.0,bootstrap,2026-08-16T14:40:06.181821Z
3,Sohna Road,arterial,3,23,2026-08-20,7155,True,670,670,670,0,0.0,bootstrap,2026-08-16T14:40:06.615459Z
3,Sohna Road,arterial,4,0,2026-08-21,7155,True,670,670,670,0,0.0,bootstrap,2026-08-16T14:40:07.043858Z
3,Sohna Road,arterial,4,1,2026-08-21,7155,True,670,670,670,0,0.0,bootstrap,2026-08-16T14:40:07.658670Z
3,Sohna Road,arterial,4,2,2026-08-21,7155,True,670,670,670,0,0.0,bootstrap,2026-08-16T14:40:08.067536Z
3,Sohna Road,arterial,4,3,2026-08-21,7155,True,670,670,670,0,0.0,bootstrap,2026-08-16T14:40:08.463721Z
3,Sohna Road,arterial,4,4,2026-08-21,7155,True,670,677,677,0,0.0103,bootstrap,2026-08-16T14:40:08.839746Z
3,Sohna Road,arterial,4,5,2026-08-21,7155,True,670,679,679,0,0.0133,bootstrap,2026-08-16T14:40:09.263546Z
3,Sohna Road,arterial,4,6,2026-08-21,7155,True,670,681,681,0,0.0162,bootstrap,2026-08-16T14:40:09.713895Z
3,Sohna Road,arterial,4,7,2026-08-21,7155,True,670,701,701,0,0.0442,bootstrap,2026-08-16T14:40:10.137320Z
3,Sohna Road,arterial,4,8,2026-08-21,7155,True,670,776,776,0,0.1366,bootstrap,2026-08-16T14:40:10.596100Z
3,Sohna Road,arterial,4,9,2026-08-21,7155,True,670,830,830,0,0.1928,bootstrap,2026-08-16T14:40:11.510442Z
3,Sohna Road,arterial,4,10,2026-08-21,7155,True,670,856,856,0,0.2173,bootstrap,2026-08-16T14:40:11.891478Z
3,Sohna Road,arterial,4,11,2026-08-21,7155,True,670,904,904,0,0.2588,bootstrap,2026-08-16T14:40:12.272213Z
3,Sohna Road,arterial,4,12,2026-08-21,7155,True,670,926,926,0,0.2765,bootstrap,2026-08-16T14:40:12.661406Z
3,Sohna Road,arterial,4,13,2026-08-21,7155,True,670,906,906,0,0.2605,bootstrap,2026-08-16T14:40:13.176436Z
3,Sohna Road,arterial,4,14,2026-08-21,7155,True,670,855,855,0,0.2164,bootstrap,2026-08-16T14:40:13.613315Z
3,Sohna Road,arterial,4,15,2026-08-21,7155,True,670,832,832,0,0.1947,bootstrap,2026-08-16T14:40:14.184252Z
3,Sohna Road,arterial,4,16,2026-08-21,7155,True,670,858,858,0,0.2191,bootstrap,2026-08-16T14:40:14.808593Z
3,Sohna Road,arterial,4,17,2026-08-21,7155,True,670,931,931,0,0.2803,bootstrap,2026-08-16T14:40:15.201334Z
3,Sohna Road,arterial,4,18,2026-08-21,7155,True,670,1004,1004,0,0.3327,bootstrap,2026-08-16T14:40:15.645921Z
3,Sohna Road,arterial,4,19,2026-08-21,7155,True,670,994,994,0,0.326,bootstrap,2026-08-16T14:40:16.055045Z
3,Sohna Road,arterial,4,20,2026-08-21,7155,True,670,889,889,0,0.2463,bootstrap,2026-08-16T14:40:16.483042Z
3,Sohna Road,arterial,4,21,2026-08-21,7155,True,670,766,766,0,0.1253,bootstrap,2026-08-16T14:40:16.901138Z
3,Sohna Road,arterial,4,22,2026-08-21,7155,True,670,670,670,0,0.0,bootstrap,2026-08-16T14:40:17.335017Z
3,Sohna Road,arterial,4,23,2026-08-21,7155,True,670,670,670,0,0.0,bootstrap,2026-08-16T14:40:17.723932Z
3,Sohna Road,arterial,5,0,2026-08-22,7155,True,670,670,670,0,0.0,bootstrap,2026-08-16T14:40:18.108816Z
3,Sohna Road,arterial,5,1,2026-08-22,7155,True,670,670,670,0,0.0,bootstrap,2026-08-16T14:40:18.513161Z
3,Sohna Road,arterial,5,2,2026-08-22,7155,True,670,670,670,0,0.0,bootstrap,2026-08-16T14:40:18.922383Z
3,Sohna Road,arterial,5,3,2026-08-22,7155,True,670,670,670,0,0.0,bootstrap,2026-08-16T14:40:19.332508Z
3,Sohna Road,arterial,5,4,2026-08-22,7155,True,670,676,676,0,0.0089,bootstrap,2026-08-16T14:40:19.751226Z
3,Sohna Road,arterial,5,5,2026-08-22,7155,True,670,678,678,0,0.0118,bootstrap,2026-08-16T14:40:20.228593Z
3,Sohna Road,arterial,5,6,2026-08-22,7155,True,670,679,679,0,0.0133,bootstrap,2026-08-16T14:40:20.575320Z
3,Sohna Road,arterial,5,7,2026-08-22,7155,True,670,685,685,0,0.0219,bootstrap,2026-08-16T14:40:21.238516Z
3,Sohna Road,arterial,5,8,2026-08-22,7155,True,670,702,702,0,0.0456,bootstrap,2026-08-16T14:40:21.789852Z
3,Sohna Road,arterial,5,9,2026-08-22,7155,True,670,721,721,0,0.0707,bootstrap,2026-08-16T14:40:22.205814Z
3,Sohna Road,arterial,5,10,2026-08-22,7155,True,670,748,748,0,0.1043,bootstrap,2026-08-16T14:40:22.797676Z
3,Sohna Road,arterial,5,11,2026-08-22,7155,True,670,786,786,0,0.1476,bootstrap,2026-08-16T14:40:23.214887Z
3,Sohna Road,arterial,5,12,2026-08-22,7155,True,670,822,822,0,0.1849,bootstrap,2026-08-16T14:40:23.802268Z
3,Sohna Road,arterial,5,13,2026-08-22,7155,True,670,837,837,0,0.1995,bootstrap,2026-08-16T14:40:24.177543Z
3,Sohna Road,arterial,5,14,2026-08-22,7155,True,670,848,848,0,0.2099,bootstrap,2026-08-16T14:40:24.530898Z
3,Sohna Road,arterial,5,15,2026-08-22,7089,True,699,853,853,0,0.1805,bootstrap,2026-08-16T14:40:24.910767Z
3,Sohna Road,arterial,5,16,2026-08-22,7089,True,699,861,861,0,0.1882,bootstrap,2026-08-16T14:40:25.305708Z
3,Sohna Road,arterial,5,17,2026-08-22,7155,True,670,882,882,0,0.2404,bootstrap,2026-08-16T14:40:25.813927Z
3,Sohna Road,arterial,5,18,2026-08-22,7155,True,670,882,882,0,0.2404,bootstrap,2026-08-16T14:40:26.294076Z
3,Sohna Road,arterial,5,19,2026-08-22,7155,True,670,855,855,0,0.2164,bootstrap,2026-08-16T14:40:26.817641Z
3,Sohna Road,arterial,5,20,2026-08-22,7155,True,670,809,809,0,0.1718,bootstrap,2026-08-16T14:40:27.303176Z
3,Sohna Road,arterial,5,21,2026-08-22,7155,True,670,747,747,0,0.1031,bootstrap,2026-08-16T14:40:27.728229Z
3,Sohna Road,arterial,5,22,2026-08-22,7155,True,670,670,670,0,0.0,bootstrap,2026-08-16T14:40:28.144450Z
3,Sohna Road,arterial,5,23,2026-08-22,7155,True,670,670,670,0,0.0,bootstrap,2026-08-16T14:40:28.548498Z
3,Sohna Road,arterial,6,0,2026-08-23,7155,True,670,670,670,0,0.0,bootstrap,2026-08-16T14:40:28.958447Z
3,Sohna Road,arterial,6,1,2026-08-23,7155,True,670,670,670,0,0.0,bootstrap,2026-08-16T14:40:29.379739Z
3,Sohna Road,arterial,6,2,2026-08-23,7155,True,670,670,670,0,0.0,bootstrap,2026-08-16T14:40:29.806057Z
3,Sohna Road,arterial,6,3,2026-08-23,7155,True,670,670,670,0,0.0,bootstrap,2026-08-16T14:40:30.395696Z
3,Sohna Road,arterial,6,4,2026-08-23,7155,True,670,676,676,0,0.0089,bootstrap,2026-08-16T14:40:30.861942Z
3,Sohna Road,arterial,6,5,2026-08-23,7155,True,670,678,678,0,0.0118,bootstrap,2026-08-16T14:40:31.418746Z
3,Sohna Road,arterial,6,6,2026-08-23,7155,True,670,679,679,0,0.0133,bootstrap,2026-08-16T14:40:31.825931Z
3,Sohna Road,arterial,6,7,2026-08-23,7155,True,670,683,683,0,0.019,bootstrap,2026-08-16T14:40:32.218256Z
3,Sohna Road,arterial,6,8,2026-08-23,7155,True,670,696,696,0,0.0374,bootstrap,2026-08-16T14:40:32.643159Z
3,Sohna Road,arterial,6,9,2026-08-23,7155,True,670,703,703,0,0.0469,bootstrap,2026-08-16T14:40:33.063989Z
3,Sohna Road,arterial,6,10,2026-08-23,7155,True,670,711,711,0,0.0577,bootstrap,2026-08-16T14:40:33.464967Z
3,Sohna Road,arterial,6,11,2026-08-23,7155,True,670,727,727,0,0.0784,bootstrap,2026-08-16T14:40:33.883029Z
3,Sohna Road,arterial,6,12,2026-08-23,7155,True,670,743,743,0,0.0983,bootstrap,2026-08-16T14:40:34.288011Z
3,Sohna Road,arterial,6,13,2026-08-23,7155,True,670,746,746,0,0.1019,bootstrap,2026-08-16T14:40:34.692776Z
3,Sohna Road,arterial,6,14,2026-08-23,7155,True,670,754,754,0,0.1114,bootstrap,2026-08-16T14:40:35.092835Z
3,Sohna Road,arterial,6,15,2026-08-23,7089,True,699,755,755,0,0.0742,bootstrap,2026-08-16T14:40:35.584193Z
3,Sohna Road,arterial,6,16,2026-08-23,7089,True,699,772,772,0,0.0946,bootstrap,2026-08-16T14:40:36.083254Z
3,Sohna Road,arterial,6,17,2026-08-23,7155,True,670,812,812,0,0.1749,bootstrap,2026-08-16T14:40:36.431591Z
3,Sohna Road,arterial,6,18,2026-08-23,7155,True,670,845,845,0,0.2071,bootstrap,2026-08-16T14:40:36.788477Z
3,Sohna Road,arterial,6,19,2026-08-23,7155,True,670,833,833,0,0.1957,bootstrap,2026-08-16T14:40:37.162086Z
3,Sohna Road,arterial,6,20,2026-08-23,7155,True,670,777,777,0,0.1377,bootstrap,2026-08-16T14:40:37.559665Z
3,Sohna Road,arterial,6,21,2026-08-23,7155,True,670,723,723,0,0.0733,bootstrap,2026-08-16T14:40:37.968873Z
3,Sohna Road,arterial,6,22,2026-08-23,7155,True,670,670,670,0,0.0,bootstrap,2026-08-16T14:40:38.589667Z
3,Sohna Road,arterial,6,23,2026-08-23,7155,True,670,670,670,0,0.0,bootstrap,2026-08-16T14:40:39.111120Z
4,Dwarka Expressway,expressway,0,0,2026-08-17,24298,True,1346,1346,1355,0,0.0,bootstrap,2026-08-16T14:40:39.609392Z
4,Dwarka Expressway,expressway,0,1,2026-08-17,24298,True,1346,1346,1355,0,0.0,bootstrap,2026-08-16T14:40:40.027434Z
4,Dwarka Expressway,expressway,0,2,2026-08-17,24298,True,1346,1346,1355,0,0.0,bootstrap,2026-08-16T14:40:40.431843Z
4,Dwarka Expressway,expressway,0,3,2026-08-17,24298,True,1346,1346,1355,0,0.0,bootstrap,2026-08-16T14:40:40.837479Z
4,Dwarka Expressway,expressway,0,4,2026-08-17,24298,True,1346,1359,1359,0,0.0096,bootstrap,2026-08-16T14:40:41.246396Z
4,Dwarka Expressway,expressway,0,5,2026-08-17,24298,True,1346,1360,1360,0,0.0103,bootstrap,2026-08-16T14:40:41.713253Z
4,Dwarka Expressway,expressway,0,6,2026-08-17,24298,True,1346,1360,1360,0,0.0103,bootstrap,2026-08-16T14:40:42.167447Z
4,Dwarka Expressway,expressway,0,7,2026-08-17,24298,True,1346,1367,1367,0,0.0154,bootstrap,2026-08-16T14:40:42.686326Z
4,Dwarka Expressway,expressway,0,8,2026-08-17,24298,True,1346,1388,1388,0,0.0303,bootstrap,2026-08-16T14:40:43.074638Z
4,Dwarka Expressway,expressway,0,9,2026-08-17,24298,True,1346,1399,1399,0,0.0379,bootstrap,2026-08-16T14:40:43.506006Z
4,Dwarka Expressway,expressway,0,10,2026-08-17,24298,True,1346,1401,1401,0,0.0393,bootstrap,2026-08-16T14:40:43.914334Z
4,Dwarka Expressway,expressway,0,11,2026-08-17,24298,True,1346,1406,1406,0,0.0427,bootstrap,2026-08-16T14:40:44.318544Z
4,Dwarka Expressway,expressway,0,12,2026-08-17,24298,True,1346,1406,1406,0,0.0427,bootstrap,2026-08-16T14:40:44.752467Z
4,Dwarka Expressway,expressway,0,13,2026-08-17,24298,True,1346,1403,1403,0,0.0406,bootstrap,2026-08-16T14:40:45.225629Z
4,Dwarka Expressway,expressway,0,14,2026-08-17,24298,True,1346,1398,1398,0,0.0372,bootstrap,2026-08-16T14:40:45.595641Z
4,Dwarka Expressway,expressway,0,15,2026-08-17,24298,True,1346,1397,1397,0,0.0365,bootstrap,2026-08-16T14:40:45.975693Z
4,Dwarka Expressway,expressway,0,16,2026-08-17,24298,True,1346,1410,1410,0,0.0454,bootstrap,2026-08-16T14:40:46.354682Z
4,Dwarka Expressway,expressway,0,17,2026-08-17,24298,True,1346,1440,1440,0,0.0653,bootstrap,2026-08-16T14:40:46.967111Z
4,Dwarka Expressway,expressway,0,18,2026-08-17,24298,True,1346,1475,1475,0,0.0875,bootstrap,2026-08-16T14:40:47.389659Z
4,Dwarka Expressway,expressway,0,19,2026-08-17,24298,True,1346,1476,1476,0,0.0881,bootstrap,2026-08-16T14:40:47.828809Z
4,Dwarka Expressway,expressway,0,20,2026-08-17,24298,True,1346,1450,1450,0,0.0717,bootstrap,2026-08-16T14:40:48.269164Z
4,Dwarka Expressway,expressway,0,21,2026-08-17,24298,True,1346,1400,1400,0,0.0386,bootstrap,2026-08-16T14:40:48.644918Z
4,Dwarka Expressway,expressway,0,22,2026-08-17,24298,True,1346,1346,1346,0,0.0,bootstrap,2026-08-16T14:40:49.103242Z
4,Dwarka Expressway,expressway,0,23,2026-08-17,24298,True,1346,1346,1346,0,0.0,bootstrap,2026-08-16T14:40:49.645154Z
4,Dwarka Expressway,expressway,1,0,2026-08-18,24298,True,1346,1346,1346,0,0.0,bootstrap,2026-08-16T14:40:50.047940Z
4,Dwarka Expressway,expressway,1,1,2026-08-18,24298,True,1346,1346,1346,0,0.0,bootstrap,2026-08-16T14:40:50.475737Z
4,Dwarka Expressway,expressway,1,2,2026-08-18,24298,True,1346,1346,1346,0,0.0,bootstrap,2026-08-16T14:40:50.915603Z
4,Dwarka Expressway,expressway,1,3,2026-08-18,24298,True,1346,1346,1346,0,0.0,bootstrap,2026-08-16T14:40:51.354470Z
4,Dwarka Expressway,expressway,1,4,2026-08-18,24298,True,1346,1359,1359,0,0.0096,bootstrap,2026-08-16T14:40:51.713475Z
4,Dwarka Expressway,expressway,1,5,2026-08-18,24298,True,1346,1360,1360,0,0.0103,bootstrap,2026-08-16T14:40:52.094169Z
4,Dwarka Expressway,expressway,1,6,2026-08-18,24298,True,1346,1360,1360,0,0.0103,bootstrap,2026-08-16T14:40:52.520424Z
4,Dwarka Expressway,expressway,1,7,2026-08-18,24298,True,1346,1368,1368,0,0.0161,bootstrap,2026-08-16T14:40:52.941786Z
4,Dwarka Expressway,expressway,1,8,2026-08-18,24298,True,1346,1386,1386,0,0.0289,bootstrap,2026-08-16T14:40:53.356192Z
4,Dwarka Expressway,expressway,1,9,2026-08-18,24298,True,1346,1397,1397,0,0.0365,bootstrap,2026-08-16T14:40:53.785238Z
4,Dwarka Expressway,expressway,1,10,2026-08-18,24298,True,1346,1403,1403,0,0.0406,bootstrap,2026-08-16T14:40:54.339145Z
4,Dwarka Expressway,expressway,1,11,2026-08-18,24298,True,1346,1410,1410,0,0.0454,bootstrap,2026-08-16T14:40:54.696226Z
4,Dwarka Expressway,expressway,1,12,2026-08-18,24298,True,1346,1409,1409,0,0.0447,bootstrap,2026-08-16T14:40:55.107307Z
4,Dwarka Expressway,expressway,1,13,2026-08-18,24298,True,1346,1404,1404,0,0.0413,bootstrap,2026-08-16T14:40:55.593911Z
4,Dwarka Expressway,expressway,1,14,2026-08-18,24298,True,1346,1397,1397,0,0.0365,bootstrap,2026-08-16T14:40:55.995788Z
4,Dwarka Expressway,expressway,1,15,2026-08-18,24298,True,1346,1396,1396,0,0.0358,bootstrap,2026-08-16T14:40:56.410146Z
4,Dwarka Expressway,expressway,1,16,2026-08-18,24298,True,1346,1410,1410,0,0.0454,bootstrap,2026-08-16T14:40:56.860422Z
4,Dwarka Expressway,expressway,1,17,2026-08-18,24298,True,1346,1441,1441,0,0.0659,bootstrap,2026-08-16T14:40:57.313586Z
4,Dwarka Expressway,expressway,1,18,2026-08-18,24298,True,1346,1476,1476,0,0.0881,bootstrap,2026-08-16T14:40:57.671226Z
4,Dwarka Expressway,expressway,1,19,2026-08-18,24298,True,1346,1483,1483,0,0.0924,bootstrap,2026-08-16T14:40:58.125941Z
4,Dwarka Expressway,expressway,1,20,2026-08-18,24298,True,1346,1455,1455,0,0.0749,bootstrap,2026-08-16T14:40:58.661705Z
4,Dwarka Expressway,expressway,1,21,2026-08-18,24298,True,1346,1402,1402,0,0.0399,bootstrap,2026-08-16T14:40:59.063645Z
4,Dwarka Expressway,expressway,1,22,2026-08-18,24298,True,1346,1346,1346,0,0.0,bootstrap,2026-08-16T14:40:59.504811Z
4,Dwarka Expressway,expressway,1,23,2026-08-18,24298,True,1346,1346,1346,0,0.0,bootstrap,2026-08-16T14:40:59.933312Z
4,Dwarka Expressway,expressway,2,0,2026-08-19,24298,True,1346,1346,1346,0,0.0,bootstrap,2026-08-16T14:41:00.368800Z
4,Dwarka Expressway,expressway,2,1,2026-08-19,24298,True,1346,1346,1346,0,0.0,bootstrap,2026-08-16T14:41:00.722002Z
4,Dwarka Expressway,expressway,2,2,2026-08-19,24298,True,1346,1346,1346,0,0.0,bootstrap,2026-08-16T14:41:01.120500Z
4,Dwarka Expressway,expressway,2,3,2026-08-19,24298,True,1346,1346,1346,0,0.0,bootstrap,2026-08-16T14:41:01.527269Z
4,Dwarka Expressway,expressway,2,4,2026-08-19,24298,True,1346,1359,1359,0,0.0096,bootstrap,2026-08-16T14:41:01.925541Z
4,Dwarka Expressway,expressway,2,5,2026-08-19,24298,True,1346,1360,1360,0,0.0103,bootstrap,2026-08-16T14:41:02.344328Z
4,Dwarka Expressway,expressway,2,6,2026-08-19,24298,True,1346,1360,1360,0,0.0103,bootstrap,2026-08-16T14:41:02.841162Z
4,Dwarka Expressway,expressway,2,7,2026-08-19,24298,True,1346,1367,1367,0,0.0154,bootstrap,2026-08-16T14:41:03.300101Z
4,Dwarka Expressway,expressway,2,8,2026-08-19,24298,True,1346,1384,1384,0,0.0275,bootstrap,2026-08-16T14:41:03.647883Z
4,Dwarka Expressway,expressway,2,9,2026-08-19,24298,True,1346,1394,1394,0,0.0344,bootstrap,2026-08-16T14:41:04.009143Z
4,Dwarka Expressway,expressway,2,10,2026-08-19,24298,True,1346,1399,1399,0,0.0379,bootstrap,2026-08-16T14:41:04.431354Z
4,Dwarka Expressway,expressway,2,11,2026-08-19,24298,True,1346,1405,1405,0,0.042,bootstrap,2026-08-16T14:41:04.863220Z
4,Dwarka Expressway,expressway,2,12,2026-08-19,24298,True,1346,1405,1405,0,0.042,bootstrap,2026-08-16T14:41:05.273048Z
4,Dwarka Expressway,expressway,2,13,2026-08-19,24298,True,1346,1401,1401,0,0.0393,bootstrap,2026-08-16T14:41:05.877722Z
4,Dwarka Expressway,expressway,2,14,2026-08-19,24298,True,1346,1395,1395,0,0.0351,bootstrap,2026-08-16T14:41:06.340457Z
4,Dwarka Expressway,expressway,2,15,2026-08-19,24298,True,1346,1395,1395,0,0.0351,bootstrap,2026-08-16T14:41:06.701267Z
4,Dwarka Expressway,expressway,2,16,2026-08-19,24298,True,1346,1410,1410,0,0.0454,bootstrap,2026-08-16T14:41:07.072205Z
4,Dwarka Expressway,expressway,2,17,2026-08-19,24298,True,1346,1443,1443,0,0.0672,bootstrap,2026-08-16T14:41:07.464378Z
4,Dwarka Expressway,expressway,2,18,2026-08-19,24298,True,1346,1483,1483,0,0.0924,bootstrap,2026-08-16T14:41:07.892227Z
4,Dwarka Expressway,expressway,2,19,2026-08-19,24298,True,1346,1488,1488,0,0.0954,bootstrap,2026-08-16T14:41:08.309491Z
4,Dwarka Expressway,expressway,2,20,2026-08-19,24298,True,1346,1457,1457,0,0.0762,bootstrap,2026-08-16T14:41:08.738931Z
4,Dwarka Expressway,expressway,2,21,2026-08-19,24298,True,1346,1402,1402,0,0.0399,bootstrap,2026-08-16T14:41:09.447986Z
4,Dwarka Expressway,expressway,2,22,2026-08-19,24298,True,1346,1346,1346,0,0.0,bootstrap,2026-08-16T14:41:09.798915Z
4,Dwarka Expressway,expressway,2,23,2026-08-19,24298,True,1346,1346,1346,0,0.0,bootstrap,2026-08-16T14:41:10.185033Z
4,Dwarka Expressway,expressway,3,0,2026-08-20,24298,True,1346,1346,1346,0,0.0,bootstrap,2026-08-16T14:41:10.587466Z
4,Dwarka Expressway,expressway,3,1,2026-08-20,24298,True,1346,1346,1346,0,0.0,bootstrap,2026-08-16T14:41:11.148302Z
4,Dwarka Expressway,expressway,3,2,2026-08-20,24298,True,1346,1346,1346,0,0.0,bootstrap,2026-08-16T14:41:11.563204Z
4,Dwarka Expressway,expressway,3,3,2026-08-20,24298,True,1346,1346,1346,0,0.0,bootstrap,2026-08-16T14:41:12.005341Z
4,Dwarka Expressway,expressway,3,4,2026-08-20,24298,True,1346,1359,1359,0,0.0096,bootstrap,2026-08-16T14:41:12.588162Z
4,Dwarka Expressway,expressway,3,5,2026-08-20,24298,True,1346,1360,1360,0,0.0103,bootstrap,2026-08-16T14:41:12.972840Z
4,Dwarka Expressway,expressway,3,6,2026-08-20,24298,True,1346,1360,1360,0,0.0103,bootstrap,2026-08-16T14:41:13.406473Z
4,Dwarka Expressway,expressway,3,7,2026-08-20,24298,True,1346,1367,1367,0,0.0154,bootstrap,2026-08-16T14:41:13.815002Z
4,Dwarka Expressway,expressway,3,8,2026-08-20,24298,True,1346,1383,1383,0,0.0268,bootstrap,2026-08-16T14:41:14.219526Z
4,Dwarka Expressway,expressway,3,9,2026-08-20,24298,True,1346,1393,1393,0,0.0337,bootstrap,2026-08-16T14:41:14.636330Z
4,Dwarka Expressway,expressway,3,10,2026-08-20,24298,True,1346,1399,1399,0,0.0379,bootstrap,2026-08-16T14:41:15.067713Z
4,Dwarka Expressway,expressway,3,11,2026-08-20,24298,True,1346,1405,1405,0,0.042,bootstrap,2026-08-16T14:41:15.742030Z
4,Dwarka Expressway,expressway,3,12,2026-08-20,24298,True,1346,1405,1405,0,0.042,bootstrap,2026-08-16T14:41:16.090934Z
4,Dwarka Expressway,expressway,3,13,2026-08-20,24298,True,1346,1401,1401,0,0.0393,bootstrap,2026-08-16T14:41:16.478624Z
4,Dwarka Expressway,expressway,3,14,2026-08-20,24298,True,1346,1394,1394,0,0.0344,bootstrap,2026-08-16T14:41:16.857815Z
4,Dwarka Expressway,expressway,3,15,2026-08-20,24298,True,1346,1394,1394,0,0.0344,bootstrap,2026-08-16T14:41:17.259337Z
4,Dwarka Expressway,expressway,3,16,2026-08-20,24298,True,1346,1409,1409,0,0.0447,bootstrap,2026-08-16T14:41:17.705610Z
4,Dwarka Expressway,expressway,3,17,2026-08-20,24298,True,1346,1442,1442,0,0.0666,bootstrap,2026-08-16T14:41:18.134693Z
4,Dwarka Expressway,expressway,3,18,2026-08-20,24298,True,1346,1481,1481,0,0.0912,bootstrap,2026-08-16T14:41:18.733873Z
4,Dwarka Expressway,expressway,3,19,2026-08-20,24298,True,1346,1486,1486,0,0.0942,bootstrap,2026-08-16T14:41:19.094836Z
4,Dwarka Expressway,expressway,3,20,2026-08-20,24298,True,1346,1456,1456,0,0.0755,bootstrap,2026-08-16T14:41:19.551060Z
4,Dwarka Expressway,expressway,3,21,2026-08-20,24298,True,1346,1402,1402,0,0.0399,bootstrap,2026-08-16T14:41:19.946542Z
4,Dwarka Expressway,expressway,3,22,2026-08-20,24298,True,1346,1346,1346,0,0.0,bootstrap,2026-08-16T14:41:20.348135Z
4,Dwarka Expressway,expressway,3,23,2026-08-20,24298,True,1346,1346,1346,0,0.0,bootstrap,2026-08-16T14:41:20.780328Z
4,Dwarka Expressway,expressway,4,0,2026-08-21,24298,True,1346,1346,1346,0,0.0,bootstrap,2026-08-16T14:41:21.225131Z
4,Dwarka Expressway,expressway,4,1,2026-08-21,24298,True,1346,1346,1346,0,0.0,bootstrap,2026-08-16T14:41:21.679127Z
4,Dwarka Expressway,expressway,4,2,2026-08-21,24298,True,1346,1346,1346,0,0.0,bootstrap,2026-08-16T14:41:22.032505Z
4,Dwarka Expressway,expressway,4,3,2026-08-21,24298,True,1346,1346,1346,0,0.0,bootstrap,2026-08-16T14:41:22.411785Z
4,Dwarka Expressway,expressway,4,4,2026-08-21,24298,True,1346,1359,1359,0,0.0096,bootstrap,2026-08-16T14:41:22.814951Z
4,Dwarka Expressway,expressway,4,5,2026-08-21,24298,True,1346,1360,1360,0,0.0103,bootstrap,2026-08-16T14:41:23.222073Z
4,Dwarka Expressway,expressway,4,6,2026-08-21,24298,True,1346,1360,1360,0,0.0103,bootstrap,2026-08-16T14:41:23.651712Z
4,Dwarka Expressway,expressway,4,7,2026-08-21,24298,True,1346,1367,1367,0,0.0154,bootstrap,2026-08-16T14:41:24.093941Z
4,Dwarka Expressway,expressway,4,8,2026-08-21,24298,True,1346,1383,1383,0,0.0268,bootstrap,2026-08-16T14:41:24.809904Z
4,Dwarka Expressway,expressway,4,9,2026-08-21,24298,True,1346,1391,1391,0,0.0324,bootstrap,2026-08-16T14:41:25.159148Z
4,Dwarka Expressway,expressway,4,10,2026-08-21,24298,True,1346,1396,1396,0,0.0358,bootstrap,2026-08-16T14:41:25.688792Z
4,Dwarka Expressway,expressway,4,11,2026-08-21,24298,True,1346,1402,1402,0,0.0399,bootstrap,2026-08-16T14:41:26.106059Z
4,Dwarka Expressway,expressway,4,12,2026-08-21,24298,True,1346,1403,1403,0,0.0406,bootstrap,2026-08-16T14:41:26.515284Z
4,Dwarka Expressway,expressway,4,13,2026-08-21,24298,True,1346,1400,1400,0,0.0386,bootstrap,2026-08-16T14:41:26.924726Z
4,Dwarka Expressway,expressway,4,14,2026-08-21,24298,True,1346,1396,1396,0,0.0358,bootstrap,2026-08-16T14:41:27.377984Z
4,Dwarka Expressway,expressway,4,15,2026-08-21,24298,True,1346,1398,1398,0,0.0372,bootstrap,2026-08-16T14:41:27.909626Z
4,Dwarka Expressway,expressway,4,16,2026-08-21,24298,True,1346,1412,1412,0,0.0467,bootstrap,2026-08-16T14:41:28.306775Z
4,Dwarka Expressway,expressway,4,17,2026-08-21,24298,True,1346,1443,1443,0,0.0672,bootstrap,2026-08-16T14:41:28.767286Z
4,Dwarka Expressway,expressway,4,18,2026-08-21,24298,True,1346,1481,1481,0,0.0912,bootstrap,2026-08-16T14:41:29.279617Z
4,Dwarka Expressway,expressway,4,19,2026-08-21,24298,True,1346,1481,1481,0,0.0912,bootstrap,2026-08-16T14:41:29.784851Z
4,Dwarka Expressway,expressway,4,20,2026-08-21,24298,True,1346,1451,1451,0,0.0724,bootstrap,2026-08-16T14:41:30.201297Z
4,Dwarka Expressway,expressway,4,21,2026-08-21,24298,True,1346,1400,1400,0,0.0386,bootstrap,2026-08-16T14:41:30.643084Z
4,Dwarka Expressway,expressway,4,22,2026-08-21,24298,True,1346,1346,1346,0,0.0,bootstrap,2026-08-16T14:41:31.212678Z
4,Dwarka Expressway,expressway,4,23,2026-08-21,24298,True,1346,1346,1346,0,0.0,bootstrap,2026-08-16T14:41:31.568525Z
4,Dwarka Expressway,expressway,5,0,2026-08-22,24298,True,1343,1343,1343,0,0.0,bootstrap,2026-08-16T14:41:31.942232Z
4,Dwarka Expressway,expressway,5,1,2026-08-22,24298,True,1343,1343,1343,0,0.0,bootstrap,2026-08-16T14:41:32.321546Z
4,Dwarka Expressway,expressway,5,2,2026-08-22,24298,True,1343,1343,1343,0,0.0,bootstrap,2026-08-16T14:41:32.731751Z
4,Dwarka Expressway,expressway,5,3,2026-08-22,24298,True,1343,1343,1343,0,0.0,bootstrap,2026-08-16T14:41:33.272453Z
4,Dwarka Expressway,expressway,5,4,2026-08-22,24298,True,1343,1354,1354,0,0.0081,bootstrap,2026-08-16T14:41:33.824750Z
4,Dwarka Expressway,expressway,5,5,2026-08-22,24298,True,1343,1354,1354,0,0.0081,bootstrap,2026-08-16T14:41:34.290575Z
4,Dwarka Expressway,expressway,5,6,2026-08-22,24298,True,1343,1355,1355,0,0.0089,bootstrap,2026-08-16T14:41:34.679263Z
4,Dwarka Expressway,expressway,5,7,2026-08-22,24298,True,1343,1359,1359,0,0.0118,bootstrap,2026-08-16T14:41:35.096623Z
4,Dwarka Expressway,expressway,5,8,2026-08-22,24298,True,1343,1369,1369,0,0.019,bootstrap,2026-08-16T14:41:35.487644Z
4,Dwarka Expressway,expressway,5,9,2026-08-22,24298,True,1343,1374,1374,0,0.0226,bootstrap,2026-08-16T14:41:35.879931Z
4,Dwarka Expressway,expressway,5,10,2026-08-22,24298,True,1343,1380,1380,0,0.0268,bootstrap,2026-08-16T14:41:36.303590Z
4,Dwarka Expressway,expressway,5,11,2026-08-22,24298,True,1343,1387,1387,0,0.0317,bootstrap,2026-08-16T14:41:36.726174Z
4,Dwarka Expressway,expressway,5,12,2026-08-22,24298,True,1343,1392,1392,0,0.0352,bootstrap,2026-08-16T14:41:37.161395Z
4,Dwarka Expressway,expressway,5,13,2026-08-22,24298,True,1343,1393,1393,0,0.0359,bootstrap,2026-08-16T14:41:37.519751Z
4,Dwarka Expressway,expressway,5,14,2026-08-22,24298,True,1343,1395,1395,0,0.0373,bootstrap,2026-08-16T14:41:37.983891Z
4,Dwarka Expressway,expressway,5,15,2026-08-22,24298,True,1343,1399,1399,0,0.04,bootstrap,2026-08-16T14:41:38.394426Z
4,Dwarka Expressway,expressway,5,16,2026-08-22,24298,True,1343,1408,1408,0,0.0462,bootstrap,2026-08-16T14:41:38.786954Z
4,Dwarka Expressway,expressway,5,17,2026-08-22,24298,True,1343,1429,1429,0,0.0602,bootstrap,2026-08-16T14:41:39.193028Z
4,Dwarka Expressway,expressway,5,18,2026-08-22,24298,True,1343,1445,1445,0,0.0706,bootstrap,2026-08-16T14:41:39.628550Z
4,Dwarka Expressway,expressway,5,19,2026-08-22,24298,True,1343,1424,1424,0,0.0569,bootstrap,2026-08-16T14:41:40.220038Z
4,Dwarka Expressway,expressway,5,20,2026-08-22,24298,True,1343,1409,1409,0,0.0468,bootstrap,2026-08-16T14:41:40.581040Z
4,Dwarka Expressway,expressway,5,21,2026-08-22,24298,True,1343,1384,1384,0,0.0296,bootstrap,2026-08-16T14:41:41.049305Z
4,Dwarka Expressway,expressway,5,22,2026-08-22,24298,True,1343,1343,1343,0,0.0,bootstrap,2026-08-16T14:41:41.457692Z
4,Dwarka Expressway,expressway,5,23,2026-08-22,24298,True,1343,1343,1343,0,0.0,bootstrap,2026-08-16T14:41:41.862769Z
4,Dwarka Expressway,expressway,6,0,2026-08-23,24298,True,1343,1343,1343,0,0.0,bootstrap,2026-08-16T14:41:42.267389Z
4,Dwarka Expressway,expressway,6,1,2026-08-23,24298,True,1343,1343,1343,0,0.0,bootstrap,2026-08-16T14:41:42.697159Z
4,Dwarka Expressway,expressway,6,2,2026-08-23,24298,True,1343,1343,1343,0,0.0,bootstrap,2026-08-16T14:41:43.144985Z
4,Dwarka Expressway,expressway,6,3,2026-08-23,24298,True,1343,1343,1343,0,0.0,bootstrap,2026-08-16T14:41:43.547731Z
4,Dwarka Expressway,expressway,6,4,2026-08-23,24298,True,1343,1347,1347,0,0.003,bootstrap,2026-08-16T14:41:43.918117Z
4,Dwarka Expressway,expressway,6,5,2026-08-23,24298,True,1343,1348,1348,0,0.0037,bootstrap,2026-08-16T14:41:44.302526Z
4,Dwarka Expressway,expressway,6,6,2026-08-23,24298,True,1343,1348,1348,0,0.0037,bootstrap,2026-08-16T14:41:44.740582Z
4,Dwarka Expressway,expressway,6,7,2026-08-23,24298,True,1343,1350,1350,0,0.0052,bootstrap,2026-08-16T14:41:45.160210Z
4,Dwarka Expressway,expressway,6,8,2026-08-23,24298,True,1343,1354,1354,0,0.0081,bootstrap,2026-08-16T14:41:45.616361Z
4,Dwarka Expressway,expressway,6,9,2026-08-23,24298,True,1343,1356,1356,0,0.0096,bootstrap,2026-08-16T14:41:46.174551Z
4,Dwarka Expressway,expressway,6,10,2026-08-23,24298,True,1343,1359,1359,0,0.0118,bootstrap,2026-08-16T14:41:46.584310Z
4,Dwarka Expressway,expressway,6,11,2026-08-23,24298,True,1343,1362,1362,0,0.014,bootstrap,2026-08-16T14:41:46.948658Z
4,Dwarka Expressway,expressway,6,12,2026-08-23,24298,True,1343,1363,1363,0,0.0147,bootstrap,2026-08-16T14:41:47.322826Z
4,Dwarka Expressway,expressway,6,13,2026-08-23,24298,True,1343,1363,1363,0,0.0147,bootstrap,2026-08-16T14:41:47.735930Z
4,Dwarka Expressway,expressway,6,14,2026-08-23,24298,True,1343,1364,1364,0,0.0154,bootstrap,2026-08-16T14:41:48.154746Z
4,Dwarka Expressway,expressway,6,15,2026-08-23,24298,True,1343,1367,1367,0,0.0176,bootstrap,2026-08-16T14:41:48.634328Z
4,Dwarka Expressway,expressway,6,16,2026-08-23,24298,True,1343,1371,1371,0,0.0204,bootstrap,2026-08-16T14:41:49.067148Z
4,Dwarka Expressway,expressway,6,17,2026-08-23,24298,True,1343,1379,1379,0,0.0261,bootstrap,2026-08-16T14:41:49.428089Z
4,Dwarka Expressway,expressway,6,18,2026-08-23,24298,True,1343,1386,1386,0,0.031,bootstrap,2026-08-16T14:41:49.803674Z
4,Dwarka Expressway,expressway,6,19,2026-08-23,24298,True,1343,1382,1382,0,0.0282,bootstrap,2026-08-16T14:41:50.264976Z
4,Dwarka Expressway,expressway,6,20,2026-08-23,24298,True,1343,1372,1372,0,0.0211,bootstrap,2026-08-16T14:41:50.660873Z
4,Dwarka Expressway,expressway,6,21,2026-08-23,24298,True,1343,1361,1361,0,0.0132,bootstrap,2026-08-16T14:41:51.090222Z
4,Dwarka Expressway,expressway,6,22,2026-08-23,24298,True,1343,1343,1343,0,0.0,bootstrap,2026-08-16T14:41:51.525989Z
4,Dwarka Expressway,expressway,6,23,2026-08-23,24298,True,1343,1343,1343,0,0.0,bootstrap,2026-08-16T14:41:51.962311Z
5,Golf Course Extension Road,arterial,0,0,2026-08-17,10024,True,1439,1444,1469,0,0.0035,bootstrap,2026-08-16T14:41:52.381730Z
5,Golf Course Extension Road,arterial,0,1,2026-08-17,10024,True,1439,1444,1469,0,0.0035,bootstrap,2026-08-16T14:41:52.816862Z
5,Golf Course Extension Road,arterial,0,2,2026-08-17,10024,True,1439,1444,1469,0,0.0035,bootstrap,2026-08-16T14:41:53.239897Z
5,Golf Course Extension Road,arterial,0,3,2026-08-17,10024,True,1439,1444,1469,0,0.0035,bootstrap,2026-08-16T14:41:53.750993Z
5,Golf Course Extension Road,arterial,0,4,2026-08-17,10024,True,1439,1457,1457,0,0.0124,bootstrap,2026-08-16T14:41:54.286066Z
5,Golf Course Extension Road,arterial,0,5,2026-08-17,10024,True,1439,1460,1460,0,0.0144,bootstrap,2026-08-16T14:41:54.776339Z
5,Golf Course Extension Road,arterial,0,6,2026-08-17,10024,True,1439,1471,1471,0,0.0218,bootstrap,2026-08-16T14:41:55.271825Z
5,Golf Course Extension Road,arterial,0,7,2026-08-17,10024,True,1439,1559,1559,0,0.077,bootstrap,2026-08-16T14:41:55.661722Z
5,Golf Course Extension Road,arterial,0,8,2026-08-17,10451,False,1541,1806,1806,0,0.1467,bootstrap,2026-08-16T14:41:56.094198Z
5,Golf Course Extension Road,arterial,0,9,2026-08-17,10451,False,1541,1858,1858,0,0.1706,bootstrap,2026-08-16T14:41:56.558461Z
5,Golf Course Extension Road,arterial,0,10,2026-08-17,10451,False,1541,1875,1875,0,0.1781,bootstrap,2026-08-16T14:41:57.009881Z
5,Golf Course Extension Road,arterial,0,11,2026-08-17,10451,False,1541,1933,1933,0,0.2028,bootstrap,2026-08-16T14:41:57.460274Z
5,Golf Course Extension Road,arterial,0,12,2026-08-17,10451,False,1541,1956,1956,0,0.2122,bootstrap,2026-08-16T14:41:57.932936Z
5,Golf Course Extension Road,arterial,0,13,2026-08-17,10451,False,1541,1925,1925,0,0.1995,bootstrap,2026-08-16T14:41:58.421761Z
5,Golf Course Extension Road,arterial,0,14,2026-08-17,10024,True,1439,1821,1821,0,0.2098,bootstrap,2026-08-16T14:41:58.978915Z
5,Golf Course Extension Road,arterial,0,15,2026-08-17,10024,True,1439,1810,1810,0,0.205,bootstrap,2026-08-16T14:41:59.439623Z
5,Golf Course Extension Road,arterial,0,16,2026-08-17,10024,True,1439,1904,1904,0,0.2442,bootstrap,2026-08-16T14:41:59.872617Z
5,Golf Course Extension Road,arterial,0,17,2026-08-17,9002,False,1552,2044,2044,0,0.2407,bootstrap,2026-08-16T14:42:00.319755Z
5,Golf Course Extension Road,arterial,0,18,2026-08-17,9002,False,1552,2137,2137,0,0.2737,bootstrap,2026-08-16T14:42:00.778866Z
5,Golf Course Extension Road,arterial,0,19,2026-08-17,9002,False,1552,2086,2086,0,0.256,bootstrap,2026-08-16T14:42:01.265738Z
5,Golf Course Extension Road,arterial,0,20,2026-08-17,10024,True,1439,1894,1894,0,0.2402,bootstrap,2026-08-16T14:42:01.942168Z
5,Golf Course Extension Road,arterial,0,21,2026-08-17,10024,True,1439,1622,1622,0,0.1128,bootstrap,2026-08-16T14:42:02.365035Z
5,Golf Course Extension Road,arterial,0,22,2026-08-17,10024,True,1439,1444,1444,0,0.0035,bootstrap,2026-08-16T14:42:02.797705Z
5,Golf Course Extension Road,arterial,0,23,2026-08-17,10024,True,1439,1444,1444,0,0.0035,bootstrap,2026-08-16T14:42:03.225881Z
5,Golf Course Extension Road,arterial,1,0,2026-08-18,10024,True,1439,1439,1439,0,0.0,bootstrap,2026-08-16T14:42:03.698940Z
5,Golf Course Extension Road,arterial,1,1,2026-08-18,10024,True,1439,1439,1439,0,0.0,bootstrap,2026-08-16T14:42:04.177456Z
5,Golf Course Extension Road,arterial,1,2,2026-08-18,10024,True,1439,1439,1439,0,0.0,bootstrap,2026-08-16T14:42:04.641726Z
5,Golf Course Extension Road,arterial,1,3,2026-08-18,10024,True,1439,1439,1439,0,0.0,bootstrap,2026-08-16T14:42:05.132695Z
5,Golf Course Extension Road,arterial,1,4,2026-08-18,10024,True,1439,1453,1453,0,0.0096,bootstrap,2026-08-16T14:42:05.631626Z
5,Golf Course Extension Road,arterial,1,5,2026-08-18,10024,True,1439,1458,1458,0,0.013,bootstrap,2026-08-16T14:42:06.041413Z
5,Golf Course Extension Road,arterial,1,6,2026-08-18,10024,True,1439,1471,1471,0,0.0218,bootstrap,2026-08-16T14:42:06.511386Z
5,Golf Course Extension Road,arterial,1,7,2026-08-18,10024,True,1439,1551,1551,0,0.0722,bootstrap,2026-08-16T14:42:06.970138Z
5,Golf Course Extension Road,arterial,1,8,2026-08-18,10451,False,1541,1788,1788,0,0.1381,bootstrap,2026-08-16T14:42:07.455325Z
5,Golf Course Extension Road,arterial,1,9,2026-08-18,10451,False,1541,1849,1849,0,0.1666,bootstrap,2026-08-16T14:42:07.926390Z
5,Golf Course Extension Road,arterial,1,10,2026-08-18,10451,False,1541,1877,1877,0,0.179,bootstrap,2026-08-16T14:42:08.413407Z
5,Golf Course Extension Road,arterial,1,11,2026-08-18,10451,False,1541,1946,1946,0,0.2081,bootstrap,2026-08-16T14:42:08.824397Z
5,Golf Course Extension Road,arterial,1,12,2026-08-18,10451,False,1541,1978,1978,0,0.2209,bootstrap,2026-08-16T14:42:09.279623Z
5,Golf Course Extension Road,arterial,1,13,2026-08-18,10451,False,1541,1949,1949,0,0.2093,bootstrap,2026-08-16T14:42:09.749023Z
5,Golf Course Extension Road,arterial,1,14,2026-08-18,10024,True,1439,1808,1808,0,0.2041,bootstrap,2026-08-16T14:42:10.219637Z
5,Golf Course Extension Road,arterial,1,15,2026-08-18,10024,True,1439,1810,1810,0,0.205,bootstrap,2026-08-16T14:42:10.672341Z
5,Golf Course Extension Road,arterial,1,16,2026-08-18,10024,True,1439,1910,1910,0,0.2466,bootstrap,2026-08-16T14:42:11.158584Z
5,Golf Course Extension Road,arterial,1,17,2026-08-18,9002,False,1552,2056,2056,0,0.2451,bootstrap,2026-08-16T14:42:11.674098Z
5,Golf Course Extension Road,arterial,1,18,2026-08-18,9002,False,1552,2121,2121,0,0.2683,bootstrap,2026-08-16T14:42:12.084555Z
5,Golf Course Extension Road,arterial,1,19,2026-08-18,9002,False,1552,2061,2061,0,0.247,bootstrap,2026-08-16T14:42:12.505278Z
5,Golf Course Extension Road,arterial,1,20,2026-08-18,10024,True,1439,1870,1870,0,0.2305,bootstrap,2026-08-16T14:42:13.006592Z
5,Golf Course Extension Road,arterial,1,21,2026-08-18,10024,True,1439,1612,1612,0,0.1073,bootstrap,2026-08-16T14:42:13.615030Z
5,Golf Course Extension Road,arterial,1,22,2026-08-18,10024,True,1439,1439,1439,0,0.0,bootstrap,2026-08-16T14:42:14.088739Z
5,Golf Course Extension Road,arterial,1,23,2026-08-18,10024,True,1439,1439,1439,0,0.0,bootstrap,2026-08-16T14:42:14.558552Z
5,Golf Course Extension Road,arterial,2,0,2026-08-19,10024,True,1439,1439,1439,0,0.0,bootstrap,2026-08-16T14:42:15.035939Z
5,Golf Course Extension Road,arterial,2,1,2026-08-19,10024,True,1439,1439,1439,0,0.0,bootstrap,2026-08-16T14:42:15.441955Z
5,Golf Course Extension Road,arterial,2,2,2026-08-19,10024,True,1439,1439,1439,0,0.0,bootstrap,2026-08-16T14:42:15.870750Z
5,Golf Course Extension Road,arterial,2,3,2026-08-19,10024,True,1439,1439,1439,0,0.0,bootstrap,2026-08-16T14:42:16.297216Z
5,Golf Course Extension Road,arterial,2,4,2026-08-19,10024,True,1439,1453,1453,0,0.0096,bootstrap,2026-08-16T14:42:16.726706Z
5,Golf Course Extension Road,arterial,2,5,2026-08-19,10024,True,1439,1464,1464,0,0.0171,bootstrap,2026-08-16T14:42:17.187904Z
5,Golf Course Extension Road,arterial,2,6,2026-08-19,10024,True,1439,1496,1496,0,0.0381,bootstrap,2026-08-16T14:42:17.690080Z
5,Golf Course Extension Road,arterial,2,7,2026-08-19,10024,True,1439,1586,1586,0,0.0927,bootstrap,2026-08-16T14:42:18.189393Z
5,Golf Course Extension Road,arterial,2,8,2026-08-19,10451,False,1541,1841,1841,0,0.163,bootstrap,2026-08-16T14:42:18.588962Z
5,Golf Course Extension Road,arterial,2,9,2026-08-19,10451,False,1541,1912,1912,0,0.194,bootstrap,2026-08-16T14:42:19.047442Z
5,Golf Course Extension Road,arterial,2,10,2026-08-19,10451,False,1541,1943,1943,0,0.2069,bootstrap,2026-08-16T14:42:19.494240Z
5,Golf Course Extension Road,arterial,2,11,2026-08-19,10451,False,1541,2022,2022,0,0.2379,bootstrap,2026-08-16T14:42:19.940243Z
5,Golf Course Extension Road,arterial,2,12,2026-08-19,10451,False,1541,2051,2051,0,0.2487,bootstrap,2026-08-16T14:42:20.405980Z
5,Golf Course Extension Road,arterial,2,13,2026-08-19,10451,False,1541,2002,2002,0,0.2303,bootstrap,2026-08-16T14:42:20.885530Z
5,Golf Course Extension Road,arterial,2,14,2026-08-19,10451,False,1541,1943,1943,0,0.2069,bootstrap,2026-08-16T14:42:21.401439Z
5,Golf Course Extension Road,arterial,2,15,2026-08-19,10024,True,1439,1896,1896,0,0.241,bootstrap,2026-08-16T14:42:21.855436Z
5,Golf Course Extension Road,arterial,2,16,2026-08-19,9002,False,1552,1981,1981,0,0.2166,bootstrap,2026-08-16T14:42:22.321382Z
5,Golf Course Extension Road,arterial,2,17,2026-08-19,9002,False,1552,2103,2103,0,0.262,bootstrap,2026-08-16T14:42:22.756245Z
5,Golf Course Extension Road,arterial,2,18,2026-08-19,9002,False,1552,2157,2157,0,0.2805,bootstrap,2026-08-16T14:42:23.191774Z
5,Golf Course Extension Road,arterial,2,19,2026-08-19,9002,False,1552,2098,2098,0,0.2602,bootstrap,2026-08-16T14:42:23.652420Z
5,Golf Course Extension Road,arterial,2,20,2026-08-19,9002,False,1552,1919,1919,0,0.1912,bootstrap,2026-08-16T14:42:24.128765Z
5,Golf Course Extension Road,arterial,2,21,2026-08-19,10024,True,1439,1633,1633,0,0.1188,bootstrap,2026-08-16T14:42:24.640630Z
5,Golf Course Extension Road,arterial,2,22,2026-08-19,10024,True,1439,1439,1439,0,0.0,bootstrap,2026-08-16T14:42:25.234832Z
5,Golf Course Extension Road,arterial,2,23,2026-08-19,10024,True,1439,1439,1439,0,0.0,bootstrap,2026-08-16T14:42:25.653343Z
5,Golf Course Extension Road,arterial,3,0,2026-08-20,10024,True,1439,1439,1439,0,0.0,bootstrap,2026-08-16T14:42:26.106415Z
5,Golf Course Extension Road,arterial,3,1,2026-08-20,10024,True,1439,1439,1439,0,0.0,bootstrap,2026-08-16T14:42:26.551792Z
5,Golf Course Extension Road,arterial,3,2,2026-08-20,10024,True,1439,1439,1439,0,0.0,bootstrap,2026-08-16T14:42:27.011777Z
5,Golf Course Extension Road,arterial,3,3,2026-08-20,10024,True,1439,1439,1439,0,0.0,bootstrap,2026-08-16T14:42:27.500417Z
5,Golf Course Extension Road,arterial,3,4,2026-08-20,10024,True,1439,1453,1453,0,0.0096,bootstrap,2026-08-16T14:42:27.988385Z
5,Golf Course Extension Road,arterial,3,5,2026-08-20,10024,True,1439,1455,1455,0,0.011,bootstrap,2026-08-16T14:42:28.397187Z
5,Golf Course Extension Road,arterial,3,6,2026-08-20,10024,True,1439,1466,1466,0,0.0184,bootstrap,2026-08-16T14:42:28.815149Z
5,Golf Course Extension Road,arterial,3,7,2026-08-20,10024,True,1439,1556,1556,0,0.0752,bootstrap,2026-08-16T14:42:29.266886Z
5,Golf Course Extension Road,arterial,3,8,2026-08-20,10451,False,1541,1793,1793,0,0.1405,bootstrap,2026-08-16T14:42:29.766958Z
5,Golf Course Extension Road,arterial,3,9,2026-08-20,10451,False,1541,1858,1858,0,0.1706,bootstrap,2026-08-16T14:42:30.228253Z
5,Golf Course Extension Road,arterial,3,10,2026-08-20,10451,False,1541,1885,1885,0,0.1825,bootstrap,2026-08-16T14:42:30.817286Z
5,Golf Course Extension Road,arterial,3,11,2026-08-20,10451,False,1541,1955,1955,0,0.2118,bootstrap,2026-08-16T14:42:31.302026Z
5,Golf Course Extension Road,arterial,3,12,2026-08-20,10451,False,1541,1988,1988,0,0.2248,bootstrap,2026-08-16T14:42:32.173882Z
5,Golf Course Extension Road,arterial,3,13,2026-08-20,10451,False,1541,1960,1960,0,0.2138,bootstrap,2026-08-16T14:42:32.664241Z
5,Golf Course Extension Road,arterial,3,14,2026-08-20,10024,True,1439,1844,1844,0,0.2196,bootstrap,2026-08-16T14:42:33.102341Z
5,Golf Course Extension Road,arterial,3,15,2026-08-20,10024,True,1439,1835,1835,0,0.2158,bootstrap,2026-08-16T14:42:33.598313Z
5,Golf Course Extension Road,arterial,3,16,2026-08-20,9002,False,1552,1932,1932,0,0.1967,bootstrap,2026-08-16T14:42:34.055492Z
5,Golf Course Extension Road,arterial,3,17,2026-08-20,9002,False,1552,2054,2054,0,0.2444,bootstrap,2026-08-16T14:42:34.532526Z
5,Golf Course Extension Road,arterial,3,18,2026-08-20,9002,False,1552,2123,2123,0,0.269,bootstrap,2026-08-16T14:42:35.031692Z
5,Golf Course Extension Road,arterial,3,19,2026-08-20,9002,False,1552,2066,2066,0,0.2488,bootstrap,2026-08-16T14:42:35.454131Z
5,Golf Course Extension Road,arterial,3,20,2026-08-20,9002,False,1552,1905,1905,0,0.1853,bootstrap,2026-08-16T14:42:35.865507Z
5,Golf Course Extension Road,arterial,3,21,2026-08-20,10024,True,1439,1625,1625,0,0.1145,bootstrap,2026-08-16T14:42:36.296181Z
5,Golf Course Extension Road,arterial,3,22,2026-08-20,10024,True,1439,1439,1439,0,0.0,bootstrap,2026-08-16T14:42:36.741192Z
5,Golf Course Extension Road,arterial,3,23,2026-08-20,10024,True,1439,1439,1439,0,0.0,bootstrap,2026-08-16T14:42:37.227494Z
5,Golf Course Extension Road,arterial,4,0,2026-08-21,10024,True,1439,1439,1439,0,0.0,bootstrap,2026-08-16T14:42:37.782781Z
5,Golf Course Extension Road,arterial,4,1,2026-08-21,10024,True,1439,1439,1439,0,0.0,bootstrap,2026-08-16T14:42:38.271399Z
5,Golf Course Extension Road,arterial,4,2,2026-08-21,10024,True,1439,1439,1439,0,0.0,bootstrap,2026-08-16T14:42:38.807140Z
5,Golf Course Extension Road,arterial,4,3,2026-08-21,10024,True,1439,1439,1439,0,0.0,bootstrap,2026-08-16T14:42:39.219691Z
5,Golf Course Extension Road,arterial,4,4,2026-08-21,10024,True,1439,1452,1452,0,0.009,bootstrap,2026-08-16T14:42:39.642094Z
5,Golf Course Extension Road,arterial,4,5,2026-08-21,10024,True,1439,1454,1454,0,0.0103,bootstrap,2026-08-16T14:42:40.091098Z
5,Golf Course Extension Road,arterial,4,6,2026-08-21,10024,True,1439,1462,1462,0,0.0157,bootstrap,2026-08-16T14:42:40.786532Z
5,Golf Course Extension Road,arterial,4,7,2026-08-21,10024,True,1439,1538,1538,0,0.0644,bootstrap,2026-08-16T14:42:41.248748Z
5,Golf Course Extension Road,arterial,4,8,2026-08-21,10451,False,1541,1765,1765,0,0.1269,bootstrap,2026-08-16T14:42:41.765957Z
5,Golf Course Extension Road,arterial,4,9,2026-08-21,10451,False,1541,1828,1828,0,0.157,bootstrap,2026-08-16T14:42:42.183033Z
5,Golf Course Extension Road,arterial,4,10,2026-08-21,10451,False,1541,1864,1864,0,0.1733,bootstrap,2026-08-16T14:42:42.671154Z
5,Golf Course Extension Road,arterial,4,11,2026-08-21,10451,False,1541,1945,1945,0,0.2077,bootstrap,2026-08-16T14:42:43.099191Z
5,Golf Course Extension Road,arterial,4,12,2026-08-21,10451,False,1541,1990,1990,0,0.2256,bootstrap,2026-08-16T14:42:43.553253Z
5,Golf Course Extension Road,arterial,4,13,2026-08-21,10451,False,1541,1972,1972,0,0.2186,bootstrap,2026-08-16T14:42:44.020659Z
5,Golf Course Extension Road,arterial,4,14,2026-08-21,10024,True,1439,1882,1882,0,0.2354,bootstrap,2026-08-16T14:42:44.542488Z
5,Golf Course Extension Road,arterial,4,15,2026-08-21,10024,True,1439,1868,1868,0,0.2297,bootstrap,2026-08-16T14:42:45.031940Z
5,Golf Course Extension Road,arterial,4,16,2026-08-21,9002,False,1552,1945,1945,0,0.2021,bootstrap,2026-08-16T14:42:45.437707Z
5,Golf Course Extension Road,arterial,4,17,2026-08-21,9002,False,1552,2039,2039,0,0.2388,bootstrap,2026-08-16T14:42:45.919408Z
5,Golf Course Extension Road,arterial,4,18,2026-08-21,9002,False,1552,2095,2095,0,0.2592,bootstrap,2026-08-16T14:42:46.364611Z
5,Golf Course Extension Road,arterial,4,19,2026-08-21,9002,False,1552,2050,2050,0,0.2429,bootstrap,2026-08-16T14:42:46.803146Z
5,Golf Course Extension Road,arterial,4,20,2026-08-21,10451,False,1541,1950,1950,0,0.2097,bootstrap,2026-08-16T14:42:47.255495Z
5,Golf Course Extension Road,arterial,4,21,2026-08-21,10024,True,1439,1632,1632,0,0.1183,bootstrap,2026-08-16T14:42:47.816427Z
5,Golf Course Extension Road,arterial,4,22,2026-08-21,10024,True,1439,1439,1439,0,0.0,bootstrap,2026-08-16T14:42:48.311375Z
5,Golf Course Extension Road,arterial,4,23,2026-08-21,10024,True,1439,1439,1439,0,0.0,bootstrap,2026-08-16T14:42:48.840955Z
5,Golf Course Extension Road,arterial,5,0,2026-08-22,10024,True,1439,1439,1439,0,0.0,bootstrap,2026-08-16T14:42:49.250309Z
5,Golf Course Extension Road,arterial,5,1,2026-08-22,10024,True,1439,1439,1439,0,0.0,bootstrap,2026-08-16T14:42:49.697490Z
5,Golf Course Extension Road,arterial,5,2,2026-08-22,10024,True,1439,1439,1439,0,0.0,bootstrap,2026-08-16T14:42:50.135205Z
5,Golf Course Extension Road,arterial,5,3,2026-08-22,10024,True,1439,1439,1439,0,0.0,bootstrap,2026-08-16T14:42:50.688037Z
5,Golf Course Extension Road,arterial,5,4,2026-08-22,10024,True,1439,1453,1453,0,0.0096,bootstrap,2026-08-16T14:42:51.150970Z
5,Golf Course Extension Road,arterial,5,5,2026-08-22,10024,True,1439,1455,1455,0,0.011,bootstrap,2026-08-16T14:42:51.707018Z
5,Golf Course Extension Road,arterial,5,6,2026-08-22,10024,True,1439,1461,1461,0,0.0151,bootstrap,2026-08-16T14:42:52.118816Z
5,Golf Course Extension Road,arterial,5,7,2026-08-22,10024,True,1439,1511,1511,0,0.0477,bootstrap,2026-08-16T14:42:52.533004Z
5,Golf Course Extension Road,arterial,5,8,2026-08-22,10024,True,1439,1625,1625,0,0.1145,bootstrap,2026-08-16T14:42:52.961619Z
5,Golf Course Extension Road,arterial,5,9,2026-08-22,10451,False,1541,1730,1730,0,0.1092,bootstrap,2026-08-16T14:42:53.406600Z
5,Golf Course Extension Road,arterial,5,10,2026-08-22,10451,False,1541,1783,1783,0,0.1357,bootstrap,2026-08-16T14:42:53.959786Z
5,Golf Course Extension Road,arterial,5,11,2026-08-22,10451,False,1541,1883,1883,0,0.1816,bootstrap,2026-08-16T14:42:54.501832Z
5,Golf Course Extension Road,arterial,5,12,2026-08-22,9002,False,1552,1909,1909,0,0.187,bootstrap,2026-08-16T14:42:54.991497Z
5,Golf Course Extension Road,arterial,5,13,2026-08-22,9002,False,1552,1928,1928,0,0.195,bootstrap,2026-08-16T14:42:55.419120Z
5,Golf Course Extension Road,arterial,5,14,2026-08-22,9002,False,1552,1944,1944,0,0.2016,bootstrap,2026-08-16T14:42:55.847405Z
5,Golf Course Extension Road,arterial,5,15,2026-08-22,9988,True,1597,1869,1869,0,0.1455,bootstrap,2026-08-16T14:42:56.287549Z
5,Golf Course Extension Road,arterial,5,16,2026-08-22,9988,True,1597,1903,1903,0,0.1608,bootstrap,2026-08-16T14:42:56.826710Z
5,Golf Course Extension Road,arterial,5,17,2026-08-22,9988,True,1597,1969,1969,0,0.1889,bootstrap,2026-08-16T14:42:57.292637Z
5,Golf Course Extension Road,arterial,5,18,2026-08-22,9002,False,1552,2047,2047,0,0.2418,bootstrap,2026-08-16T14:42:57.769146Z
5,Golf Course Extension Road,arterial,5,19,2026-08-22,9002,False,1552,1975,1975,0,0.2142,bootstrap,2026-08-16T14:42:58.261533Z
5,Golf Course Extension Road,arterial,5,20,2026-08-22,10451,False,1541,1903,1903,0,0.1902,bootstrap,2026-08-16T14:42:58.876657Z
5,Golf Course Extension Road,arterial,5,21,2026-08-22,10024,True,1439,1621,1621,0,0.1123,bootstrap,2026-08-16T14:42:59.306041Z
5,Golf Course Extension Road,arterial,5,22,2026-08-22,10024,True,1439,1439,1439,0,0.0,bootstrap,2026-08-16T14:42:59.768130Z
5,Golf Course Extension Road,arterial,5,23,2026-08-22,10024,True,1439,1439,1439,0,0.0,bootstrap,2026-08-16T14:43:00.215092Z
5,Golf Course Extension Road,arterial,6,0,2026-08-23,10024,True,1439,1441,1441,0,0.0014,bootstrap,2026-08-16T14:43:00.660182Z
5,Golf Course Extension Road,arterial,6,1,2026-08-23,10024,True,1439,1441,1441,0,0.0014,bootstrap,2026-08-16T14:43:01.162245Z
5,Golf Course Extension Road,arterial,6,2,2026-08-23,10024,True,1439,1441,1441,0,0.0014,bootstrap,2026-08-16T14:43:01.676805Z
5,Golf Course Extension Road,arterial,6,3,2026-08-23,10024,True,1439,1441,1441,0,0.0014,bootstrap,2026-08-16T14:43:02.122567Z
5,Golf Course Extension Road,arterial,6,4,2026-08-23,10024,True,1439,1454,1454,0,0.0103,bootstrap,2026-08-16T14:43:02.552174Z
5,Golf Course Extension Road,arterial,6,5,2026-08-23,10024,True,1439,1456,1456,0,0.0117,bootstrap,2026-08-16T14:43:02.970258Z
5,Golf Course Extension Road,arterial,6,6,2026-08-23,10024,True,1439,1467,1467,0,0.0191,bootstrap,2026-08-16T14:43:03.411310Z
5,Golf Course Extension Road,arterial,6,7,2026-08-23,10024,True,1439,1521,1521,0,0.0539,bootstrap,2026-08-16T14:43:03.939307Z
5,Golf Course Extension Road,arterial,6,8,2026-08-23,10024,True,1439,1593,1593,0,0.0967,bootstrap,2026-08-16T14:43:04.411654Z
5,Golf Course Extension Road,arterial,6,9,2026-08-23,10451,False,1541,1661,1661,0,0.0722,bootstrap,2026-08-16T14:43:04.896108Z
5,Golf Course Extension Road,arterial,6,10,2026-08-23,10451,False,1541,1672,1672,0,0.0783,bootstrap,2026-08-16T14:43:05.341751Z
5,Golf Course Extension Road,arterial,6,11,2026-08-23,10451,False,1541,1708,1708,0,0.0978,bootstrap,2026-08-16T14:43:05.910187Z
5,Golf Course Extension Road,arterial,6,12,2026-08-23,10451,False,1541,1739,1739,0,0.1139,bootstrap,2026-08-16T14:43:06.357639Z
5,Golf Course Extension Road,arterial,6,13,2026-08-23,10451,False,1541,1747,1747,0,0.1179,bootstrap,2026-08-16T14:43:06.866081Z
5,Golf Course Extension Road,arterial,6,14,2026-08-23,10451,False,1541,1755,1755,0,0.1219,bootstrap,2026-08-16T14:43:07.322734Z
5,Golf Course Extension Road,arterial,6,15,2026-08-23,10451,False,1541,1759,1759,0,0.1239,bootstrap,2026-08-16T14:43:07.886325Z
5,Golf Course Extension Road,arterial,6,16,2026-08-23,10451,False,1541,1783,1783,0,0.1357,bootstrap,2026-08-16T14:43:08.371583Z
5,Golf Course Extension Road,arterial,6,17,2026-08-23,10451,False,1541,1832,1832,0,0.1588,bootstrap,2026-08-16T14:43:08.799408Z
5,Golf Course Extension Road,arterial,6,18,2026-08-23,10451,False,1541,1885,1885,0,0.1825,bootstrap,2026-08-16T14:43:09.221777Z
5,Golf Course Extension Road,arterial,6,19,2026-08-23,10451,False,1541,1885,1885,0,0.1825,bootstrap,2026-08-16T14:43:09.705696Z
5,Golf Course Extension Road,arterial,6,20,2026-08-23,10451,False,1541,1814,1814,0,0.1505,bootstrap,2026-08-16T14:43:10.166622Z
5,Golf Course Extension Road,arterial,6,21,2026-08-23,10024,True,1439,1588,1588,0,0.0938,bootstrap,2026-08-16T14:43:10.618743Z
5,Golf Course Extension Road,arterial,6,22,2026-08-23,10024,True,1439,1441,1441,0,0.0014,bootstrap,2026-08-16T14:43:11.171735Z
5,Golf Course Extension Road,arterial,6,23,2026-08-23,10024,True,1439,1441,1441,0,0.0014,bootstrap,2026-08-16T14:43:11.658675Z
6,Mehrauli-Gurgaon Road,arterial,0,0,2026-08-17,9408,True,978,978,989,0,0.0,bootstrap,2026-08-16T14:43:12.003000Z
6,Mehrauli-Gurgaon Road,arterial,0,1,2026-08-17,9408,True,978,978,989,0,0.0,bootstrap,2026-08-16T14:43:12.363449Z
6,Mehrauli-Gurgaon Road,arterial,0,2,2026-08-17,9408,True,978,978,989,0,0.0,bootstrap,2026-08-16T14:43:12.741267Z
6,Mehrauli-Gurgaon Road,arterial,0,3,2026-08-17,9408,True,978,978,989,0,0.0,bootstrap,2026-08-16T14:43:13.123255Z
6,Mehrauli-Gurgaon Road,arterial,0,4,2026-08-17,9408,True,978,987,987,0,0.0091,bootstrap,2026-08-16T14:43:13.538744Z
6,Mehrauli-Gurgaon Road,arterial,0,5,2026-08-17,9408,True,978,991,991,0,0.0131,bootstrap,2026-08-16T14:43:14.032018Z
6,Mehrauli-Gurgaon Road,arterial,0,6,2026-08-17,9408,True,978,1001,1001,0,0.023,bootstrap,2026-08-16T14:43:14.545798Z
6,Mehrauli-Gurgaon Road,arterial,0,7,2026-08-17,9408,True,978,1062,1062,0,0.0791,bootstrap,2026-08-16T14:43:14.971874Z
6,Mehrauli-Gurgaon Road,arterial,0,8,2026-08-17,9408,True,978,1235,1235,0,0.2081,bootstrap,2026-08-16T14:43:15.344002Z
6,Mehrauli-Gurgaon Road,arterial,0,9,2026-08-17,9408,True,978,1332,1332,0,0.2658,bootstrap,2026-08-16T14:43:15.716037Z
6,Mehrauli-Gurgaon Road,arterial,0,10,2026-08-17,9408,True,978,1371,1371,0,0.2867,bootstrap,2026-08-16T14:43:16.115784Z
6,Mehrauli-Gurgaon Road,arterial,0,11,2026-08-17,9408,True,978,1422,1422,0,0.3122,bootstrap,2026-08-16T14:43:16.562630Z
6,Mehrauli-Gurgaon Road,arterial,0,12,2026-08-17,9408,True,978,1408,1408,0,0.3054,bootstrap,2026-08-16T14:43:16.979468Z
6,Mehrauli-Gurgaon Road,arterial,0,13,2026-08-17,9408,True,978,1325,1325,0,0.2619,bootstrap,2026-08-16T14:43:17.414553Z
6,Mehrauli-Gurgaon Road,arterial,0,14,2026-08-17,9408,True,978,1221,1221,0,0.199,bootstrap,2026-08-16T14:43:17.762563Z
6,Mehrauli-Gurgaon Road,arterial,0,15,2026-08-17,9408,True,978,1211,1211,0,0.1924,bootstrap,2026-08-16T14:43:18.330660Z
6,Mehrauli-Gurgaon Road,arterial,0,16,2026-08-17,9408,True,978,1273,1273,0,0.2317,bootstrap,2026-08-16T14:43:18.741686Z
6,Mehrauli-Gurgaon Road,arterial,0,17,2026-08-17,9408,True,978,1404,1404,0,0.3034,bootstrap,2026-08-16T14:43:19.151207Z
6,Mehrauli-Gurgaon Road,arterial,0,18,2026-08-17,11034,False,1106,1506,1506,0,0.2656,bootstrap,2026-08-16T14:43:19.552728Z
6,Mehrauli-Gurgaon Road,arterial,0,19,2026-08-17,11034,False,1106,1469,1469,0,0.2471,bootstrap,2026-08-16T14:43:19.973010Z
6,Mehrauli-Gurgaon Road,arterial,0,20,2026-08-17,9408,True,978,1307,1307,0,0.2517,bootstrap,2026-08-16T14:43:20.500174Z
6,Mehrauli-Gurgaon Road,arterial,0,21,2026-08-17,9408,True,978,1107,1107,0,0.1165,bootstrap,2026-08-16T14:43:20.841821Z
6,Mehrauli-Gurgaon Road,arterial,0,22,2026-08-17,9408,True,978,978,978,0,0.0,bootstrap,2026-08-16T14:43:21.187876Z
6,Mehrauli-Gurgaon Road,arterial,0,23,2026-08-17,9408,True,978,978,978,0,0.0,bootstrap,2026-08-16T14:43:21.568158Z
6,Mehrauli-Gurgaon Road,arterial,1,0,2026-08-18,9408,True,978,978,978,0,0.0,bootstrap,2026-08-16T14:43:22.021991Z
6,Mehrauli-Gurgaon Road,arterial,1,1,2026-08-18,9408,True,978,978,978,0,0.0,bootstrap,2026-08-16T14:43:22.429887Z
6,Mehrauli-Gurgaon Road,arterial,1,2,2026-08-18,9408,True,978,978,978,0,0.0,bootstrap,2026-08-16T14:43:22.842097Z
6,Mehrauli-Gurgaon Road,arterial,1,3,2026-08-18,9408,True,978,978,978,0,0.0,bootstrap,2026-08-16T14:43:23.452010Z
6,Mehrauli-Gurgaon Road,arterial,1,4,2026-08-18,9408,True,978,987,987,0,0.0091,bootstrap,2026-08-16T14:43:24.082616Z
6,Mehrauli-Gurgaon Road,arterial,1,5,2026-08-18,9408,True,978,990,990,0,0.0121,bootstrap,2026-08-16T14:43:24.450797Z
6,Mehrauli-Gurgaon Road,arterial,1,6,2026-08-18,9408,True,978,999,999,0,0.021,bootstrap,2026-08-16T14:43:24.876233Z
6,Mehrauli-Gurgaon Road,arterial,1,7,2026-08-18,9408,True,978,1062,1062,0,0.0791,bootstrap,2026-08-16T14:43:25.295652Z
6,Mehrauli-Gurgaon Road,arterial,1,8,2026-08-18,9408,True,978,1228,1228,0,0.2036,bootstrap,2026-08-16T14:43:25.705263Z
6,Mehrauli-Gurgaon Road,arterial,1,9,2026-08-18,9408,True,978,1334,1334,0,0.2669,bootstrap,2026-08-16T14:43:26.119849Z
6,Mehrauli-Gurgaon Road,arterial,1,10,2026-08-18,9408,True,978,1394,1394,0,0.2984,bootstrap,2026-08-16T14:43:26.658464Z
6,Mehrauli-Gurgaon Road,arterial,1,11,2026-08-18,9408,True,978,1455,1455,0,0.3278,bootstrap,2026-08-16T14:43:27.004334Z
6,Mehrauli-Gurgaon Road,arterial,1,12,2026-08-18,9408,True,978,1441,1441,0,0.3213,bootstrap,2026-08-16T14:43:27.549931Z
6,Mehrauli-Gurgaon Road,arterial,1,13,2026-08-18,9408,True,978,1346,1346,0,0.2734,bootstrap,2026-08-16T14:43:27.936325Z
6,Mehrauli-Gurgaon Road,arterial,1,14,2026-08-18,9408,True,978,1249,1249,0,0.217,bootstrap,2026-08-16T14:43:28.367998Z
6,Mehrauli-Gurgaon Road,arterial,1,15,2026-08-18,9408,True,978,1248,1248,0,0.2163,bootstrap,2026-08-16T14:43:28.775531Z
6,Mehrauli-Gurgaon Road,arterial,1,16,2026-08-18,9408,True,978,1305,1305,0,0.2506,bootstrap,2026-08-16T14:43:29.394500Z
6,Mehrauli-Gurgaon Road,arterial,1,17,2026-08-18,9408,True,978,1407,1407,0,0.3049,bootstrap,2026-08-16T14:43:29.911023Z
6,Mehrauli-Gurgaon Road,arterial,1,18,2026-08-18,9408,True,978,1478,1478,0,0.3383,bootstrap,2026-08-16T14:43:30.414874Z
6,Mehrauli-Gurgaon Road,arterial,1,19,2026-08-18,9408,True,978,1439,1439,0,0.3204,bootstrap,2026-08-16T14:43:30.779194Z
6,Mehrauli-Gurgaon Road,arterial,1,20,2026-08-18,9408,True,978,1277,1277,0,0.2341,bootstrap,2026-08-16T14:43:31.235146Z
6,Mehrauli-Gurgaon Road,arterial,1,21,2026-08-18,9408,True,978,1097,1097,0,0.1085,bootstrap,2026-08-16T14:43:31.644855Z
6,Mehrauli-Gurgaon Road,arterial,1,22,2026-08-18,9408,True,978,978,978,0,0.0,bootstrap,2026-08-16T14:43:32.046429Z
6,Mehrauli-Gurgaon Road,arterial,1,23,2026-08-18,9408,True,978,978,978,0,0.0,bootstrap,2026-08-16T14:43:32.682712Z
6,Mehrauli-Gurgaon Road,arterial,2,0,2026-08-19,9408,True,978,978,978,0,0.0,bootstrap,2026-08-16T14:43:33.125252Z
6,Mehrauli-Gurgaon Road,arterial,2,1,2026-08-19,9408,True,978,978,978,0,0.0,bootstrap,2026-08-16T14:43:33.476057Z
6,Mehrauli-Gurgaon Road,arterial,2,2,2026-08-19,9408,True,978,978,978,0,0.0,bootstrap,2026-08-16T14:43:33.832217Z
6,Mehrauli-Gurgaon Road,arterial,2,3,2026-08-19,9408,True,978,978,978,0,0.0,bootstrap,2026-08-16T14:43:34.309538Z
6,Mehrauli-Gurgaon Road,arterial,2,4,2026-08-19,9408,True,978,987,987,0,0.0091,bootstrap,2026-08-16T14:43:34.712061Z
6,Mehrauli-Gurgaon Road,arterial,2,5,2026-08-19,9408,True,978,990,990,0,0.0121,bootstrap,2026-08-16T14:43:35.115191Z
6,Mehrauli-Gurgaon Road,arterial,2,6,2026-08-19,9408,True,978,1001,1001,0,0.023,bootstrap,2026-08-16T14:43:35.727798Z
6,Mehrauli-Gurgaon Road,arterial,2,7,2026-08-19,9408,True,978,1079,1079,0,0.0936,bootstrap,2026-08-16T14:43:36.192847Z
6,Mehrauli-Gurgaon Road,arterial,2,8,2026-08-19,9408,True,978,1283,1283,0,0.2377,bootstrap,2026-08-16T14:43:36.561460Z
6,Mehrauli-Gurgaon Road,arterial,2,9,2026-08-19,9408,True,978,1391,1391,0,0.2969,bootstrap,2026-08-16T14:43:36.922265Z
6,Mehrauli-Gurgaon Road,arterial,2,10,2026-08-19,9408,True,978,1440,1440,0,0.3208,bootstrap,2026-08-16T14:43:37.377913Z
6,Mehrauli-Gurgaon Road,arterial,2,11,2026-08-19,9408,True,978,1506,1506,0,0.3506,bootstrap,2026-08-16T14:43:37.768588Z
6,Mehrauli-Gurgaon Road,arterial,2,12,2026-08-19,9408,True,978,1494,1494,0,0.3454,bootstrap,2026-08-16T14:43:38.176388Z
6,Mehrauli-Gurgaon Road,arterial,2,13,2026-08-19,9408,True,978,1392,1392,0,0.2974,bootstrap,2026-08-16T14:43:38.607419Z
6,Mehrauli-Gurgaon Road,arterial,2,14,2026-08-19,9408,True,978,1283,1283,0,0.2377,bootstrap,2026-08-16T14:43:39.076627Z
6,Mehrauli-Gurgaon Road,arterial,2,15,2026-08-19,9408,True,978,1290,1290,0,0.2419,bootstrap,2026-08-16T14:43:39.631138Z
6,Mehrauli-Gurgaon Road,arterial,2,16,2026-08-19,9408,True,978,1372,1372,0,0.2872,bootstrap,2026-08-16T14:43:40.043978Z
6,Mehrauli-Gurgaon Road,arterial,2,17,2026-08-19,9408,True,978,1521,1521,0,0.357,bootstrap,2026-08-16T14:43:40.421088Z
6,Mehrauli-Gurgaon Road,arterial,2,18,2026-08-19,11034,False,1106,1580,1580,0,0.3,bootstrap,2026-08-16T14:43:40.803283Z
6,Mehrauli-Gurgaon Road,arterial,2,19,2026-08-19,11034,False,1106,1516,1516,0,0.2704,bootstrap,2026-08-16T14:43:41.270426Z
6,Mehrauli-Gurgaon Road,arterial,2,20,2026-08-19,9408,True,978,1337,1337,0,0.2685,bootstrap,2026-08-16T14:43:41.693581Z
6,Mehrauli-Gurgaon Road,arterial,2,21,2026-08-19,9408,True,978,1118,1118,0,0.1252,bootstrap,2026-08-16T14:43:42.300587Z
6,Mehrauli-Gurgaon Road,arterial,2,22,2026-08-19,9408,True,978,978,978,0,0.0,bootstrap,2026-08-16T14:43:42.673887Z
6,Mehrauli-Gurgaon Road,arterial,2,23,2026-08-19,9408,True,978,978,978,0,0.0,bootstrap,2026-08-16T14:43:43.026742Z
6,Mehrauli-Gurgaon Road,arterial,3,0,2026-08-20,9408,True,978,978,978,0,0.0,bootstrap,2026-08-16T14:43:43.404976Z
6,Mehrauli-Gurgaon Road,arterial,3,1,2026-08-20,9408,True,978,978,978,0,0.0,bootstrap,2026-08-16T14:43:43.854056Z
6,Mehrauli-Gurgaon Road,arterial,3,2,2026-08-20,9408,True,978,978,978,0,0.0,bootstrap,2026-08-16T14:43:44.307153Z
6,Mehrauli-Gurgaon Road,arterial,3,3,2026-08-20,9408,True,978,978,978,0,0.0,bootstrap,2026-08-16T14:43:44.753241Z
6,Mehrauli-Gurgaon Road,arterial,3,4,2026-08-20,9408,True,978,987,987,0,0.0091,bootstrap,2026-08-16T14:43:45.187185Z
6,Mehrauli-Gurgaon Road,arterial,3,5,2026-08-20,9408,True,978,990,990,0,0.0121,bootstrap,2026-08-16T14:43:45.906059Z
6,Mehrauli-Gurgaon Road,arterial,3,6,2026-08-20,9408,True,978,999,999,0,0.021,bootstrap,2026-08-16T14:43:46.327469Z
6,Mehrauli-Gurgaon Road,arterial,3,7,2026-08-20,9408,True,978,1059,1059,0,0.0765,bootstrap,2026-08-16T14:43:46.800909Z
6,Mehrauli-Gurgaon Road,arterial,3,8,2026-08-20,9408,True,978,1218,1218,0,0.197,bootstrap,2026-08-16T14:43:47.185193Z
6,Mehrauli-Gurgaon Road,arterial,3,9,2026-08-20,9408,True,978,1323,1323,0,0.2608,bootstrap,2026-08-16T14:43:47.617100Z
6,Mehrauli-Gurgaon Road,arterial,3,10,2026-08-20,9408,True,978,1387,1387,0,0.2949,bootstrap,2026-08-16T14:43:48.032173Z
6,Mehrauli-Gurgaon Road,arterial,3,11,2026-08-20,9408,True,978,1453,1453,0,0.3269,bootstrap,2026-08-16T14:43:48.466521Z
6,Mehrauli-Gurgaon Road,arterial,3,12,2026-08-20,9408,True,978,1450,1450,0,0.3255,bootstrap,2026-08-16T14:43:48.846887Z
6,Mehrauli-Gurgaon Road,arterial,3,13,2026-08-20,9408,True,978,1362,1362,0,0.2819,bootstrap,2026-08-16T14:43:49.345391Z
6,Mehrauli-Gurgaon Road,arterial,3,14,2026-08-20,9408,True,978,1266,1266,0,0.2275,bootstrap,2026-08-16T14:43:49.710574Z
6,Mehrauli-Gurgaon Road,arterial,3,15,2026-08-20,9408,True,978,1258,1258,0,0.2226,bootstrap,2026-08-16T14:43:50.098083Z
6,Mehrauli-Gurgaon Road,arterial,3,16,2026-08-20,9408,True,978,1311,1311,0,0.254,bootstrap,2026-08-16T14:43:50.500029Z
6,Mehrauli-Gurgaon Road,arterial,3,17,2026-08-20,9408,True,978,1411,1411,0,0.3069,bootstrap,2026-08-16T14:43:51.022924Z
6,Mehrauli-Gurgaon Road,arterial,3,18,2026-08-20,9408,True,978,1483,1483,0,0.3405,bootstrap,2026-08-16T14:43:51.466957Z
6,Mehrauli-Gurgaon Road,arterial,3,19,2026-08-20,11034,False,1106,1449,1449,0,0.2367,bootstrap,2026-08-16T14:43:51.825503Z
6,Mehrauli-Gurgaon Road,arterial,3,20,2026-08-20,9408,True,978,1298,1298,0,0.2465,bootstrap,2026-08-16T14:43:52.368183Z
6,Mehrauli-Gurgaon Road,arterial,3,21,2026-08-20,9408,True,978,1109,1109,0,0.1181,bootstrap,2026-08-16T14:43:52.942131Z
6,Mehrauli-Gurgaon Road,arterial,3,22,2026-08-20,9408,True,978,978,978,0,0.0,bootstrap,2026-08-16T14:43:53.326358Z
6,Mehrauli-Gurgaon Road,arterial,3,23,2026-08-20,9408,True,978,978,978,0,0.0,bootstrap,2026-08-16T14:43:53.719798Z
6,Mehrauli-Gurgaon Road,arterial,4,0,2026-08-21,9408,True,978,978,978,0,0.0,bootstrap,2026-08-16T14:43:54.146102Z
6,Mehrauli-Gurgaon Road,arterial,4,1,2026-08-21,9408,True,978,978,978,0,0.0,bootstrap,2026-08-16T14:43:54.786644Z
6,Mehrauli-Gurgaon Road,arterial,4,2,2026-08-21,9408,True,978,978,978,0,0.0,bootstrap,2026-08-16T14:43:55.138822Z
6,Mehrauli-Gurgaon Road,arterial,4,3,2026-08-21,9408,True,978,978,978,0,0.0,bootstrap,2026-08-16T14:43:55.502572Z
6,Mehrauli-Gurgaon Road,arterial,4,4,2026-08-21,9408,True,978,987,987,0,0.0091,bootstrap,2026-08-16T14:43:56.016305Z
6,Mehrauli-Gurgaon Road,arterial,4,5,2026-08-21,9408,True,978,989,989,0,0.0111,bootstrap,2026-08-16T14:43:56.424788Z
6,Mehrauli-Gurgaon Road,arterial,4,6,2026-08-21,9408,True,978,997,997,0,0.0191,bootstrap,2026-08-16T14:43:56.834484Z
6,Mehrauli-Gurgaon Road,arterial,4,7,2026-08-21,9408,True,978,1054,1054,0,0.0721,bootstrap,2026-08-16T14:43:57.258071Z
6,Mehrauli-Gurgaon Road,arterial,4,8,2026-08-21,9408,True,978,1208,1208,0,0.1904,bootstrap,2026-08-16T14:43:57.686424Z
6,Mehrauli-Gurgaon Road,arterial,4,9,2026-08-21,9408,True,978,1296,1296,0,0.2454,bootstrap,2026-08-16T14:43:58.063614Z
6,Mehrauli-Gurgaon Road,arterial,4,10,2026-08-21,9408,True,978,1332,1332,0,0.2658,bootstrap,2026-08-16T14:43:58.472792Z
6,Mehrauli-Gurgaon Road,arterial,4,11,2026-08-21,9408,True,978,1389,1389,0,0.2959,bootstrap,2026-08-16T14:43:58.841716Z
6,Mehrauli-Gurgaon Road,arterial,4,12,2026-08-21,9408,True,978,1391,1391,0,0.2969,bootstrap,2026-08-16T14:43:59.255410Z
6,Mehrauli-Gurgaon Road,arterial,4,13,2026-08-21,9408,True,978,1325,1325,0,0.2619,bootstrap,2026-08-16T14:43:59.655130Z
6,Mehrauli-Gurgaon Road,arterial,4,14,2026-08-21,9408,True,978,1229,1229,0,0.2042,bootstrap,2026-08-16T14:44:00.124889Z
6,Mehrauli-Gurgaon Road,arterial,4,15,2026-08-21,9408,True,978,1217,1217,0,0.1964,bootstrap,2026-08-16T14:44:00.561712Z
6,Mehrauli-Gurgaon Road,arterial,4,16,2026-08-21,9408,True,978,1286,1286,0,0.2395,bootstrap,2026-08-16T14:44:00.931186Z
6,Mehrauli-Gurgaon Road,arterial,4,17,2026-08-21,9408,True,978,1436,1436,0,0.3189,bootstrap,2026-08-16T14:44:01.280331Z
6,Mehrauli-Gurgaon Road,arterial,4,18,2026-08-21,9408,True,978,1560,1560,0,0.3731,bootstrap,2026-08-16T14:44:01.655740Z
6,Mehrauli-Gurgaon Road,arterial,4,19,2026-08-21,11034,False,1106,1520,1520,0,0.2724,bootstrap,2026-08-16T14:44:02.045456Z
6,Mehrauli-Gurgaon Road,arterial,4,20,2026-08-21,9408,True,978,1339,1339,0,0.2696,bootstrap,2026-08-16T14:44:02.567654Z
6,Mehrauli-Gurgaon Road,arterial,4,21,2026-08-21,9408,True,978,1120,1120,0,0.1268,bootstrap,2026-08-16T14:44:03.181784Z
6,Mehrauli-Gurgaon Road,arterial,4,22,2026-08-21,9408,True,978,978,978,0,0.0,bootstrap,2026-08-16T14:44:03.667238Z
6,Mehrauli-Gurgaon Road,arterial,4,23,2026-08-21,9408,True,978,978,978,0,0.0,bootstrap,2026-08-16T14:44:04.206462Z
6,Mehrauli-Gurgaon Road,arterial,5,0,2026-08-22,9408,True,978,978,978,0,0.0,bootstrap,2026-08-16T14:44:04.561344Z
6,Mehrauli-Gurgaon Road,arterial,5,1,2026-08-22,9408,True,978,978,978,0,0.0,bootstrap,2026-08-16T14:44:05.026000Z
6,Mehrauli-Gurgaon Road,arterial,5,2,2026-08-22,9408,True,978,978,978,0,0.0,bootstrap,2026-08-16T14:44:05.414803Z
6,Mehrauli-Gurgaon Road,arterial,5,3,2026-08-22,9408,True,978,978,978,0,0.0,bootstrap,2026-08-16T14:44:05.842585Z
6,Mehrauli-Gurgaon Road,arterial,5,4,2026-08-22,9408,True,978,987,987,0,0.0091,bootstrap,2026-08-16T14:44:06.250645Z
6,Mehrauli-Gurgaon Road,arterial,5,5,2026-08-22,9408,True,978,988,988,0,0.0101,bootstrap,2026-08-16T14:44:06.688435Z
6,Mehrauli-Gurgaon Road,arterial,5,6,2026-08-22,9408,True,978,992,992,0,0.0141,bootstrap,2026-08-16T14:44:07.072429Z
6,Mehrauli-Gurgaon Road,arterial,5,7,2026-08-22,9408,True,978,1018,1018,0,0.0393,bootstrap,2026-08-16T14:44:07.481890Z
6,Mehrauli-Gurgaon Road,arterial,5,8,2026-08-22,9408,True,978,1068,1068,0,0.0843,bootstrap,2026-08-16T14:44:08.098132Z
6,Mehrauli-Gurgaon Road,arterial,5,9,2026-08-22,9408,True,978,1094,1094,0,0.106,bootstrap,2026-08-16T14:44:08.508493Z
6,Mehrauli-Gurgaon Road,arterial,5,10,2026-08-22,9408,True,978,1123,1123,0,0.1291,bootstrap,2026-08-16T14:44:09.121264Z
6,Mehrauli-Gurgaon Road,arterial,5,11,2026-08-22,9408,True,978,1169,1169,0,0.1634,bootstrap,2026-08-16T14:44:09.649876Z
6,Mehrauli-Gurgaon Road,arterial,5,12,2026-08-22,9408,True,978,1215,1215,0,0.1951,bootstrap,2026-08-16T14:44:10.144818Z
6,Mehrauli-Gurgaon Road,arterial,5,13,2026-08-22,9408,True,978,1224,1224,0,0.201,bootstrap,2026-08-16T14:44:10.540946Z
6,Mehrauli-Gurgaon Road,arterial,5,14,2026-08-22,9408,True,978,1239,1239,0,0.2107,bootstrap,2026-08-16T14:44:10.899722Z
6,Mehrauli-Gurgaon Road,arterial,5,15,2026-08-22,9408,True,978,1275,1275,0,0.2329,bootstrap,2026-08-16T14:44:11.375962Z
6,Mehrauli-Gurgaon Road,arterial,5,16,2026-08-22,9408,True,978,1316,1316,0,0.2568,bootstrap,2026-08-16T14:44:11.771477Z
6,Mehrauli-Gurgaon Road,arterial,5,17,2026-08-22,9408,True,978,1359,1359,0,0.2804,bootstrap,2026-08-16T14:44:12.189177Z
6,Mehrauli-Gurgaon Road,arterial,5,18,2026-08-22,9408,True,978,1359,1359,0,0.2804,bootstrap,2026-08-16T14:44:12.702313Z
6,Mehrauli-Gurgaon Road,arterial,5,19,2026-08-22,9408,True,978,1291,1291,0,0.2424,bootstrap,2026-08-16T14:44:13.214949Z
6,Mehrauli-Gurgaon Road,arterial,5,20,2026-08-22,9408,True,978,1192,1192,0,0.1795,bootstrap,2026-08-16T14:44:13.624364Z
6,Mehrauli-Gurgaon Road,arterial,5,21,2026-08-22,9408,True,978,1085,1085,0,0.0986,bootstrap,2026-08-16T14:44:14.035366Z
6,Mehrauli-Gurgaon Road,arterial,5,22,2026-08-22,9408,True,978,978,978,0,0.0,bootstrap,2026-08-16T14:44:14.405036Z
6,Mehrauli-Gurgaon Road,arterial,5,23,2026-08-22,9408,True,978,978,978,0,0.0,bootstrap,2026-08-16T14:44:14.789498Z
6,Mehrauli-Gurgaon Road,arterial,6,0,2026-08-23,9408,True,978,978,978,0,0.0,bootstrap,2026-08-16T14:44:15.263038Z
6,Mehrauli-Gurgaon Road,arterial,6,1,2026-08-23,9408,True,978,978,978,0,0.0,bootstrap,2026-08-16T14:44:15.672900Z
6,Mehrauli-Gurgaon Road,arterial,6,2,2026-08-23,9408,True,978,978,978,0,0.0,bootstrap,2026-08-16T14:44:16.287249Z
6,Mehrauli-Gurgaon Road,arterial,6,3,2026-08-23,9408,True,978,978,978,0,0.0,bootstrap,2026-08-16T14:44:16.696931Z
6,Mehrauli-Gurgaon Road,arterial,6,4,2026-08-23,9408,True,978,987,987,0,0.0091,bootstrap,2026-08-16T14:44:17.111505Z
6,Mehrauli-Gurgaon Road,arterial,6,5,2026-08-23,9408,True,978,988,988,0,0.0101,bootstrap,2026-08-16T14:44:17.496651Z
6,Mehrauli-Gurgaon Road,arterial,6,6,2026-08-23,9408,True,978,990,990,0,0.0121,bootstrap,2026-08-16T14:44:17.875968Z
6,Mehrauli-Gurgaon Road,arterial,6,7,2026-08-23,9408,True,978,1003,1003,0,0.0249,bootstrap,2026-08-16T14:44:18.272101Z
6,Mehrauli-Gurgaon Road,arterial,6,8,2026-08-23,9408,True,978,1023,1023,0,0.044,bootstrap,2026-08-16T14:44:18.735484Z
6,Mehrauli-Gurgaon Road,arterial,6,9,2026-08-23,9408,True,978,1034,1034,0,0.0542,bootstrap,2026-08-16T14:44:19.218345Z
6,Mehrauli-Gurgaon Road,arterial,6,10,2026-08-23,9408,True,978,1053,1053,0,0.0712,bootstrap,2026-08-16T14:44:19.557587Z
6,Mehrauli-Gurgaon Road,arterial,6,11,2026-08-23,9408,True,978,1082,1082,0,0.0961,bootstrap,2026-08-16T14:44:19.910548Z
6,Mehrauli-Gurgaon Road,arterial,6,12,2026-08-23,9408,True,978,1106,1106,0,0.1157,bootstrap,2026-08-16T14:44:20.287643Z
6,Mehrauli-Gurgaon Road,arterial,6,13,2026-08-23,9408,True,978,1114,1114,0,0.1221,bootstrap,2026-08-16T14:44:20.666993Z
6,Mehrauli-Gurgaon Road,arterial,6,14,2026-08-23,9408,True,978,1130,1130,0,0.1345,bootstrap,2026-08-16T14:44:21.066797Z
6,Mehrauli-Gurgaon Road,arterial,6,15,2026-08-23,9408,True,978,1155,1155,0,0.1532,bootstrap,2026-08-16T14:44:21.482359Z
6,Mehrauli-Gurgaon Road,arterial,6,16,2026-08-23,9408,True,978,1182,1182,0,0.1726,bootstrap,2026-08-16T14:44:21.911940Z
6,Mehrauli-Gurgaon Road,arterial,6,17,2026-08-23,9408,True,978,1212,1212,0,0.1931,bootstrap,2026-08-16T14:44:22.362582Z
6,Mehrauli-Gurgaon Road,arterial,6,18,2026-08-23,9408,True,978,1223,1223,0,0.2003,bootstrap,2026-08-16T14:44:22.750924Z
6,Mehrauli-Gurgaon Road,arterial,6,19,2026-08-23,9408,True,978,1178,1178,0,0.1698,bootstrap,2026-08-16T14:44:23.150025Z
6,Mehrauli-Gurgaon Road,arterial,6,20,2026-08-23,9408,True,978,1114,1114,0,0.1221,bootstrap,2026-08-16T14:44:23.536388Z
6,Mehrauli-Gurgaon Road,arterial,6,21,2026-08-23,9408,True,978,1049,1049,0,0.0677,bootstrap,2026-08-16T14:44:24.069772Z
6,Mehrauli-Gurgaon Road,arterial,6,22,2026-08-23,9408,True,978,978,978,0,0.0,bootstrap,2026-08-16T14:44:24.683718Z
6,Mehrauli-Gurgaon Road,arterial,6,23,2026-08-23,9408,True,978,978,978,0,0.0,bootstrap,2026-08-16T14:44:25.251606Z
7,Southern Peripheral Road,arterial,0,0,2026-08-17,8020,True,895,896,913,0,0.0011,bootstrap,2026-08-16T14:44:25.707357Z
7,Southern Peripheral Road,arterial,0,1,2026-08-17,8020,True,895,896,913,0,0.0011,bootstrap,2026-08-16T14:44:26.116558Z
7,Southern Peripheral Road,arterial,0,2,2026-08-17,8020,True,895,896,913,0,0.0011,bootstrap,2026-08-16T14:44:26.525888Z
7,Southern Peripheral Road,arterial,0,3,2026-08-17,8020,True,895,896,913,0,0.0011,bootstrap,2026-08-16T14:44:26.935931Z
7,Southern Peripheral Road,arterial,0,4,2026-08-17,8020,True,895,905,905,0,0.011,bootstrap,2026-08-16T14:44:27.335169Z
7,Southern Peripheral Road,arterial,0,5,2026-08-17,8020,True,895,907,907,0,0.0132,bootstrap,2026-08-16T14:44:27.740505Z
7,Southern Peripheral Road,arterial,0,6,2026-08-17,8020,True,895,913,913,0,0.0197,bootstrap,2026-08-16T14:44:28.168749Z
7,Southern Peripheral Road,arterial,0,7,2026-08-17,8020,True,895,963,963,0,0.0706,bootstrap,2026-08-16T14:44:28.573699Z
7,Southern Peripheral Road,arterial,0,8,2026-08-17,8020,True,895,1054,1054,0,0.1509,bootstrap,2026-08-16T14:44:28.984602Z
7,Southern Peripheral Road,arterial,0,9,2026-08-17,8020,True,895,1070,1070,0,0.1636,bootstrap,2026-08-16T14:44:29.391283Z
7,Southern Peripheral Road,arterial,0,10,2026-08-17,8020,True,895,1060,1060,0,0.1557,bootstrap,2026-08-16T14:44:29.774504Z
7,Southern Peripheral Road,arterial,0,11,2026-08-17,8020,True,895,1083,1083,0,0.1736,bootstrap,2026-08-16T14:44:30.211609Z
7,Southern Peripheral Road,arterial,0,12,2026-08-17,7276,False,942,1100,1100,0,0.1436,bootstrap,2026-08-16T14:44:30.692535Z
7,Southern Peripheral Road,arterial,0,13,2026-08-17,7276,False,942,1072,1072,0,0.1213,bootstrap,2026-08-16T14:44:31.242117Z
7,Southern Peripheral Road,arterial,0,14,2026-08-17,7276,False,942,1042,1042,0,0.096,bootstrap,2026-08-16T14:44:31.575653Z
7,Southern Peripheral Road,arterial,0,15,2026-08-17,7276,False,942,1058,1058,0,0.1096,bootstrap,2026-08-16T14:44:31.958705Z
7,Southern Peripheral Road,arterial,0,16,2026-08-17,7276,False,942,1112,1112,0,0.1529,bootstrap,2026-08-16T14:44:32.346941Z
7,Southern Peripheral Road,arterial,0,17,2026-08-17,7276,False,942,1220,1220,0,0.2279,bootstrap,2026-08-16T14:44:32.733209Z
7,Southern Peripheral Road,arterial,0,18,2026-08-17,7276,False,942,1339,1339,0,0.2965,bootstrap,2026-08-16T14:44:33.283345Z
7,Southern Peripheral Road,arterial,0,19,2026-08-17,7276,False,942,1320,1320,0,0.2864,bootstrap,2026-08-16T14:44:33.701986Z
7,Southern Peripheral Road,arterial,0,20,2026-08-17,7276,False,942,1167,1167,0,0.1928,bootstrap,2026-08-16T14:44:34.176898Z
7,Southern Peripheral Road,arterial,0,21,2026-08-17,8020,True,895,1005,1005,0,0.1095,bootstrap,2026-08-16T14:44:34.523274Z
7,Southern Peripheral Road,arterial,0,22,2026-08-17,8020,True,895,896,896,0,0.0011,bootstrap,2026-08-16T14:44:34.873292Z
7,Southern Peripheral Road,arterial,0,23,2026-08-17,8020,True,895,896,896,0,0.0011,bootstrap,2026-08-16T14:44:35.243280Z
7,Southern Peripheral Road,arterial,1,0,2026-08-18,8020,True,895,896,896,0,0.0011,bootstrap,2026-08-16T14:44:35.758477Z
7,Southern Peripheral Road,arterial,1,1,2026-08-18,8020,True,895,896,896,0,0.0011,bootstrap,2026-08-16T14:44:36.236884Z
7,Southern Peripheral Road,arterial,1,2,2026-08-18,8020,True,895,896,896,0,0.0011,bootstrap,2026-08-16T14:44:36.765317Z
7,Southern Peripheral Road,arterial,1,3,2026-08-18,8020,True,895,896,896,0,0.0011,bootstrap,2026-08-16T14:44:37.241279Z
7,Southern Peripheral Road,arterial,1,4,2026-08-18,8020,True,895,905,905,0,0.011,bootstrap,2026-08-16T14:44:37.780997Z
7,Southern Peripheral Road,arterial,1,5,2026-08-18,8020,True,895,906,906,0,0.0121,bootstrap,2026-08-16T14:44:38.130224Z
7,Southern Peripheral Road,arterial,1,6,2026-08-18,8020,True,895,911,911,0,0.0176,bootstrap,2026-08-16T14:44:38.607318Z
7,Southern Peripheral Road,arterial,1,7,2026-08-18,8020,True,895,952,952,0,0.0599,bootstrap,2026-08-16T14:44:39.016947Z
7,Southern Peripheral Road,arterial,1,8,2026-08-18,8020,True,895,1048,1048,0,0.146,bootstrap,2026-08-16T14:44:39.426815Z
7,Southern Peripheral Road,arterial,1,9,2026-08-18,8020,True,895,1076,1076,0,0.1682,bootstrap,2026-08-16T14:44:39.848194Z
7,Southern Peripheral Road,arterial,1,10,2026-08-18,8020,True,895,1081,1081,0,0.1721,bootstrap,2026-08-16T14:44:40.271956Z
7,Southern Peripheral Road,arterial,1,11,2026-08-18,8020,True,895,1118,1118,0,0.1995,bootstrap,2026-08-16T14:44:40.612521Z
7,Southern Peripheral Road,arterial,1,12,2026-08-18,7276,False,942,1148,1148,0,0.1794,bootstrap,2026-08-16T14:44:41.067337Z
7,Southern Peripheral Road,arterial,1,13,2026-08-18,7276,False,942,1117,1117,0,0.1567,bootstrap,2026-08-16T14:44:41.470143Z
7,Southern Peripheral Road,arterial,1,14,2026-08-18,7276,False,942,1079,1079,0,0.127,bootstrap,2026-08-16T14:44:41.872235Z
7,Southern Peripheral Road,arterial,1,15,2026-08-18,7276,False,942,1098,1098,0,0.1421,bootstrap,2026-08-16T14:44:42.289085Z
7,Southern Peripheral Road,arterial,1,16,2026-08-18,7276,False,942,1173,1173,0,0.1969,bootstrap,2026-08-16T14:44:42.699304Z
7,Southern Peripheral Road,arterial,1,17,2026-08-18,7276,False,942,1300,1300,0,0.2754,bootstrap,2026-08-16T14:44:43.263894Z
7,Southern Peripheral Road,arterial,1,18,2026-08-18,7384,False,1049,1408,1408,0,0.255,bootstrap,2026-08-16T14:44:43.728605Z
7,Southern Peripheral Road,arterial,1,19,2026-08-18,7276,False,942,1394,1394,0,0.3242,bootstrap,2026-08-16T14:44:44.143118Z
7,Southern Peripheral Road,arterial,1,20,2026-08-18,7276,False,942,1206,1206,0,0.2189,bootstrap,2026-08-16T14:44:44.548292Z
7,Southern Peripheral Road,arterial,1,21,2026-08-18,8020,True,895,1015,1015,0,0.1182,bootstrap,2026-08-16T14:44:44.955814Z
7,Southern Peripheral Road,arterial,1,22,2026-08-18,8020,True,895,896,896,0,0.0011,bootstrap,2026-08-16T14:44:45.379551Z
7,Southern Peripheral Road,arterial,1,23,2026-08-18,8020,True,895,896,896,0,0.0011,bootstrap,2026-08-16T14:44:45.795561Z
7,Southern Peripheral Road,arterial,2,0,2026-08-19,8020,True,895,896,896,0,0.0011,bootstrap,2026-08-16T14:44:46.254606Z
7,Southern Peripheral Road,arterial,2,1,2026-08-19,8020,True,895,896,896,0,0.0011,bootstrap,2026-08-16T14:44:46.786270Z
7,Southern Peripheral Road,arterial,2,2,2026-08-19,8020,True,895,896,896,0,0.0011,bootstrap,2026-08-16T14:44:47.208670Z
7,Southern Peripheral Road,arterial,2,3,2026-08-19,8020,True,895,896,896,0,0.0011,bootstrap,2026-08-16T14:44:47.619642Z
7,Southern Peripheral Road,arterial,2,4,2026-08-19,8020,True,895,905,905,0,0.011,bootstrap,2026-08-16T14:44:48.030244Z
7,Southern Peripheral Road,arterial,2,5,2026-08-19,8020,True,895,906,906,0,0.0121,bootstrap,2026-08-16T14:44:48.438953Z
7,Southern Peripheral Road,arterial,2,6,2026-08-19,8020,True,895,912,912,0,0.0186,bootstrap,2026-08-16T14:44:48.852053Z
7,Southern Peripheral Road,arterial,2,7,2026-08-19,8020,True,895,950,950,0,0.0579,bootstrap,2026-08-16T14:44:49.343012Z
7,Southern Peripheral Road,arterial,2,8,2026-08-19,8020,True,895,1043,1043,0,0.1419,bootstrap,2026-08-16T14:44:49.810656Z
7,Southern Peripheral Road,arterial,2,9,2026-08-19,8020,True,895,1084,1084,0,0.1744,bootstrap,2026-08-16T14:44:50.283221Z
7,Southern Peripheral Road,arterial,2,10,2026-08-19,8020,True,895,1088,1088,0,0.1774,bootstrap,2026-08-16T14:44:50.691176Z
7,Southern Peripheral Road,arterial,2,11,2026-08-19,7276,False,942,1144,1144,0,0.1766,bootstrap,2026-08-16T14:44:51.101971Z
7,Southern Peripheral Road,arterial,2,12,2026-08-19,7276,False,942,1151,1151,0,0.1816,bootstrap,2026-08-16T14:44:51.510704Z
7,Southern Peripheral Road,arterial,2,13,2026-08-19,7276,False,942,1125,1125,0,0.1627,bootstrap,2026-08-16T14:44:51.924416Z
7,Southern Peripheral Road,arterial,2,14,2026-08-19,7276,False,942,1086,1086,0,0.1326,bootstrap,2026-08-16T14:44:52.414680Z
7,Southern Peripheral Road,arterial,2,15,2026-08-19,7276,False,942,1091,1091,0,0.1366,bootstrap,2026-08-16T14:44:52.755245Z
7,Southern Peripheral Road,arterial,2,16,2026-08-19,7276,False,942,1148,1148,0,0.1794,bootstrap,2026-08-16T14:44:53.133701Z
7,Southern Peripheral Road,arterial,2,17,2026-08-19,7276,False,942,1268,1268,0,0.2571,bootstrap,2026-08-16T14:44:53.506977Z
7,Southern Peripheral Road,arterial,2,18,2026-08-19,7276,False,942,1392,1392,0,0.3233,bootstrap,2026-08-16T14:44:53.897456Z
7,Southern Peripheral Road,arterial,2,19,2026-08-19,7276,False,942,1382,1382,0,0.3184,bootstrap,2026-08-16T14:44:54.378749Z
7,Southern Peripheral Road,arterial,2,20,2026-08-19,7276,False,942,1216,1216,0,0.2253,bootstrap,2026-08-16T14:44:54.811515Z
7,Southern Peripheral Road,arterial,2,21,2026-08-19,8020,True,895,1022,1022,0,0.1243,bootstrap,2026-08-16T14:44:55.229994Z
7,Southern Peripheral Road,arterial,2,22,2026-08-19,8020,True,895,896,896,0,0.0011,bootstrap,2026-08-16T14:44:55.607775Z
7,Southern Peripheral Road,arterial,2,23,2026-08-19,8020,True,895,896,896,0,0.0011,bootstrap,2026-08-16T14:44:55.966819Z
7,Southern Peripheral Road,arterial,3,0,2026-08-20,8020,True,895,896,896,0,0.0011,bootstrap,2026-08-16T14:44:56.427818Z
7,Southern Peripheral Road,arterial,3,1,2026-08-20,8020,True,895,896,896,0,0.0011,bootstrap,2026-08-16T14:44:56.998045Z
7,Southern Peripheral Road,arterial,3,2,2026-08-20,8020,True,895,896,896,0,0.0011,bootstrap,2026-08-16T14:44:57.398199Z
7,Southern Peripheral Road,arterial,3,3,2026-08-20,8020,True,895,896,896,0,0.0011,bootstrap,2026-08-16T14:44:57.858864Z
7,Southern Peripheral Road,arterial,3,4,2026-08-20,8020,True,895,905,905,0,0.011,bootstrap,2026-08-16T14:44:58.309104Z
7,Southern Peripheral Road,arterial,3,5,2026-08-20,8020,True,895,909,909,0,0.0154,bootstrap,2026-08-16T14:44:59.005758Z
7,Southern Peripheral Road,arterial,3,6,2026-08-20,8020,True,895,941,941,0,0.0489,bootstrap,2026-08-16T14:44:59.357743Z
7,Southern Peripheral Road,arterial,3,7,2026-08-20,8020,True,895,963,963,0,0.0706,bootstrap,2026-08-16T14:44:59.771982Z
7,Southern Peripheral Road,arterial,3,8,2026-08-20,8020,True,895,1029,1029,0,0.1302,bootstrap,2026-08-16T14:45:00.208690Z
7,Southern Peripheral Road,arterial,3,9,2026-08-20,8020,True,895,1053,1053,0,0.15,bootstrap,2026-08-16T14:45:00.604509Z
7,Southern Peripheral Road,arterial,3,10,2026-08-20,8020,True,895,1054,1054,0,0.1509,bootstrap,2026-08-16T14:45:01.028203Z
7,Southern Peripheral Road,arterial,3,11,2026-08-20,7276,False,942,1103,1103,0,0.146,bootstrap,2026-08-16T14:45:01.454392Z
7,Southern Peripheral Road,arterial,3,12,2026-08-20,7276,False,942,1112,1112,0,0.1529,bootstrap,2026-08-16T14:45:01.797763Z
7,Southern Peripheral Road,arterial,3,13,2026-08-20,7276,False,942,1094,1094,0,0.1389,bootstrap,2026-08-16T14:45:02.248159Z
7,Southern Peripheral Road,arterial,3,14,2026-08-20,7276,False,942,1066,1066,0,0.1163,bootstrap,2026-08-16T14:45:02.978752Z
7,Southern Peripheral Road,arterial,3,15,2026-08-20,7276,False,942,1068,1068,0,0.118,bootstrap,2026-08-16T14:45:03.364671Z
7,Southern Peripheral Road,arterial,3,16,2026-08-20,7276,False,942,1113,1113,0,0.1536,bootstrap,2026-08-16T14:45:03.767651Z
7,Southern Peripheral Road,arterial,3,17,2026-08-20,7276,False,942,1219,1219,0,0.2272,bootstrap,2026-08-16T14:45:04.207349Z
7,Southern Peripheral Road,arterial,3,18,2026-08-20,7276,False,942,1332,1332,0,0.2928,bootstrap,2026-08-16T14:45:04.630980Z
7,Southern Peripheral Road,arterial,3,19,2026-08-20,7276,False,942,1322,1322,0,0.2874,bootstrap,2026-08-16T14:45:05.026956Z
7,Southern Peripheral Road,arterial,3,20,2026-08-20,7276,False,942,1185,1185,0,0.2051,bootstrap,2026-08-16T14:45:05.378866Z
7,Southern Peripheral Road,arterial,3,21,2026-08-20,8020,True,895,1016,1016,0,0.1191,bootstrap,2026-08-16T14:45:05.847178Z
7,Southern Peripheral Road,arterial,3,22,2026-08-20,8020,True,895,896,896,0,0.0011,bootstrap,2026-08-16T14:45:06.254927Z
7,Southern Peripheral Road,arterial,3,23,2026-08-20,8020,True,895,896,896,0,0.0011,bootstrap,2026-08-16T14:45:06.651808Z
7,Southern Peripheral Road,arterial,4,0,2026-08-21,8020,True,895,896,896,0,0.0011,bootstrap,2026-08-16T14:45:07.055434Z
7,Southern Peripheral Road,arterial,4,1,2026-08-21,8020,True,895,896,896,0,0.0011,bootstrap,2026-08-16T14:45:07.690581Z
7,Southern Peripheral Road,arterial,4,2,2026-08-21,8020,True,895,896,896,0,0.0011,bootstrap,2026-08-16T14:45:08.043450Z
7,Southern Peripheral Road,arterial,4,3,2026-08-21,8020,True,895,896,896,0,0.0011,bootstrap,2026-08-16T14:45:08.409046Z
7,Southern Peripheral Road,arterial,4,4,2026-08-21,8020,True,895,905,905,0,0.011,bootstrap,2026-08-16T14:45:08.919233Z
7,Southern Peripheral Road,arterial,4,5,2026-08-21,8020,True,895,907,907,0,0.0132,bootstrap,2026-08-16T14:45:09.306337Z
7,Southern Peripheral Road,arterial,4,6,2026-08-21,8020,True,895,912,912,0,0.0186,bootstrap,2026-08-16T14:45:09.737135Z
7,Southern Peripheral Road,arterial,4,7,2026-08-21,8020,True,895,951,951,0,0.0589,bootstrap,2026-08-16T14:45:10.147516Z
7,Southern Peripheral Road,arterial,4,8,2026-08-21,8020,True,895,1026,1026,0,0.1277,bootstrap,2026-08-16T14:45:10.761919Z
7,Southern Peripheral Road,arterial,4,9,2026-08-21,8020,True,895,1046,1046,0,0.1444,bootstrap,2026-08-16T14:45:11.105385Z
7,Southern Peripheral Road,arterial,4,10,2026-08-21,8020,True,895,1044,1044,0,0.1427,bootstrap,2026-08-16T14:45:11.453160Z
7,Southern Peripheral Road,arterial,4,11,2026-08-21,7276,False,942,1090,1090,0,0.1358,bootstrap,2026-08-16T14:45:11.869965Z
7,Southern Peripheral Road,arterial,4,12,2026-08-21,7276,False,942,1099,1099,0,0.1429,bootstrap,2026-08-16T14:45:12.294689Z
7,Southern Peripheral Road,arterial,4,13,2026-08-21,7276,False,942,1085,1085,0,0.1318,bootstrap,2026-08-16T14:45:12.809128Z
7,Southern Peripheral Road,arterial,4,14,2026-08-21,7276,False,942,1067,1067,0,0.1172,bootstrap,2026-08-16T14:45:13.224759Z
7,Southern Peripheral Road,arterial,4,15,2026-08-21,7276,False,942,1070,1070,0,0.1196,bootstrap,2026-08-16T14:45:13.835812Z
7,Southern Peripheral Road,arterial,4,16,2026-08-21,7276,False,942,1114,1114,0,0.1544,bootstrap,2026-08-16T14:45:14.179806Z
7,Southern Peripheral Road,arterial,4,17,2026-08-21,7276,False,942,1223,1223,0,0.2298,bootstrap,2026-08-16T14:45:14.654330Z
7,Southern Peripheral Road,arterial,4,18,2026-08-21,7276,False,942,1348,1348,0,0.3012,bootstrap,2026-08-16T14:45:15.080408Z
7,Southern Peripheral Road,arterial,4,19,2026-08-21,7276,False,942,1339,1339,0,0.2965,bootstrap,2026-08-16T14:45:15.560398Z
7,Southern Peripheral Road,arterial,4,20,2026-08-21,7276,False,942,1183,1183,0,0.2037,bootstrap,2026-08-16T14:45:15.983898Z
7,Southern Peripheral Road,arterial,4,21,2026-08-21,8020,True,895,1013,1013,0,0.1165,bootstrap,2026-08-16T14:45:16.399490Z
7,Southern Peripheral Road,arterial,4,22,2026-08-21,8020,True,895,896,896,0,0.0011,bootstrap,2026-08-16T14:45:16.886200Z
7,Southern Peripheral Road,arterial,4,23,2026-08-21,8020,True,895,896,896,0,0.0011,bootstrap,2026-08-16T14:45:17.227161Z
7,Southern Peripheral Road,arterial,5,0,2026-08-22,8020,True,893,893,893,0,0.0,bootstrap,2026-08-16T14:45:17.725266Z
7,Southern Peripheral Road,arterial,5,1,2026-08-22,8020,True,893,893,893,0,0.0,bootstrap,2026-08-16T14:45:18.133507Z
7,Southern Peripheral Road,arterial,5,2,2026-08-22,8020,True,893,893,893,0,0.0,bootstrap,2026-08-16T14:45:18.543325Z
7,Southern Peripheral Road,arterial,5,3,2026-08-22,8020,True,893,893,893,0,0.0,bootstrap,2026-08-16T14:45:18.953655Z
7,Southern Peripheral Road,arterial,5,4,2026-08-22,8020,True,893,902,902,0,0.01,bootstrap,2026-08-16T14:45:19.373078Z
7,Southern Peripheral Road,arterial,5,5,2026-08-22,8020,True,893,903,903,0,0.0111,bootstrap,2026-08-16T14:45:19.794511Z
7,Southern Peripheral Road,arterial,5,6,2026-08-22,8020,True,893,907,907,0,0.0154,bootstrap,2026-08-16T14:45:20.137177Z
7,Southern Peripheral Road,arterial,5,7,2026-08-22,8020,True,893,936,936,0,0.0459,bootstrap,2026-08-16T14:45:20.540826Z
7,Southern Peripheral Road,arterial,5,8,2026-08-22,8020,True,893,985,985,0,0.0934,bootstrap,2026-08-16T14:45:20.914510Z
7,Southern Peripheral Road,arterial,5,9,2026-08-22,8020,True,893,1000,1000,0,0.107,bootstrap,2026-08-16T14:45:21.311525Z
7,Southern Peripheral Road,arterial,5,10,2026-08-22,8020,True,893,1020,1020,0,0.1245,bootstrap,2026-08-16T14:45:21.701417Z
7,Southern Peripheral Road,arterial,5,11,2026-08-22,7276,False,939,1079,1079,0,0.1297,bootstrap,2026-08-16T14:45:22.231774Z
7,Southern Peripheral Road,arterial,5,12,2026-08-22,7276,False,939,1098,1098,0,0.1448,bootstrap,2026-08-16T14:45:22.846198Z
7,Southern Peripheral Road,arterial,5,13,2026-08-22,7276,False,939,1098,1098,0,0.1448,bootstrap,2026-08-16T14:45:23.190733Z
7,Southern Peripheral Road,arterial,5,14,2026-08-22,7276,False,939,1102,1102,0,0.1479,bootstrap,2026-08-16T14:45:23.543725Z
7,Southern Peripheral Road,arterial,5,15,2026-08-22,7276,False,939,1124,1124,0,0.1646,bootstrap,2026-08-16T14:45:23.978672Z
7,Southern Peripheral Road,arterial,5,16,2026-08-22,7276,False,939,1157,1157,0,0.1884,bootstrap,2026-08-16T14:45:24.362641Z
7,Southern Peripheral Road,arterial,5,17,2026-08-22,8020,True,893,1185,1185,0,0.2464,bootstrap,2026-08-16T14:45:24.894270Z
7,Southern Peripheral Road,arterial,5,18,2026-08-22,8020,True,893,1195,1195,0,0.2527,bootstrap,2026-08-16T14:45:25.427023Z
7,Southern Peripheral Road,arterial,5,19,2026-08-22,8020,True,893,1160,1160,0,0.2302,bootstrap,2026-08-16T14:45:25.850974Z
7,Southern Peripheral Road,arterial,5,20,2026-08-22,8020,True,893,1084,1084,0,0.1762,bootstrap,2026-08-16T14:45:26.326900Z
7,Southern Peripheral Road,arterial,5,21,2026-08-22,8020,True,893,987,987,0,0.0952,bootstrap,2026-08-16T14:45:26.737187Z
7,Southern Peripheral Road,arterial,5,22,2026-08-22,8020,True,893,893,893,0,0.0,bootstrap,2026-08-16T14:45:27.112390Z
7,Southern Peripheral Road,arterial,5,23,2026-08-22,8020,True,893,893,893,0,0.0,bootstrap,2026-08-16T14:45:27.762475Z
7,Southern Peripheral Road,arterial,6,0,2026-08-23,8020,True,893,893,893,0,0.0,bootstrap,2026-08-16T14:45:28.376738Z
7,Southern Peripheral Road,arterial,6,1,2026-08-23,8020,True,893,893,893,0,0.0,bootstrap,2026-08-16T14:45:28.806464Z
7,Southern Peripheral Road,arterial,6,2,2026-08-23,8020,True,893,893,893,0,0.0,bootstrap,2026-08-16T14:45:29.232336Z
7,Southern Peripheral Road,arterial,6,3,2026-08-23,8020,True,893,893,893,0,0.0,bootstrap,2026-08-16T14:45:29.607388Z
7,Southern Peripheral Road,arterial,6,4,2026-08-23,8020,True,893,901,901,0,0.0089,bootstrap,2026-08-16T14:45:30.014342Z
7,Southern Peripheral Road,arterial,6,5,2026-08-23,8020,True,893,902,902,0,0.01,bootstrap,2026-08-16T14:45:30.385757Z
7,Southern Peripheral Road,arterial,6,6,2026-08-23,8020,True,893,904,904,0,0.0122,bootstrap,2026-08-16T14:45:30.840885Z
7,Southern Peripheral Road,arterial,6,7,2026-08-23,8020,True,893,919,919,0,0.0283,bootstrap,2026-08-16T14:45:31.241764Z
7,Southern Peripheral Road,arterial,6,8,2026-08-23,8020,True,893,939,939,0,0.049,bootstrap,2026-08-16T14:45:31.845423Z
7,Southern Peripheral Road,arterial,6,9,2026-08-23,8020,True,893,942,942,0,0.052,bootstrap,2026-08-16T14:45:32.269874Z
7,Southern Peripheral Road,arterial,6,10,2026-08-23,8020,True,893,954,954,0,0.0639,bootstrap,2026-08-16T14:45:32.675894Z
7,Southern Peripheral Road,arterial,6,11,2026-08-23,8020,True,893,974,974,0,0.0832,bootstrap,2026-08-16T14:45:33.166054Z
7,Southern Peripheral Road,arterial,6,12,2026-08-23,8020,True,893,992,992,0,0.0998,bootstrap,2026-08-16T14:45:33.783174Z
7,Southern Peripheral Road,arterial,6,13,2026-08-23,8020,True,893,998,998,0,0.1052,bootstrap,2026-08-16T14:45:34.315664Z
7,Southern Peripheral Road,arterial,6,14,2026-08-23,8020,True,893,999,999,0,0.1061,bootstrap,2026-08-16T14:45:34.710105Z
7,Southern Peripheral Road,arterial,6,15,2026-08-23,8020,True,893,1001,1001,0,0.1079,bootstrap,2026-08-16T14:45:35.121371Z
7,Southern Peripheral Road,arterial,6,16,2026-08-23,8020,True,893,1008,1008,0,0.1141,bootstrap,2026-08-16T14:45:35.750036Z
7,Southern Peripheral Road,arterial,6,17,2026-08-23,8020,True,893,1028,1028,0,0.1313,bootstrap,2026-08-16T14:45:36.105820Z
7,Southern Peripheral Road,arterial,6,18,2026-08-23,8020,True,893,1044,1044,0,0.1446,bootstrap,2026-08-16T14:45:36.472115Z
7,Southern Peripheral Road,arterial,6,19,2026-08-23,8020,True,893,1032,1032,0,0.1347,bootstrap,2026-08-16T14:45:36.853090Z
7,Southern Peripheral Road,arterial,6,20,2026-08-23,8020,True,893,1007,1007,0,0.1132,bootstrap,2026-08-16T14:45:40.544221Z
7,Southern Peripheral Road,arterial,6,21,2026-08-23,8020,True,893,956,956,0,0.0659,bootstrap,2026-08-16T14:45:42.237198Z
7,Southern Peripheral Road,arterial,6,22,2026-08-23,8020,True,893,893,893,0,0.0,bootstrap,2026-08-16T14:45:42.642604Z
7,Southern Peripheral Road,arterial,6,23,2026-08-23,8020,True,893,893,893,0,0.0,bootstrap,2026-08-16T14:45:43.080084Z
8,KMP Expressway (Western Peripheral Expressway),expressway,0,0,2026-08-17,13590,True,1331,1334,1308,0,0.0022,bootstrap,2026-08-17T07:39:20.998675Z
8,KMP Expressway (Western Peripheral Expressway),expressway,0,1,2026-08-17,13590,True,1331,1334,1308,0,0.0022,bootstrap,2026-08-17T07:39:21.501596Z
8,KMP Expressway (Western Peripheral Expressway),expressway,0,2,2026-08-17,13590,True,1331,1334,1308,0,0.0022,bootstrap,2026-08-17T07:39:21.906443Z
8,KMP Expressway (Western Peripheral Expressway),expressway,0,3,2026-08-17,13590,True,1331,1334,1308,0,0.0022,bootstrap,2026-08-17T07:39:22.322716Z
8,KMP Expressway (Western Peripheral Expressway),expressway,0,4,2026-08-17,13590,True,1331,1349,1323,0,0.0133,bootstrap,2026-08-17T07:39:22.739552Z
8,KMP Expressway (Western Peripheral Expressway),expressway,0,5,2026-08-17,13590,True,1331,1358,1332,0,0.0199,bootstrap,2026-08-17T07:39:23.169682Z
8,KMP Expressway (Western Peripheral Expressway),expressway,0,6,2026-08-17,13590,True,1331,1406,1372,0,0.0533,bootstrap,2026-08-17T07:39:23.807206Z
8,KMP Expressway (Western Peripheral Expressway),expressway,0,7,2026-08-17,13590,True,1331,1617,1538,0,0.1769,bootstrap,2026-08-17T07:39:24.162286Z
8,KMP Expressway (Western Peripheral Expressway),expressway,0,8,2026-08-17,13590,True,1331,1992,1809,0,0.3318,bootstrap,2026-08-17T07:39:25.194265Z
8,KMP Expressway (Western Peripheral Expressway),expressway,0,9,2026-08-17,13590,True,1331,1847,1728,0,0.2794,bootstrap,2026-08-17T07:39:25.708372Z
8,KMP Expressway (Western Peripheral Expressway),expressway,0,10,2026-08-17,13590,True,1331,1706,1631,0,0.2198,bootstrap,2026-08-17T07:39:26.107665Z
8,KMP Expressway (Western Peripheral Expressway),expressway,0,11,2026-08-17,13590,True,1331,1696,1621,0,0.2152,bootstrap,2026-08-17T07:39:26.516077Z
8,KMP Expressway (Western Peripheral Expressway),expressway,0,12,2026-08-17,13590,True,1331,1688,1614,0,0.2115,bootstrap,2026-08-17T07:39:26.929405Z
8,KMP Expressway (Western Peripheral Expressway),expressway,0,13,2026-08-17,13590,True,1331,1662,1591,0,0.1992,bootstrap,2026-08-17T07:39:27.357471Z
8,KMP Expressway (Western Peripheral Expressway),expressway,0,14,2026-08-17,13590,True,1331,1642,1570,0,0.1894,bootstrap,2026-08-17T07:39:27.884690Z
8,KMP Expressway (Western Peripheral Expressway),expressway,0,15,2026-08-17,13590,True,1331,1656,1572,0,0.1963,bootstrap,2026-08-17T07:39:28.260446Z
8,KMP Expressway (Western Peripheral Expressway),expressway,0,16,2026-08-17,13590,True,1331,1699,1609,0,0.2166,bootstrap,2026-08-17T07:39:28.669312Z
8,KMP Expressway (Western Peripheral Expressway),expressway,0,17,2026-08-17,13590,True,1331,1774,1667,0,0.2497,bootstrap,2026-08-17T07:39:29.198032Z
8,KMP Expressway (Western Peripheral Expressway),expressway,0,18,2026-08-17,13590,True,1331,1807,1690,0,0.2634,bootstrap,2026-08-17T07:39:29.826792Z
8,KMP Expressway (Western Peripheral Expressway),expressway,0,19,2026-08-17,13590,True,1331,1750,1656,0,0.2394,bootstrap,2026-08-17T07:39:30.301745Z
8,KMP Expressway (Western Peripheral Expressway),expressway,0,20,2026-08-17,13590,True,1331,1632,1572,0,0.1844,bootstrap,2026-08-17T07:39:30.834825Z
8,KMP Expressway (Western Peripheral Expressway),expressway,0,21,2026-08-17,13590,True,1331,1471,1440,0,0.0952,bootstrap,2026-08-17T07:39:31.337832Z
8,KMP Expressway (Western Peripheral Expressway),expressway,0,22,2026-08-17,13590,True,1331,1334,1308,0,0.0022,bootstrap,2026-08-17T07:39:31.738892Z
8,KMP Expressway (Western Peripheral Expressway),expressway,0,23,2026-08-17,13590,True,1331,1334,1308,0,0.0022,bootstrap,2026-08-17T07:39:32.270965Z
8,KMP Expressway (Western Peripheral Expressway),expressway,1,0,2026-08-18,13590,True,1331,1331,1306,0,0.0,bootstrap,2026-08-17T07:39:32.765336Z
8,KMP Expressway (Western Peripheral Expressway),expressway,1,1,2026-08-18,13590,True,1331,1331,1306,0,0.0,bootstrap,2026-08-17T07:39:33.278608Z
8,KMP Expressway (Western Peripheral Expressway),expressway,1,2,2026-08-18,13590,True,1331,1331,1306,0,0.0,bootstrap,2026-08-17T07:39:33.690975Z
8,KMP Expressway (Western Peripheral Expressway),expressway,1,3,2026-08-18,13590,True,1331,1331,1306,0,0.0,bootstrap,2026-08-17T07:39:34.119837Z
8,KMP Expressway (Western Peripheral Expressway),expressway,1,4,2026-08-18,13590,True,1331,1345,1345,0,0.0104,bootstrap,2026-08-17T07:39:34.503478Z
8,KMP Expressway (Western Peripheral Expressway),expressway,1,5,2026-08-18,13590,True,1331,1349,1349,0,0.0133,bootstrap,2026-08-17T07:39:35.041714Z
8,KMP Expressway (Western Peripheral Expressway),expressway,1,6,2026-08-18,13590,True,1331,1382,1382,0,0.0369,bootstrap,2026-08-17T07:39:35.429055Z
8,KMP Expressway (Western Peripheral Expressway),expressway,1,7,2026-08-18,13590,True,1331,1539,1539,0,0.1352,bootstrap,2026-08-17T07:39:35.841904Z
8,KMP Expressway (Western Peripheral Expressway),expressway,1,8,2026-08-18,13590,True,1331,1725,1725,0,0.2284,bootstrap,2026-08-17T07:39:36.265632Z
8,KMP Expressway (Western Peripheral Expressway),expressway,1,9,2026-08-18,13590,True,1331,1704,1704,0,0.2189,bootstrap,2026-08-17T07:39:36.804787Z
8,KMP Expressway (Western Peripheral Expressway),expressway,1,10,2026-08-18,13590,True,1331,1670,1670,0,0.203,bootstrap,2026-08-17T07:39:37.421928Z
8,KMP Expressway (Western Peripheral Expressway),expressway,1,11,2026-08-18,13590,True,1331,1687,1687,0,0.211,bootstrap,2026-08-17T07:39:37.826208Z
8,KMP Expressway (Western Peripheral Expressway),expressway,1,12,2026-08-18,13590,True,1331,1695,1695,0,0.2147,bootstrap,2026-08-17T07:39:38.331579Z
8,KMP Expressway (Western Peripheral Expressway),expressway,1,13,2026-08-18,13590,True,1331,1676,1676,0,0.2058,bootstrap,2026-08-17T07:39:38.746911Z
8,KMP Expressway (Western Peripheral Expressway),expressway,1,14,2026-08-18,13592,True,1254,1576,1576,0,0.2043,bootstrap,2026-08-17T07:39:41.588626Z
8,KMP Expressway (Western Peripheral Expressway),expressway,1,15,2026-08-18,13592,True,1254,1591,1591,0,0.2118,bootstrap,2026-08-17T07:39:44.154842Z
8,KMP Expressway (Western Peripheral Expressway),expressway,1,16,2026-08-18,13592,True,1254,1651,1651,0,0.2405,bootstrap,2026-08-17T07:39:45.063982Z
8,KMP Expressway (Western Peripheral Expressway),expressway,1,17,2026-08-18,13592,True,1254,1769,1769,0,0.2911,bootstrap,2026-08-17T07:39:45.572065Z
8,KMP Expressway (Western Peripheral Expressway),expressway,1,18,2026-08-18,13592,True,1254,1887,1887,0,0.3355,bootstrap,2026-08-17T07:39:45.919828Z
8,KMP Expressway (Western Peripheral Expressway),expressway,1,19,2026-08-18,13592,True,1254,1846,1846,0,0.3207,bootstrap,2026-08-17T07:39:46.381698Z
8,KMP Expressway (Western Peripheral Expressway),expressway,1,20,2026-08-18,13592,True,1254,1645,1645,0,0.2377,bootstrap,2026-08-17T07:39:46.828357Z
8,KMP Expressway (Western Peripheral Expressway),expressway,1,21,2026-08-18,13592,True,1254,1418,1418,0,0.1157,bootstrap,2026-08-17T07:39:47.311883Z
8,KMP Expressway (Western Peripheral Expressway),expressway,1,22,2026-08-18,13592,True,1254,1254,1254,0,0.0,bootstrap,2026-08-17T07:39:47.841762Z
8,KMP Expressway (Western Peripheral Expressway),expressway,1,23,2026-08-18,13592,True,1254,1254,1254,0,0.0,bootstrap,2026-08-17T07:39:48.406817Z
8,KMP Expressway (Western Peripheral Expressway),expressway,2,0,2026-08-19,13592,True,1254,1254,1254,0,0.0,bootstrap,2026-08-17T07:39:48.887177Z
8,KMP Expressway (Western Peripheral Expressway),expressway,2,1,2026-08-19,13592,True,1254,1254,1254,0,0.0,bootstrap,2026-08-17T07:39:49.248446Z
8,KMP Expressway (Western Peripheral Expressway),expressway,2,2,2026-08-19,13592,True,1254,1254,1254,0,0.0,bootstrap,2026-08-17T07:39:49.654108Z
8,KMP Expressway (Western Peripheral Expressway),expressway,2,3,2026-08-19,13592,True,1254,1254,1254,0,0.0,bootstrap,2026-08-17T07:39:50.083669Z
8,KMP Expressway (Western Peripheral Expressway),expressway,2,4,2026-08-19,13592,True,1254,1267,1267,0,0.0103,bootstrap,2026-08-17T07:39:50.491168Z
8,KMP Expressway (Western Peripheral Expressway),expressway,2,5,2026-08-19,13592,True,1254,1272,1272,0,0.0142,bootstrap,2026-08-17T07:39:50.911151Z
8,KMP Expressway (Western Peripheral Expressway),expressway,2,6,2026-08-19,13592,True,1254,1305,1305,0,0.0391,bootstrap,2026-08-17T07:39:51.395613Z
8,KMP Expressway (Western Peripheral Expressway),expressway,2,7,2026-08-19,13592,True,1254,1456,1456,0,0.1387,bootstrap,2026-08-17T07:39:51.860617Z
8,KMP Expressway (Western Peripheral Expressway),expressway,2,8,2026-08-19,13592,True,1254,1646,1646,0,0.2382,bootstrap,2026-08-17T07:39:52.338053Z
8,KMP Expressway (Western Peripheral Expressway),expressway,2,9,2026-08-19,13592,True,1254,1626,1626,0,0.2288,bootstrap,2026-08-17T07:39:52.727190Z
8,KMP Expressway (Western Peripheral Expressway),expressway,2,10,2026-08-19,13592,True,1254,1587,1587,0,0.2098,bootstrap,2026-08-17T07:39:53.162346Z
8,KMP Expressway (Western Peripheral Expressway),expressway,2,11,2026-08-19,13592,True,1254,1602,1602,0,0.2172,bootstrap,2026-08-17T07:39:53.549739Z
8,KMP Expressway (Western Peripheral Expressway),expressway,2,12,2026-08-19,13592,True,1254,1611,1611,0,0.2216,bootstrap,2026-08-17T07:39:53.972223Z
8,KMP Expressway (Western Peripheral Expressway),expressway,2,13,2026-08-19,13592,True,1254,1592,1592,0,0.2123,bootstrap,2026-08-17T07:39:54.392424Z
8,KMP Expressway (Western Peripheral Expressway),expressway,2,14,2026-08-19,13592,True,1254,1583,1583,0,0.2078,bootstrap,2026-08-17T07:39:54.817997Z
8,KMP Expressway (Western Peripheral Expressway),expressway,2,15,2026-08-19,13592,True,1254,1612,1612,0,0.2221,bootstrap,2026-08-17T07:39:55.213349Z
8,KMP Expressway (Western Peripheral Expressway),expressway,2,16,2026-08-19,13592,True,1254,1695,1695,0,0.2602,bootstrap,2026-08-17T07:39:55.709209Z
8,KMP Expressway (Western Peripheral Expressway),expressway,2,17,2026-08-19,13592,True,1254,1866,1866,0,0.328,bootstrap,2026-08-17T07:39:56.330099Z
8,KMP Expressway (Western Peripheral Expressway),expressway,2,18,2026-08-19,15092,False,1493,1840,1840,0,0.1886,bootstrap,2026-08-17T07:39:56.791527Z
8,KMP Expressway (Western Peripheral Expressway),expressway,2,19,2026-08-19,15092,False,1493,1797,1797,0,0.1692,bootstrap,2026-08-17T07:39:57.500538Z
8,KMP Expressway (Western Peripheral Expressway),expressway,2,20,2026-08-19,13592,True,1254,1725,1725,0,0.273,bootstrap,2026-08-17T07:39:57.998984Z
8,KMP Expressway (Western Peripheral Expressway),expressway,2,21,2026-08-19,13592,True,1254,1438,1438,0,0.128,bootstrap,2026-08-17T07:39:58.790655Z
8,KMP Expressway (Western Peripheral Expressway),expressway,2,22,2026-08-19,13592,True,1254,1254,1254,0,0.0,bootstrap,2026-08-17T07:39:59.327106Z
8,KMP Expressway (Western Peripheral Expressway),expressway,2,23,2026-08-19,13592,True,1254,1254,1254,0,0.0,bootstrap,2026-08-17T07:39:59.709172Z
8,KMP Expressway (Western Peripheral Expressway),expressway,3,0,2026-08-20,13592,True,1254,1254,1254,0,0.0,bootstrap,2026-08-17T07:40:00.212855Z
8,KMP Expressway (Western Peripheral Expressway),expressway,3,1,2026-08-20,13592,True,1254,1254,1254,0,0.0,bootstrap,2026-08-17T07:40:00.630194Z
8,KMP Expressway (Western Peripheral Expressway),expressway,3,2,2026-08-20,13592,True,1254,1254,1254,0,0.0,bootstrap,2026-08-17T07:40:01.081500Z
8,KMP Expressway (Western Peripheral Expressway),expressway,3,3,2026-08-20,13592,True,1254,1254,1254,0,0.0,bootstrap,2026-08-17T07:40:01.647585Z
8,KMP Expressway (Western Peripheral Expressway),expressway,3,4,2026-08-20,13592,True,1254,1267,1267,0,0.0103,bootstrap,2026-08-17T07:40:02.082721Z
8,KMP Expressway (Western Peripheral Expressway),expressway,3,5,2026-08-20,13592,True,1254,1272,1272,0,0.0142,bootstrap,2026-08-17T07:40:02.477010Z
8,KMP Expressway (Western Peripheral Expressway),expressway,3,6,2026-08-20,13592,True,1254,1302,1302,0,0.0369,bootstrap,2026-08-17T07:40:02.875195Z
8,KMP Expressway (Western Peripheral Expressway),expressway,3,7,2026-08-20,13592,True,1254,1433,1433,0,0.1249,bootstrap,2026-08-17T07:40:03.277114Z
8,KMP Expressway (Western Peripheral Expressway),expressway,3,8,2026-08-20,13592,True,1254,1597,1597,0,0.2148,bootstrap,2026-08-17T07:40:03.684259Z
8,KMP Expressway (Western Peripheral Expressway),expressway,3,9,2026-08-20,13592,True,1254,1602,1602,0,0.2172,bootstrap,2026-08-17T07:40:04.103644Z
8,KMP Expressway (Western Peripheral Expressway),expressway,3,10,2026-08-20,13592,True,1254,1581,1581,0,0.2068,bootstrap,2026-08-17T07:40:04.520773Z
8,KMP Expressway (Western Peripheral Expressway),expressway,3,11,2026-08-20,13592,True,1254,1605,1605,0,0.2187,bootstrap,2026-08-17T07:40:05.075549Z
8,KMP Expressway (Western Peripheral Expressway),expressway,3,12,2026-08-20,13592,True,1254,1613,1613,0,0.2226,bootstrap,2026-08-17T07:40:05.429299Z
8,KMP Expressway (Western Peripheral Expressway),expressway,3,13,2026-08-20,13592,True,1254,1589,1589,0,0.2108,bootstrap,2026-08-17T07:40:05.851394Z
8,KMP Expressway (Western Peripheral Expressway),expressway,3,14,2026-08-20,13592,True,1254,1565,1565,0,0.1987,bootstrap,2026-08-17T07:40:06.660563Z
8,KMP Expressway (Western Peripheral Expressway),expressway,3,15,2026-08-20,13592,True,1254,1581,1581,0,0.2068,bootstrap,2026-08-17T07:40:07.143352Z
8,KMP Expressway (Western Peripheral Expressway),expressway,3,16,2026-08-20,13592,True,1254,1644,1644,0,0.2372,bootstrap,2026-08-17T07:40:07.827685Z
8,KMP Expressway (Western Peripheral Expressway),expressway,3,17,2026-08-20,13592,True,1254,1777,1777,0,0.2943,bootstrap,2026-08-17T07:40:08.417174Z
8,KMP Expressway (Western Peripheral Expressway),expressway,3,18,2026-08-20,13592,True,1254,1914,1914,0,0.3448,bootstrap,2026-08-17T07:40:08.909396Z
8,KMP Expressway (Western Peripheral Expressway),expressway,3,19,2026-08-20,13592,True,1254,1886,1886,0,0.3351,bootstrap,2026-08-17T07:40:09.297695Z
8,KMP Expressway (Western Peripheral Expressway),expressway,3,20,2026-08-20,13592,True,1254,1665,1665,0,0.2468,bootstrap,2026-08-17T07:40:09.666491Z
8,KMP Expressway (Western Peripheral Expressway),expressway,3,21,2026-08-20,13592,True,1254,1425,1425,0,0.12,bootstrap,2026-08-17T07:40:10.086045Z
8,KMP Expressway (Western Peripheral Expressway),expressway,3,22,2026-08-20,13592,True,1254,1254,1254,0,0.0,bootstrap,2026-08-17T07:40:10.474053Z
8,KMP Expressway (Western Peripheral Expressway),expressway,3,23,2026-08-20,13592,True,1254,1254,1254,0,0.0,bootstrap,2026-08-17T07:40:10.867360Z
8,KMP Expressway (Western Peripheral Expressway),expressway,4,0,2026-08-21,13592,True,1254,1254,1254,0,0.0,bootstrap,2026-08-17T07:40:11.306851Z
8,KMP Expressway (Western Peripheral Expressway),expressway,4,1,2026-08-21,13592,True,1254,1254,1254,0,0.0,bootstrap,2026-08-17T07:40:11.791081Z
8,KMP Expressway (Western Peripheral Expressway),expressway,4,2,2026-08-21,13592,True,1254,1254,1254,0,0.0,bootstrap,2026-08-17T07:40:12.188027Z
8,KMP Expressway (Western Peripheral Expressway),expressway,4,3,2026-08-21,13592,True,1254,1254,1254,0,0.0,bootstrap,2026-08-17T07:40:12.593193Z
8,KMP Expressway (Western Peripheral Expressway),expressway,4,4,2026-08-21,13592,True,1254,1266,1266,0,0.0095,bootstrap,2026-08-17T07:40:13.003686Z
8,KMP Expressway (Western Peripheral Expressway),expressway,4,5,2026-08-21,13592,True,1254,1272,1272,0,0.0142,bootstrap,2026-08-17T07:40:13.531449Z
8,KMP Expressway (Western Peripheral Expressway),expressway,4,6,2026-08-21,13592,True,1254,1307,1307,0,0.0406,bootstrap,2026-08-17T07:40:13.957132Z
8,KMP Expressway (Western Peripheral Expressway),expressway,4,7,2026-08-21,13592,True,1254,1455,1455,0,0.1381,bootstrap,2026-08-17T07:40:14.496750Z
8,KMP Expressway (Western Peripheral Expressway),expressway,4,8,2026-08-21,13592,True,1254,1653,1653,0,0.2414,bootstrap,2026-08-17T07:40:14.975838Z
8,KMP Expressway (Western Peripheral Expressway),expressway,4,9,2026-08-21,13592,True,1254,1647,1647,0,0.2386,bootstrap,2026-08-17T07:40:15.359066Z
8,KMP Expressway (Western Peripheral Expressway),expressway,4,10,2026-08-21,13592,True,1254,1616,1616,0,0.224,bootstrap,2026-08-17T07:40:15.802417Z
8,KMP Expressway (Western Peripheral Expressway),expressway,4,11,2026-08-21,13592,True,1254,1641,1641,0,0.2358,bootstrap,2026-08-17T07:40:16.256718Z
8,KMP Expressway (Western Peripheral Expressway),expressway,4,12,2026-08-21,13592,True,1254,1652,1652,0,0.2409,bootstrap,2026-08-17T07:40:16.697105Z
8,KMP Expressway (Western Peripheral Expressway),expressway,4,13,2026-08-21,13592,True,1254,1628,1628,0,0.2297,bootstrap,2026-08-17T07:40:17.112941Z
8,KMP Expressway (Western Peripheral Expressway),expressway,4,14,2026-08-21,13592,True,1254,1601,1601,0,0.2167,bootstrap,2026-08-17T07:40:17.535758Z
8,KMP Expressway (Western Peripheral Expressway),expressway,4,15,2026-08-21,13592,True,1254,1626,1626,0,0.2288,bootstrap,2026-08-17T07:40:18.154002Z
8,KMP Expressway (Western Peripheral Expressway),expressway,4,16,2026-08-21,13592,True,1254,1719,1719,0,0.2705,bootstrap,2026-08-17T07:40:18.536042Z
8,KMP Expressway (Western Peripheral Expressway),expressway,4,17,2026-08-21,13592,True,1254,1908,1908,0,0.3428,bootstrap,2026-08-17T07:40:18.941550Z
8,KMP Expressway (Western Peripheral Expressway),expressway,4,18,2026-08-21,15092,False,1493,1853,1853,0,0.1943,bootstrap,2026-08-17T07:40:19.368336Z
8,KMP Expressway (Western Peripheral Expressway),expressway,4,19,2026-08-21,15092,False,1493,1827,1827,0,0.1828,bootstrap,2026-08-17T07:40:19.773449Z
8,KMP Expressway (Western Peripheral Expressway),expressway,4,20,2026-08-21,13592,True,1254,1754,1754,0,0.2851,bootstrap,2026-08-17T07:40:20.202938Z
8,KMP Expressway (Western Peripheral Expressway),expressway,4,21,2026-08-21,13592,True,1254,1446,1446,0,0.1328,bootstrap,2026-08-17T07:40:20.612358Z
8,KMP Expressway (Western Peripheral Expressway),expressway,4,22,2026-08-21,13592,True,1254,1254,1254,0,0.0,bootstrap,2026-08-17T07:40:21.134525Z
8,KMP Expressway (Western Peripheral Expressway),expressway,4,23,2026-08-21,13592,True,1254,1254,1254,0,0.0,bootstrap,2026-08-17T07:40:21.521844Z
8,KMP Expressway (Western Peripheral Expressway),expressway,5,0,2026-08-22,13592,True,1254,1254,1254,0,0.0,bootstrap,2026-08-17T07:40:21.964446Z
8,KMP Expressway (Western Peripheral Expressway),expressway,5,1,2026-08-22,13592,True,1254,1254,1254,0,0.0,bootstrap,2026-08-17T07:40:22.349051Z
8,KMP Expressway (Western Peripheral Expressway),expressway,5,2,2026-08-22,13592,True,1254,1254,1254,0,0.0,bootstrap,2026-08-17T07:40:22.795062Z
8,KMP Expressway (Western Peripheral Expressway),expressway,5,3,2026-08-22,13592,True,1254,1254,1254,0,0.0,bootstrap,2026-08-17T07:40:23.553576Z
8,KMP Expressway (Western Peripheral Expressway),expressway,5,4,2026-08-22,13592,True,1254,1267,1267,0,0.0103,bootstrap,2026-08-17T07:40:24.375560Z
8,KMP Expressway (Western Peripheral Expressway),expressway,5,5,2026-08-22,13592,True,1254,1274,1274,0,0.0157,bootstrap,2026-08-17T07:40:25.019329Z
8,KMP Expressway (Western Peripheral Expressway),expressway,5,6,2026-08-22,13592,True,1254,1306,1306,0,0.0398,bootstrap,2026-08-17T07:40:25.410639Z
8,KMP Expressway (Western Peripheral Expressway),expressway,5,7,2026-08-22,13592,True,1254,1434,1434,0,0.1255,bootstrap,2026-08-17T07:40:25.838433Z
8,KMP Expressway (Western Peripheral Expressway),expressway,5,8,2026-08-22,13592,True,1254,1615,1615,0,0.2235,bootstrap,2026-08-17T07:40:26.463583Z
8,KMP Expressway (Western Peripheral Expressway),expressway,5,9,2026-08-22,13592,True,1254,1615,1615,0,0.2235,bootstrap,2026-08-17T07:40:27.168965Z
8,KMP Expressway (Western Peripheral Expressway),expressway,5,10,2026-08-22,13592,True,1254,1587,1587,0,0.2098,bootstrap,2026-08-17T07:40:28.212390Z
8,KMP Expressway (Western Peripheral Expressway),expressway,5,11,2026-08-22,13592,True,1254,1617,1617,0,0.2245,bootstrap,2026-08-17T07:40:28.908366Z
8,KMP Expressway (Western Peripheral Expressway),expressway,5,12,2026-08-22,13592,True,1254,1633,1633,0,0.2321,bootstrap,2026-08-17T07:40:29.612763Z
8,KMP Expressway (Western Peripheral Expressway),expressway,5,13,2026-08-22,13592,True,1254,1611,1611,0,0.2216,bootstrap,2026-08-17T07:40:30.005224Z
8,KMP Expressway (Western Peripheral Expressway),expressway,5,14,2026-08-22,13592,True,1254,1588,1588,0,0.2103,bootstrap,2026-08-17T07:40:30.531607Z
8,KMP Expressway (Western Peripheral Expressway),expressway,5,15,2026-08-22,13592,True,1254,1611,1611,0,0.2216,bootstrap,2026-08-17T07:40:31.075995Z
8,KMP Expressway (Western Peripheral Expressway),expressway,5,16,2026-08-22,13592,True,1254,1705,1705,0,0.2645,bootstrap,2026-08-17T07:40:31.491593Z
8,KMP Expressway (Western Peripheral Expressway),expressway,5,17,2026-08-22,13592,True,1254,1906,1906,0,0.3421,bootstrap,2026-08-17T07:40:32.121398Z
8,KMP Expressway (Western Peripheral Expressway),expressway,5,18,2026-08-22,14630,False,1495,1795,1795,0,0.1671,bootstrap,2026-08-17T07:40:32.588046Z
8,KMP Expressway (Western Peripheral Expressway),expressway,5,19,2026-08-22,14630,False,1495,1760,1760,0,0.1506,bootstrap,2026-08-17T07:40:33.042461Z
8,KMP Expressway (Western Peripheral Expressway),expressway,5,20,2026-08-22,13592,True,1254,1769,1769,0,0.2911,bootstrap,2026-08-17T07:40:33.483912Z
8,KMP Expressway (Western Peripheral Expressway),expressway,5,21,2026-08-22,13592,True,1254,1447,1447,0,0.1334,bootstrap,2026-08-17T07:40:34.028668Z
8,KMP Expressway (Western Peripheral Expressway),expressway,5,22,2026-08-22,13592,True,1254,1254,1254,0,0.0,bootstrap,2026-08-17T07:40:34.406563Z
8,KMP Expressway (Western Peripheral Expressway),expressway,5,23,2026-08-22,13592,True,1254,1254,1254,0,0.0,bootstrap,2026-08-17T07:40:34.839991Z
8,KMP Expressway (Western Peripheral Expressway),expressway,6,0,2026-08-23,13592,True,1254,1256,1256,0,0.0016,bootstrap,2026-08-17T07:40:35.251194Z
8,KMP Expressway (Western Peripheral Expressway),expressway,6,1,2026-08-23,13592,True,1254,1256,1256,0,0.0016,bootstrap,2026-08-17T07:40:35.683600Z
8,KMP Expressway (Western Peripheral Expressway),expressway,6,2,2026-08-23,13592,True,1254,1256,1256,0,0.0016,bootstrap,2026-08-17T07:40:36.314668Z
8,KMP Expressway (Western Peripheral Expressway),expressway,6,3,2026-08-23,13592,True,1254,1256,1256,0,0.0016,bootstrap,2026-08-17T07:40:36.993691Z
8,KMP Expressway (Western Peripheral Expressway),expressway,6,4,2026-08-23,13592,True,1254,1266,1266,0,0.0095,bootstrap,2026-08-17T07:40:37.516260Z
8,KMP Expressway (Western Peripheral Expressway),expressway,6,5,2026-08-23,13592,True,1254,1275,1275,0,0.0165,bootstrap,2026-08-17T07:40:38.121684Z
8,KMP Expressway (Western Peripheral Expressway),expressway,6,6,2026-08-23,13592,True,1254,1310,1310,0,0.0427,bootstrap,2026-08-17T07:40:38.676995Z
8,KMP Expressway (Western Peripheral Expressway),expressway,6,7,2026-08-23,13592,True,1254,1416,1416,0,0.1144,bootstrap,2026-08-17T07:40:39.159533Z
8,KMP Expressway (Western Peripheral Expressway),expressway,6,8,2026-08-23,13592,True,1254,1512,1512,0,0.1706,bootstrap,2026-08-17T07:40:40.271628Z
8,KMP Expressway (Western Peripheral Expressway),expressway,6,9,2026-08-23,13592,True,1254,1519,1519,0,0.1745,bootstrap,2026-08-17T07:40:40.770907Z
8,KMP Expressway (Western Peripheral Expressway),expressway,6,10,2026-08-23,13592,True,1254,1516,1516,0,0.1728,bootstrap,2026-08-17T07:40:41.162563Z
8,KMP Expressway (Western Peripheral Expressway),expressway,6,11,2026-08-23,13592,True,1254,1541,1541,0,0.1862,bootstrap,2026-08-17T07:40:41.578350Z
8,KMP Expressway (Western Peripheral Expressway),expressway,6,12,2026-08-23,13592,True,1254,1548,1548,0,0.1899,bootstrap,2026-08-17T07:40:41.999775Z
8,KMP Expressway (Western Peripheral Expressway),expressway,6,13,2026-08-23,13592,True,1254,1524,1524,0,0.1772,bootstrap,2026-08-17T07:40:42.420100Z
8,KMP Expressway (Western Peripheral Expressway),expressway,6,14,2026-08-23,13592,True,1254,1492,1492,0,0.1595,bootstrap,2026-08-17T07:40:42.962526Z
8,KMP Expressway (Western Peripheral Expressway),expressway,6,15,2026-08-23,13592,True,1254,1492,1492,0,0.1595,bootstrap,2026-08-17T07:40:43.492576Z
8,KMP Expressway (Western Peripheral Expressway),expressway,6,16,2026-08-23,13592,True,1254,1526,1526,0,0.1782,bootstrap,2026-08-17T07:40:43.985655Z
8,KMP Expressway (Western Peripheral Expressway),expressway,6,17,2026-08-23,13592,True,1254,1599,1599,0,0.2158,bootstrap,2026-08-17T07:40:44.701864Z
8,KMP Expressway (Western Peripheral Expressway),expressway,6,18,2026-08-23,13592,True,1254,1654,1654,0,0.2418,bootstrap,2026-08-17T07:40:45.068307Z
8,KMP Expressway (Western Peripheral Expressway),expressway,6,19,2026-08-23,13592,True,1254,1632,1632,0,0.2316,bootstrap,2026-08-17T07:40:45.789566Z
8,KMP Expressway (Western Peripheral Expressway),expressway,6,20,2026-08-23,13592,True,1254,1522,1522,0,0.1761,bootstrap,2026-08-17T07:40:46.186202Z
8,KMP Expressway (Western Peripheral Expressway),expressway,6,21,2026-08-23,13592,True,1254,1370,1370,0,0.0847,bootstrap,2026-08-17T07:40:46.614355Z
8,KMP Expressway (Western Peripheral Expressway),expressway,6,22,2026-08-23,13592,True,1254,1256,1256,0,0.0016,bootstrap,2026-08-17T07:40:47.025234Z
8,KMP Expressway (Western Peripheral Expressway),expressway,6,23,2026-08-23,13592,True,1254,1256,1256,0,0.0016,bootstrap,2026-08-17T07:40:47.467838Z
9,Delhi-Mumbai Expressway,expressway,0,0,2026-08-17,33588,True,1974,1974,1940,0,0.0,bootstrap,2026-08-17T07:40:48.166205Z
9,Delhi-Mumbai Expressway,expressway,0,1,2026-08-17,33588,True,1974,1974,1940,0,0.0,bootstrap,2026-08-17T07:40:48.666282Z
9,Delhi-Mumbai Expressway,expressway,0,2,2026-08-17,33588,True,1974,1974,1940,0,0.0,bootstrap,2026-08-17T07:40:49.079156Z
9,Delhi-Mumbai Expressway,expressway,0,3,2026-08-17,33588,True,1974,1974,1940,0,0.0,bootstrap,2026-08-17T07:40:50.443525Z
9,Delhi-Mumbai Expressway,expressway,0,4,2026-08-17,33588,True,1974,1989,1955,0,0.0075,bootstrap,2026-08-17T07:40:51.068497Z
9,Delhi-Mumbai Expressway,expressway,0,5,2026-08-17,33588,True,1974,1990,1956,0,0.008,bootstrap,2026-08-17T07:40:52.054705Z
9,Delhi-Mumbai Expressway,expressway,0,6,2026-08-17,33588,True,1974,2002,1967,0,0.014,bootstrap,2026-08-17T07:40:52.560340Z
9,Delhi-Mumbai Expressway,expressway,0,7,2026-08-17,33588,True,1974,2054,2011,0,0.0389,bootstrap,2026-08-17T07:40:53.102484Z
9,Delhi-Mumbai Expressway,expressway,0,8,2026-08-17,33588,True,1974,2136,2077,0,0.0758,bootstrap,2026-08-17T07:40:53.552404Z
9,Delhi-Mumbai Expressway,expressway,0,9,2026-08-17,33588,True,1974,2171,2099,0,0.0907,bootstrap,2026-08-17T07:40:54.030393Z
9,Delhi-Mumbai Expressway,expressway,0,10,2026-08-17,33588,True,1974,2200,2123,0,0.1027,bootstrap,2026-08-17T07:40:54.475970Z
9,Delhi-Mumbai Expressway,expressway,0,11,2026-08-17,33588,True,1974,2246,2162,0,0.1211,bootstrap,2026-08-17T07:40:55.058018Z
9,Delhi-Mumbai Expressway,expressway,0,12,2026-08-17,33588,True,1974,2269,2169,0,0.13,bootstrap,2026-08-17T07:40:55.537739Z
9,Delhi-Mumbai Expressway,expressway,0,13,2026-08-17,33588,True,1974,2260,2162,0,0.1265,bootstrap,2026-08-17T07:40:56.013044Z
9,Delhi-Mumbai Expressway,expressway,0,14,2026-08-17,33588,True,1974,2263,2174,0,0.1277,bootstrap,2026-08-17T07:40:56.675974Z
9,Delhi-Mumbai Expressway,expressway,0,15,2026-08-17,33588,True,1974,2279,2187,0,0.1338,bootstrap,2026-08-17T07:40:57.174047Z
9,Delhi-Mumbai Expressway,expressway,0,16,2026-08-17,33588,True,1974,2296,2197,0,0.1402,bootstrap,2026-08-17T07:40:57.669981Z
9,Delhi-Mumbai Expressway,expressway,0,17,2026-08-17,33588,True,1974,2322,2226,0,0.1499,bootstrap,2026-08-17T07:40:58.226151Z
9,Delhi-Mumbai Expressway,expressway,0,18,2026-08-17,33588,True,1974,2306,2227,0,0.144,bootstrap,2026-08-17T07:40:59.902433Z
9,Delhi-Mumbai Expressway,expressway,0,19,2026-08-17,33588,True,1974,2232,2156,0,0.1156,bootstrap,2026-08-17T07:41:00.385502Z
9,Delhi-Mumbai Expressway,expressway,0,20,2026-08-17,33588,True,1974,2156,2100,0,0.0844,bootstrap,2026-08-17T07:41:00.992356Z
9,Delhi-Mumbai Expressway,expressway,0,21,2026-08-17,33588,True,1974,2054,2017,0,0.0389,bootstrap,2026-08-17T07:41:01.544371Z
9,Delhi-Mumbai Expressway,expressway,0,22,2026-08-17,33588,True,1974,1974,1940,0,0.0,bootstrap,2026-08-17T07:41:02.208402Z
9,Delhi-Mumbai Expressway,expressway,0,23,2026-08-17,33588,True,1974,1974,1940,0,0.0,bootstrap,2026-08-17T07:41:02.592088Z
9,Delhi-Mumbai Expressway,expressway,1,0,2026-08-18,33588,True,1974,1974,1940,0,0.0,bootstrap,2026-08-17T07:41:02.990930Z
9,Delhi-Mumbai Expressway,expressway,1,1,2026-08-18,33588,True,1974,1974,1940,0,0.0,bootstrap,2026-08-17T07:41:03.411214Z
9,Delhi-Mumbai Expressway,expressway,1,2,2026-08-18,33588,True,1974,1974,1940,0,0.0,bootstrap,2026-08-17T07:41:03.929673Z
9,Delhi-Mumbai Expressway,expressway,1,3,2026-08-18,33588,True,1974,1974,1940,0,0.0,bootstrap,2026-08-17T07:41:04.434162Z
9,Delhi-Mumbai Expressway,expressway,1,4,2026-08-18,33588,True,1974,1992,1992,0,0.009,bootstrap,2026-08-17T07:41:04.845839Z
9,Delhi-Mumbai Expressway,expressway,1,5,2026-08-18,33588,True,1974,1994,1994,0,0.01,bootstrap,2026-08-17T07:41:05.294868Z
9,Delhi-Mumbai Expressway,expressway,1,6,2026-08-18,33588,True,1974,2009,2009,0,0.0174,bootstrap,2026-08-17T07:41:05.682940Z
9,Delhi-Mumbai Expressway,expressway,1,7,2026-08-18,33588,True,1974,2060,2060,0,0.0417,bootstrap,2026-08-17T07:41:06.518829Z
9,Delhi-Mumbai Expressway,expressway,1,8,2026-08-18,33588,True,1974,2142,2142,0,0.0784,bootstrap,2026-08-17T07:41:07.337013Z
9,Delhi-Mumbai Expressway,expressway,1,9,2026-08-18,33588,True,1974,2172,2172,0,0.0912,bootstrap,2026-08-17T07:41:07.910270Z
9,Delhi-Mumbai Expressway,expressway,1,10,2026-08-18,33588,True,1974,2198,2198,0,0.1019,bootstrap,2026-08-17T07:41:08.441192Z
9,Delhi-Mumbai Expressway,expressway,1,11,2026-08-18,33588,True,1974,2242,2242,0,0.1195,bootstrap,2026-08-17T07:41:08.874543Z
9,Delhi-Mumbai Expressway,expressway,1,12,2026-08-18,33588,True,1974,2265,2265,0,0.1285,bootstrap,2026-08-17T07:41:09.275940Z
9,Delhi-Mumbai Expressway,expressway,1,13,2026-08-18,33588,True,1974,2261,2261,0,0.1269,bootstrap,2026-08-17T07:41:09.875541Z
9,Delhi-Mumbai Expressway,expressway,1,14,2026-08-18,33588,True,1974,2271,2271,0,0.1308,bootstrap,2026-08-17T07:41:10.404253Z
9,Delhi-Mumbai Expressway,expressway,1,15,2026-08-18,33588,True,1974,2290,2290,0,0.138,bootstrap,2026-08-17T07:41:11.170917Z
9,Delhi-Mumbai Expressway,expressway,1,16,2026-08-18,33588,True,1974,2308,2308,0,0.1447,bootstrap,2026-08-17T07:41:11.679661Z
9,Delhi-Mumbai Expressway,expressway,1,17,2026-08-18,33588,True,1974,2338,2338,0,0.1557,bootstrap,2026-08-17T07:41:12.247849Z
9,Delhi-Mumbai Expressway,expressway,1,18,2026-08-18,33588,True,1974,2316,2316,0,0.1477,bootstrap,2026-08-17T07:41:12.639354Z
9,Delhi-Mumbai Expressway,expressway,1,19,2026-08-18,33588,True,1974,2234,2234,0,0.1164,bootstrap,2026-08-17T07:41:13.472948Z
9,Delhi-Mumbai Expressway,expressway,1,20,2026-08-18,33588,True,1974,2162,2162,0,0.087,bootstrap,2026-08-17T07:41:14.037439Z
9,Delhi-Mumbai Expressway,expressway,1,21,2026-08-18,33588,True,1974,2060,2060,0,0.0417,bootstrap,2026-08-17T07:41:14.502546Z
9,Delhi-Mumbai Expressway,expressway,1,22,2026-08-18,33588,True,1974,1974,1974,0,0.0,bootstrap,2026-08-17T07:41:15.186555Z
9,Delhi-Mumbai Expressway,expressway,1,23,2026-08-18,33588,True,1974,1974,1974,0,0.0,bootstrap,2026-08-17T07:41:15.608686Z
9,Delhi-Mumbai Expressway,expressway,2,0,2026-08-19,33588,True,1974,1974,1974,0,0.0,bootstrap,2026-08-17T07:41:16.115633Z
9,Delhi-Mumbai Expressway,expressway,2,1,2026-08-19,33588,True,1974,1974,1974,0,0.0,bootstrap,2026-08-17T07:41:17.465956Z
9,Delhi-Mumbai Expressway,expressway,2,2,2026-08-19,33588,True,1974,1974,1974,0,0.0,bootstrap,2026-08-17T07:41:18.140215Z
9,Delhi-Mumbai Expressway,expressway,2,3,2026-08-19,33588,True,1974,1974,1974,0,0.0,bootstrap,2026-08-17T07:41:18.906273Z
9,Delhi-Mumbai Expressway,expressway,2,4,2026-08-19,33588,True,1974,1988,1988,0,0.007,bootstrap,2026-08-17T07:41:19.505739Z
9,Delhi-Mumbai Expressway,expressway,2,5,2026-08-19,33588,True,1974,1990,1990,0,0.008,bootstrap,2026-08-17T07:41:20.027308Z
9,Delhi-Mumbai Expressway,expressway,2,6,2026-08-19,33588,True,1974,1999,1999,0,0.0125,bootstrap,2026-08-17T07:41:21.418739Z
9,Delhi-Mumbai Expressway,expressway,2,7,2026-08-19,33588,True,1974,2049,2049,0,0.0366,bootstrap,2026-08-17T07:41:22.373718Z
9,Delhi-Mumbai Expressway,expressway,2,8,2026-08-19,33588,True,1974,2133,2133,0,0.0745,bootstrap,2026-08-17T07:41:22.739471Z
9,Delhi-Mumbai Expressway,expressway,2,9,2026-08-19,33588,True,1974,2167,2167,0,0.0891,bootstrap,2026-08-17T07:41:23.307925Z
9,Delhi-Mumbai Expressway,expressway,2,10,2026-08-19,33588,True,1974,2193,2193,0,0.0999,bootstrap,2026-08-17T07:41:23.797802Z
9,Delhi-Mumbai Expressway,expressway,2,11,2026-08-19,33588,True,1974,2238,2238,0,0.118,bootstrap,2026-08-17T07:41:24.227740Z
9,Delhi-Mumbai Expressway,expressway,2,12,2026-08-19,33588,True,1974,2257,2257,0,0.1254,bootstrap,2026-08-17T07:41:25.414452Z
9,Delhi-Mumbai Expressway,expressway,2,13,2026-08-19,33588,True,1974,2248,2248,0,0.1219,bootstrap,2026-08-17T07:41:25.928293Z
9,Delhi-Mumbai Expressway,expressway,2,14,2026-08-19,33588,True,1974,2251,2251,0,0.1231,bootstrap,2026-08-17T07:41:26.484913Z
9,Delhi-Mumbai Expressway,expressway,2,15,2026-08-19,33588,True,1974,2268,2268,0,0.1296,bootstrap,2026-08-17T07:41:26.972746Z
9,Delhi-Mumbai Expressway,expressway,2,16,2026-08-19,33588,True,1974,2293,2293,0,0.1391,bootstrap,2026-08-17T07:41:27.359911Z
9,Delhi-Mumbai Expressway,expressway,2,17,2026-08-19,33588,True,1974,2327,2327,0,0.1517,bootstrap,2026-08-17T07:41:28.500186Z
9,Delhi-Mumbai Expressway,expressway,2,18,2026-08-19,33588,True,1974,2314,2314,0,0.1469,bootstrap,2026-08-17T07:41:29.321354Z
9,Delhi-Mumbai Expressway,expressway,2,19,2026-08-19,33588,True,1974,2236,2236,0,0.1172,bootstrap,2026-08-17T07:41:31.163322Z
9,Delhi-Mumbai Expressway,expressway,2,20,2026-08-19,33588,True,1974,2156,2156,0,0.0844,bootstrap,2026-08-17T07:41:35.595705Z
9,Delhi-Mumbai Expressway,expressway,2,21,2026-08-19,33588,True,1974,2052,2052,0,0.038,bootstrap,2026-08-17T07:41:36.567176Z
9,Delhi-Mumbai Expressway,expressway,2,22,2026-08-19,33588,True,1974,1974,1974,0,0.0,bootstrap,2026-08-17T07:41:37.692778Z
9,Delhi-Mumbai Expressway,expressway,2,23,2026-08-19,33588,True,1974,1974,1974,0,0.0,bootstrap,2026-08-17T07:41:38.212418Z
9,Delhi-Mumbai Expressway,expressway,3,0,2026-08-20,33588,True,1974,1974,1974,0,0.0,bootstrap,2026-08-17T07:41:38.629532Z
9,Delhi-Mumbai Expressway,expressway,3,1,2026-08-20,33588,True,1974,1974,1974,0,0.0,bootstrap,2026-08-17T07:41:39.065164Z
9,Delhi-Mumbai Expressway,expressway,3,2,2026-08-20,33588,True,1974,1974,1974,0,0.0,bootstrap,2026-08-17T07:41:39.758595Z
9,Delhi-Mumbai Expressway,expressway,3,3,2026-08-20,33588,True,1974,1974,1974,0,0.0,bootstrap,2026-08-17T07:41:40.292488Z
9,Delhi-Mumbai Expressway,expressway,3,4,2026-08-20,33588,True,1974,1992,1992,0,0.009,bootstrap,2026-08-17T07:41:40.806724Z
9,Delhi-Mumbai Expressway,expressway,3,5,2026-08-20,33588,True,1974,1995,1995,0,0.0105,bootstrap,2026-08-17T07:41:41.195112Z
9,Delhi-Mumbai Expressway,expressway,3,6,2026-08-20,33588,True,1974,2007,2007,0,0.0164,bootstrap,2026-08-17T07:41:42.108945Z
9,Delhi-Mumbai Expressway,expressway,3,7,2026-08-20,33588,True,1974,2056,2056,0,0.0399,bootstrap,2026-08-17T07:41:43.030018Z
9,Delhi-Mumbai Expressway,expressway,3,8,2026-08-20,33588,True,1974,2126,2126,0,0.0715,bootstrap,2026-08-17T07:41:43.429083Z
9,Delhi-Mumbai Expressway,expressway,3,9,2026-08-20,33588,True,1974,2157,2157,0,0.0848,bootstrap,2026-08-17T07:41:43.987947Z
9,Delhi-Mumbai Expressway,expressway,3,10,2026-08-20,33588,True,1974,2186,2186,0,0.097,bootstrap,2026-08-17T07:41:44.678359Z
9,Delhi-Mumbai Expressway,expressway,3,11,2026-08-20,33588,True,1974,2231,2231,0,0.1152,bootstrap,2026-08-17T07:41:45.196671Z
9,Delhi-Mumbai Expressway,expressway,3,12,2026-08-20,33588,True,1974,2254,2254,0,0.1242,bootstrap,2026-08-17T07:41:45.580171Z
9,Delhi-Mumbai Expressway,expressway,3,13,2026-08-20,33588,True,1974,2251,2251,0,0.1231,bootstrap,2026-08-17T07:41:46.040648Z
9,Delhi-Mumbai Expressway,expressway,3,14,2026-08-20,33588,True,1974,2261,2261,0,0.1269,bootstrap,2026-08-17T07:41:46.503501Z
9,Delhi-Mumbai Expressway,expressway,3,15,2026-08-20,33588,True,1974,2282,2282,0,0.135,bootstrap,2026-08-17T07:41:47.138514Z
9,Delhi-Mumbai Expressway,expressway,3,16,2026-08-20,33588,True,1974,2303,2303,0,0.1429,bootstrap,2026-08-17T07:41:47.966482Z
9,Delhi-Mumbai Expressway,expressway,3,17,2026-08-20,33588,True,1974,2327,2327,0,0.1517,bootstrap,2026-08-17T07:41:48.581553Z
9,Delhi-Mumbai Expressway,expressway,3,18,2026-08-20,33588,True,1974,2303,2303,0,0.1429,bootstrap,2026-08-17T07:41:49.080656Z
9,Delhi-Mumbai Expressway,expressway,3,19,2026-08-20,33588,True,1974,2223,2223,0,0.112,bootstrap,2026-08-17T07:41:49.476346Z
9,Delhi-Mumbai Expressway,expressway,3,20,2026-08-20,33588,True,1974,2155,2155,0,0.084,bootstrap,2026-08-17T07:41:50.000734Z
9,Delhi-Mumbai Expressway,expressway,3,21,2026-08-20,33588,True,1974,2056,2056,0,0.0399,bootstrap,2026-08-17T07:41:50.473671Z
9,Delhi-Mumbai Expressway,expressway,3,22,2026-08-20,33588,True,1974,1974,1974,0,0.0,bootstrap,2026-08-17T07:41:50.932420Z
9,Delhi-Mumbai Expressway,expressway,3,23,2026-08-20,33588,True,1974,1974,1974,0,0.0,bootstrap,2026-08-17T07:41:51.357530Z
9,Delhi-Mumbai Expressway,expressway,4,0,2026-08-21,33588,True,1974,1974,1974,0,0.0,bootstrap,2026-08-17T07:41:51.966530Z
9,Delhi-Mumbai Expressway,expressway,4,1,2026-08-21,33588,True,1974,1974,1974,0,0.0,bootstrap,2026-08-17T07:41:52.461609Z
9,Delhi-Mumbai Expressway,expressway,4,2,2026-08-21,33588,True,1974,1974,1974,0,0.0,bootstrap,2026-08-17T07:41:52.835946Z
9,Delhi-Mumbai Expressway,expressway,4,3,2026-08-21,33588,True,1974,1974,1974,0,0.0,bootstrap,2026-08-17T07:41:53.597888Z
9,Delhi-Mumbai Expressway,expressway,4,4,2026-08-21,33588,True,1974,1989,1989,0,0.0075,bootstrap,2026-08-17T07:41:54.408378Z
9,Delhi-Mumbai Expressway,expressway,4,5,2026-08-21,33588,True,1974,1991,1991,0,0.0085,bootstrap,2026-08-17T07:41:55.025125Z
9,Delhi-Mumbai Expressway,expressway,4,6,2026-08-21,33588,True,1974,2000,2000,0,0.013,bootstrap,2026-08-17T07:41:55.448993Z
9,Delhi-Mumbai Expressway,expressway,4,7,2026-08-21,33588,True,1974,2046,2046,0,0.0352,bootstrap,2026-08-17T07:41:56.471543Z
9,Delhi-Mumbai Expressway,expressway,4,8,2026-08-21,33588,True,1974,2128,2128,0,0.0724,bootstrap,2026-08-17T07:41:56.970493Z
9,Delhi-Mumbai Expressway,expressway,4,9,2026-08-21,33588,True,1974,2161,2161,0,0.0865,bootstrap,2026-08-17T07:41:57.365836Z
9,Delhi-Mumbai Expressway,expressway,4,10,2026-08-21,33588,True,1974,2188,2188,0,0.0978,bootstrap,2026-08-17T07:41:57.756390Z
9,Delhi-Mumbai Expressway,expressway,4,11,2026-08-21,33588,True,1974,2235,2235,0,0.1168,bootstrap,2026-08-17T07:41:58.162671Z
9,Delhi-Mumbai Expressway,expressway,4,12,2026-08-21,33588,True,1974,2259,2259,0,0.1262,bootstrap,2026-08-17T07:41:58.698464Z
9,Delhi-Mumbai Expressway,expressway,4,13,2026-08-21,33588,True,1974,2254,2254,0,0.1242,bootstrap,2026-08-17T07:41:59.120720Z
9,Delhi-Mumbai Expressway,expressway,4,14,2026-08-21,33588,True,1974,2262,2262,0,0.1273,bootstrap,2026-08-17T07:42:00.008697Z
9,Delhi-Mumbai Expressway,expressway,4,15,2026-08-21,33588,True,1974,2285,2285,0,0.1361,bootstrap,2026-08-17T07:42:03.497795Z
9,Delhi-Mumbai Expressway,expressway,4,16,2026-08-21,33588,True,1974,2307,2307,0,0.1443,bootstrap,2026-08-17T07:42:04.254038Z
9,Delhi-Mumbai Expressway,expressway,4,17,2026-08-21,33588,True,1974,2338,2338,0,0.1557,bootstrap,2026-08-17T07:42:04.923855Z
9,Delhi-Mumbai Expressway,expressway,4,18,2026-08-21,33588,True,1974,2319,2319,0,0.1488,bootstrap,2026-08-17T07:42:06.045330Z
9,Delhi-Mumbai Expressway,expressway,4,19,2026-08-21,33588,True,1974,2237,2237,0,0.1176,bootstrap,2026-08-17T07:42:06.701135Z
9,Delhi-Mumbai Expressway,expressway,4,20,2026-08-21,33588,True,1974,2155,2155,0,0.084,bootstrap,2026-08-17T07:42:07.299702Z
9,Delhi-Mumbai Expressway,expressway,4,21,2026-08-21,33588,True,1974,2052,2052,0,0.038,bootstrap,2026-08-17T07:42:07.985412Z
9,Delhi-Mumbai Expressway,expressway,4,22,2026-08-21,33588,True,1974,1974,1974,0,0.0,bootstrap,2026-08-17T07:42:10.165174Z
9,Delhi-Mumbai Expressway,expressway,4,23,2026-08-21,33588,True,1974,1974,1974,0,0.0,bootstrap,2026-08-17T07:42:12.229824Z
9,Delhi-Mumbai Expressway,expressway,5,0,2026-08-22,33588,True,1974,1974,1974,0,0.0,bootstrap,2026-08-17T07:42:13.436967Z
9,Delhi-Mumbai Expressway,expressway,5,1,2026-08-22,33588,True,1974,1974,1974,0,0.0,bootstrap,2026-08-17T07:42:14.154731Z
9,Delhi-Mumbai Expressway,expressway,5,2,2026-08-22,33588,True,1974,1974,1974,0,0.0,bootstrap,2026-08-17T07:42:14.785751Z
9,Delhi-Mumbai Expressway,expressway,5,3,2026-08-22,33588,True,1974,1974,1974,0,0.0,bootstrap,2026-08-17T07:42:15.347349Z
9,Delhi-Mumbai Expressway,expressway,5,4,2026-08-22,33588,True,1974,1988,1988,0,0.007,bootstrap,2026-08-17T07:42:16.074240Z
9,Delhi-Mumbai Expressway,expressway,5,5,2026-08-22,33588,True,1974,1989,1989,0,0.0075,bootstrap,2026-08-17T07:42:16.650493Z
9,Delhi-Mumbai Expressway,expressway,5,6,2026-08-22,33588,True,1974,1999,1999,0,0.0125,bootstrap,2026-08-17T07:42:17.137210Z
9,Delhi-Mumbai Expressway,expressway,5,7,2026-08-22,33588,True,1974,2044,2044,0,0.0342,bootstrap,2026-08-17T07:42:17.716547Z
9,Delhi-Mumbai Expressway,expressway,5,8,2026-08-22,33588,True,1974,2109,2109,0,0.064,bootstrap,2026-08-17T07:42:18.291678Z
9,Delhi-Mumbai Expressway,expressway,5,9,2026-08-22,33588,True,1974,2142,2142,0,0.0784,bootstrap,2026-08-17T07:42:18.928106Z
9,Delhi-Mumbai Expressway,expressway,5,10,2026-08-22,33588,True,1974,2172,2172,0,0.0912,bootstrap,2026-08-17T07:42:19.352831Z
9,Delhi-Mumbai Expressway,expressway,5,11,2026-08-22,33588,True,1974,2217,2217,0,0.1096,bootstrap,2026-08-17T07:42:19.874274Z
9,Delhi-Mumbai Expressway,expressway,5,12,2026-08-22,33588,True,1974,2240,2240,0,0.1188,bootstrap,2026-08-17T07:42:20.318614Z
9,Delhi-Mumbai Expressway,expressway,5,13,2026-08-22,33588,True,1974,2238,2238,0,0.118,bootstrap,2026-08-17T07:42:20.781830Z
9,Delhi-Mumbai Expressway,expressway,5,14,2026-08-22,33588,True,1974,2242,2242,0,0.1195,bootstrap,2026-08-17T07:42:21.593349Z
9,Delhi-Mumbai Expressway,expressway,5,15,2026-08-22,33588,True,1974,2263,2263,0,0.1277,bootstrap,2026-08-17T07:42:22.003931Z
9,Delhi-Mumbai Expressway,expressway,5,16,2026-08-22,33588,True,1974,2285,2285,0,0.1361,bootstrap,2026-08-17T07:42:22.422675Z
9,Delhi-Mumbai Expressway,expressway,5,17,2026-08-22,33588,True,1974,2308,2308,0,0.1447,bootstrap,2026-08-17T07:42:23.033514Z
9,Delhi-Mumbai Expressway,expressway,5,18,2026-08-22,33588,True,1974,2295,2295,0,0.1399,bootstrap,2026-08-17T07:42:23.881453Z
9,Delhi-Mumbai Expressway,expressway,5,19,2026-08-22,33588,True,1974,2230,2230,0,0.1148,bootstrap,2026-08-17T07:42:24.671349Z
9,Delhi-Mumbai Expressway,expressway,5,20,2026-08-22,33588,True,1974,2158,2158,0,0.0853,bootstrap,2026-08-17T07:42:25.275144Z
9,Delhi-Mumbai Expressway,expressway,5,21,2026-08-22,33588,True,1974,2054,2054,0,0.0389,bootstrap,2026-08-17T07:42:25.723195Z
9,Delhi-Mumbai Expressway,expressway,5,22,2026-08-22,33588,True,1974,1974,1974,0,0.0,bootstrap,2026-08-17T07:42:27.262775Z
9,Delhi-Mumbai Expressway,expressway,5,23,2026-08-22,33588,True,1974,1974,1974,0,0.0,bootstrap,2026-08-17T07:42:27.786840Z
9,Delhi-Mumbai Expressway,expressway,6,0,2026-08-23,33588,True,1974,1974,1974,0,0.0,bootstrap,2026-08-17T07:42:28.447529Z
9,Delhi-Mumbai Expressway,expressway,6,1,2026-08-23,33588,True,1974,1974,1974,0,0.0,bootstrap,2026-08-17T07:42:29.094367Z
9,Delhi-Mumbai Expressway,expressway,6,2,2026-08-23,33588,True,1974,1974,1974,0,0.0,bootstrap,2026-08-17T07:42:29.941139Z
9,Delhi-Mumbai Expressway,expressway,6,3,2026-08-23,33588,True,1974,1974,1974,0,0.0,bootstrap,2026-08-17T07:42:30.349091Z
9,Delhi-Mumbai Expressway,expressway,6,4,2026-08-23,33588,True,1974,1984,1984,0,0.005,bootstrap,2026-08-17T07:42:30.807033Z
9,Delhi-Mumbai Expressway,expressway,6,5,2026-08-23,33588,True,1974,1986,1986,0,0.006,bootstrap,2026-08-17T07:42:31.224314Z
9,Delhi-Mumbai Expressway,expressway,6,6,2026-08-23,33588,True,1974,1992,1992,0,0.009,bootstrap,2026-08-17T07:42:31.752173Z
9,Delhi-Mumbai Expressway,expressway,6,7,2026-08-23,33588,True,1974,2023,2023,0,0.0242,bootstrap,2026-08-17T07:42:32.254453Z
9,Delhi-Mumbai Expressway,expressway,6,8,2026-08-23,33588,True,1974,2079,2079,0,0.0505,bootstrap,2026-08-17T07:42:32.793135Z
9,Delhi-Mumbai Expressway,expressway,6,9,2026-08-23,33588,True,1974,2115,2115,0,0.0667,bootstrap,2026-08-17T07:42:33.577753Z
9,Delhi-Mumbai Expressway,expressway,6,10,2026-08-23,33588,True,1974,2147,2147,0,0.0806,bootstrap,2026-08-17T07:42:34.251104Z
9,Delhi-Mumbai Expressway,expressway,6,11,2026-08-23,33588,True,1974,2184,2184,0,0.0962,bootstrap,2026-08-17T07:42:34.701940Z
9,Delhi-Mumbai Expressway,expressway,6,12,2026-08-23,33588,True,1974,2190,2190,0,0.0986,bootstrap,2026-08-17T07:42:35.963557Z
9,Delhi-Mumbai Expressway,expressway,6,13,2026-08-23,33588,True,1974,2177,2177,0,0.0932,bootstrap,2026-08-17T07:42:36.489482Z
9,Delhi-Mumbai Expressway,expressway,6,14,2026-08-23,33588,True,1974,2170,2170,0,0.0903,bootstrap,2026-08-17T07:42:36.906794Z
9,Delhi-Mumbai Expressway,expressway,6,15,2026-08-23,33588,True,1974,2176,2176,0,0.0928,bootstrap,2026-08-17T07:42:37.604476Z
9,Delhi-Mumbai Expressway,expressway,6,16,2026-08-23,33588,True,1974,2191,2191,0,0.099,bootstrap,2026-08-17T07:42:39.854679Z
9,Delhi-Mumbai Expressway,expressway,6,17,2026-08-23,33588,True,1974,2220,2220,0,0.1108,bootstrap,2026-08-17T07:42:40.277991Z
9,Delhi-Mumbai Expressway,expressway,6,18,2026-08-23,33588,True,1974,2224,2224,0,0.1124,bootstrap,2026-08-17T07:42:41.178391Z
9,Delhi-Mumbai Expressway,expressway,6,19,2026-08-23,33588,True,1974,2189,2189,0,0.0982,bootstrap,2026-08-17T07:42:41.598056Z
9,Delhi-Mumbai Expressway,expressway,6,20,2026-08-23,33588,True,1974,2126,2126,0,0.0715,bootstrap,2026-08-17T07:42:42.082862Z
9,Delhi-Mumbai Expressway,expressway,6,21,2026-08-23,33588,True,1974,2037,2037,0,0.0309,bootstrap,2026-08-17T07:42:42.909657Z
9,Delhi-Mumbai Expressway,expressway,6,22,2026-08-23,33588,True,1974,1974,1974,0,0.0,bootstrap,2026-08-17T07:42:43.334275Z
9,Delhi-Mumbai Expressway,expressway,6,23,2026-08-23,33588,True,1974,1974,1974,0,0.0,bootstrap,2026-08-17T07:42:43.809766Z
10,NH-352W (Gurugram-Sohna-Alwar Road),highway,0,0,2026-08-17,14599,True,1634,1634,1603,0,0.0,bootstrap,2026-08-17T07:42:45.198348Z
10,NH-352W (Gurugram-Sohna-Alwar Road),highway,0,1,2026-08-17,14599,True,1634,1634,1603,0,0.0,bootstrap,2026-08-17T07:42:45.808163Z
10,NH-352W (Gurugram-Sohna-Alwar Road),highway,0,2,2026-08-17,14599,True,1634,1634,1603,0,0.0,bootstrap,2026-08-17T07:42:46.737583Z
10,NH-352W (Gurugram-Sohna-Alwar Road),highway,0,3,2026-08-17,14599,True,1634,1634,1603,0,0.0,bootstrap,2026-08-17T07:42:47.397365Z
10,NH-352W (Gurugram-Sohna-Alwar Road),highway,0,4,2026-08-17,14599,True,1634,1648,1617,0,0.0085,bootstrap,2026-08-17T07:42:48.090899Z
10,NH-352W (Gurugram-Sohna-Alwar Road),highway,0,5,2026-08-17,14599,True,1634,1652,1621,0,0.0109,bootstrap,2026-08-17T07:42:48.637600Z
10,NH-352W (Gurugram-Sohna-Alwar Road),highway,0,6,2026-08-17,14599,True,1634,1671,1635,0,0.0221,bootstrap,2026-08-17T07:42:49.164542Z
10,NH-352W (Gurugram-Sohna-Alwar Road),highway,0,7,2026-08-17,14599,True,1634,1720,1678,0,0.05,bootstrap,2026-08-17T07:42:49.603138Z
10,NH-352W (Gurugram-Sohna-Alwar Road),highway,0,8,2026-08-17,14599,True,1634,1806,1746,0,0.0952,bootstrap,2026-08-17T07:42:49.995713Z
10,NH-352W (Gurugram-Sohna-Alwar Road),highway,0,9,2026-08-17,14599,True,1634,1869,1799,0,0.1257,bootstrap,2026-08-17T07:42:50.567879Z
10,NH-352W (Gurugram-Sohna-Alwar Road),highway,0,10,2026-08-17,14599,True,1634,1933,1838,0,0.1547,bootstrap,2026-08-17T07:42:50.980374Z
10,NH-352W (Gurugram-Sohna-Alwar Road),highway,0,11,2026-08-17,14599,True,1634,2011,1909,0,0.1875,bootstrap,2026-08-17T07:42:51.451224Z
10,NH-352W (Gurugram-Sohna-Alwar Road),highway,0,12,2026-08-17,14599,True,1634,2034,1923,0,0.1967,bootstrap,2026-08-17T07:42:52.440541Z
10,NH-352W (Gurugram-Sohna-Alwar Road),highway,0,13,2026-08-17,14599,True,1634,2007,1875,0,0.1858,bootstrap,2026-08-17T07:42:53.071565Z
10,NH-352W (Gurugram-Sohna-Alwar Road),highway,0,14,2026-08-17,14599,True,1634,2015,1905,0,0.1891,bootstrap,2026-08-17T07:42:53.561148Z
10,NH-352W (Gurugram-Sohna-Alwar Road),highway,0,15,2026-08-17,14599,True,1634,2029,1909,0,0.1947,bootstrap,2026-08-17T07:42:53.991733Z
10,NH-352W (Gurugram-Sohna-Alwar Road),highway,0,16,2026-08-17,14599,True,1634,2057,1932,0,0.2056,bootstrap,2026-08-17T07:42:54.419391Z
10,NH-352W (Gurugram-Sohna-Alwar Road),highway,0,17,2026-08-17,14599,True,1634,2091,1970,0,0.2186,bootstrap,2026-08-17T07:42:55.203976Z
10,NH-352W (Gurugram-Sohna-Alwar Road),highway,0,18,2026-08-17,14599,True,1634,2092,1984,0,0.2189,bootstrap,2026-08-17T07:42:55.643852Z
10,NH-352W (Gurugram-Sohna-Alwar Road),highway,0,19,2026-08-17,14599,True,1634,2030,1945,0,0.1951,bootstrap,2026-08-17T07:42:56.210257Z
10,NH-352W (Gurugram-Sohna-Alwar Road),highway,0,20,2026-08-17,14599,True,1634,1922,1863,0,0.1498,bootstrap,2026-08-17T07:42:57.049139Z
10,NH-352W (Gurugram-Sohna-Alwar Road),highway,0,21,2026-08-17,14599,True,1634,1767,1732,0,0.0753,bootstrap,2026-08-17T07:42:57.638720Z
10,NH-352W (Gurugram-Sohna-Alwar Road),highway,0,22,2026-08-17,14599,True,1634,1634,1603,0,0.0,bootstrap,2026-08-17T07:42:58.084886Z
10,NH-352W (Gurugram-Sohna-Alwar Road),highway,0,23,2026-08-17,14599,True,1634,1634,1603,0,0.0,bootstrap,2026-08-17T07:42:58.486657Z
10,NH-352W (Gurugram-Sohna-Alwar Road),highway,1,0,2026-08-18,14599,True,1634,1634,1603,0,0.0,bootstrap,2026-08-17T07:42:59.005777Z
10,NH-352W (Gurugram-Sohna-Alwar Road),highway,1,1,2026-08-18,14599,True,1634,1634,1603,0,0.0,bootstrap,2026-08-17T07:42:59.487392Z
10,NH-352W (Gurugram-Sohna-Alwar Road),highway,1,2,2026-08-18,14599,True,1634,1634,1603,0,0.0,bootstrap,2026-08-17T07:43:00.821117Z
10,NH-352W (Gurugram-Sohna-Alwar Road),highway,1,3,2026-08-18,14599,True,1634,1634,1603,0,0.0,bootstrap,2026-08-17T07:43:01.438737Z
10,NH-352W (Gurugram-Sohna-Alwar Road),highway,1,4,2026-08-18,14599,True,1634,1649,1649,0,0.0091,bootstrap,2026-08-17T07:43:02.755854Z
10,NH-352W (Gurugram-Sohna-Alwar Road),highway,1,5,2026-08-18,14599,True,1634,1652,1652,0,0.0109,bootstrap,2026-08-17T07:43:03.402984Z
10,NH-352W (Gurugram-Sohna-Alwar Road),highway,1,6,2026-08-18,14599,True,1634,1663,1663,0,0.0174,bootstrap,2026-08-17T07:43:03.898338Z
10,NH-352W (Gurugram-Sohna-Alwar Road),highway,1,7,2026-08-18,14599,True,1634,1718,1718,0,0.0489,bootstrap,2026-08-17T07:43:04.409669Z
10,NH-352W (Gurugram-Sohna-Alwar Road),highway,1,8,2026-08-18,14599,True,1634,1819,1819,0,0.1017,bootstrap,2026-08-17T07:43:05.446580Z
10,NH-352W (Gurugram-Sohna-Alwar Road),highway,1,9,2026-08-18,14599,True,1634,1874,1874,0,0.1281,bootstrap,2026-08-17T07:43:06.961658Z
10,NH-352W (Gurugram-Sohna-Alwar Road),highway,1,10,2026-08-18,14599,True,1634,1918,1918,0,0.1481,bootstrap,2026-08-17T07:43:07.798184Z
10,NH-352W (Gurugram-Sohna-Alwar Road),highway,1,11,2026-08-18,14599,True,1634,1989,1989,0,0.1785,bootstrap,2026-08-17T07:43:08.512227Z
10,NH-352W (Gurugram-Sohna-Alwar Road),highway,1,12,2026-08-18,14599,True,1634,2024,2024,0,0.1927,bootstrap,2026-08-17T07:43:09.000130Z
10,NH-352W (Gurugram-Sohna-Alwar Road),highway,1,13,2026-08-18,14599,True,1634,2010,2010,0,0.1871,bootstrap,2026-08-17T07:43:09.436687Z
10,NH-352W (Gurugram-Sohna-Alwar Road),highway,1,14,2026-08-18,14599,True,1634,2017,2017,0,0.1899,bootstrap,2026-08-17T07:43:09.874079Z
10,NH-352W (Gurugram-Sohna-Alwar Road),highway,1,15,2026-08-18,14599,True,1634,2029,2029,0,0.1947,bootstrap,2026-08-17T07:43:10.340766Z
10,NH-352W (Gurugram-Sohna-Alwar Road),highway,1,16,2026-08-18,14599,True,1634,2062,2062,0,0.2076,bootstrap,2026-08-17T07:43:10.775072Z
10,NH-352W (Gurugram-Sohna-Alwar Road),highway,1,17,2026-08-18,14599,True,1634,2101,2101,0,0.2223,bootstrap,2026-08-17T07:43:11.281336Z
10,NH-352W (Gurugram-Sohna-Alwar Road),highway,1,18,2026-08-18,14599,True,1634,2114,2114,0,0.2271,bootstrap,2026-08-17T07:43:11.675470Z
10,NH-352W (Gurugram-Sohna-Alwar Road),highway,1,19,2026-08-18,14599,True,1634,2078,2078,0,0.2137,bootstrap,2026-08-17T07:43:12.299272Z
10,NH-352W (Gurugram-Sohna-Alwar Road),highway,1,20,2026-08-18,14599,True,1634,1971,1971,0,0.171,bootstrap,2026-08-17T07:43:12.695694Z
10,NH-352W (Gurugram-Sohna-Alwar Road),highway,1,21,2026-08-18,14599,True,1634,1796,1796,0,0.0902,bootstrap,2026-08-17T07:43:13.199622Z
10,NH-352W (Gurugram-Sohna-Alwar Road),highway,1,22,2026-08-18,14599,True,1634,1634,1634,0,0.0,bootstrap,2026-08-17T07:43:13.633574Z
10,NH-352W (Gurugram-Sohna-Alwar Road),highway,1,23,2026-08-18,14599,True,1634,1634,1634,0,0.0,bootstrap,2026-08-17T07:43:14.062570Z
10,NH-352W (Gurugram-Sohna-Alwar Road),highway,2,0,2026-08-19,14599,True,1634,1634,1634,0,0.0,bootstrap,2026-08-17T07:43:14.848206Z
10,NH-352W (Gurugram-Sohna-Alwar Road),highway,2,1,2026-08-19,14599,True,1634,1634,1634,0,0.0,bootstrap,2026-08-17T07:43:15.255459Z
10,NH-352W (Gurugram-Sohna-Alwar Road),highway,2,2,2026-08-19,14599,True,1634,1634,1634,0,0.0,bootstrap,2026-08-17T07:43:15.703963Z
10,NH-352W (Gurugram-Sohna-Alwar Road),highway,2,3,2026-08-19,14599,True,1634,1634,1634,0,0.0,bootstrap,2026-08-17T07:43:16.174028Z
10,NH-352W (Gurugram-Sohna-Alwar Road),highway,2,4,2026-08-19,14599,True,1634,1649,1649,0,0.0091,bootstrap,2026-08-17T07:43:16.713933Z
10,NH-352W (Gurugram-Sohna-Alwar Road),highway,2,5,2026-08-19,14599,True,1634,1652,1652,0,0.0109,bootstrap,2026-08-17T07:43:17.330047Z
10,NH-352W (Gurugram-Sohna-Alwar Road),highway,2,6,2026-08-19,14599,True,1634,1666,1666,0,0.0192,bootstrap,2026-08-17T07:43:17.966898Z
10,NH-352W (Gurugram-Sohna-Alwar Road),highway,2,7,2026-08-19,14599,True,1634,1734,1734,0,0.0577,bootstrap,2026-08-17T07:43:19.449780Z
10,NH-352W (Gurugram-Sohna-Alwar Road),highway,2,8,2026-08-19,14599,True,1634,1849,1849,0,0.1163,bootstrap,2026-08-17T07:43:19.900711Z
10,NH-352W (Gurugram-Sohna-Alwar Road),highway,2,9,2026-08-19,14599,True,1634,1911,1911,0,0.145,bootstrap,2026-08-17T07:43:20.551170Z
10,NH-352W (Gurugram-Sohna-Alwar Road),highway,2,10,2026-08-19,14599,True,1634,1972,1972,0,0.1714,bootstrap,2026-08-17T07:43:21.219211Z
10,NH-352W (Gurugram-Sohna-Alwar Road),highway,2,11,2026-08-19,14599,True,1634,2056,2056,0,0.2053,bootstrap,2026-08-17T07:43:22.581075Z
10,NH-352W (Gurugram-Sohna-Alwar Road),highway,2,12,2026-08-19,14599,True,1634,2080,2080,0,0.2144,bootstrap,2026-08-17T07:43:23.459531Z
10,NH-352W (Gurugram-Sohna-Alwar Road),highway,2,13,2026-08-19,14599,True,1634,2052,2052,0,0.2037,bootstrap,2026-08-17T07:43:24.006933Z
10,NH-352W (Gurugram-Sohna-Alwar Road),highway,2,14,2026-08-19,14599,True,1634,2055,2055,0,0.2049,bootstrap,2026-08-17T07:43:24.586444Z
10,NH-352W (Gurugram-Sohna-Alwar Road),highway,2,15,2026-08-19,14599,True,1634,2075,2075,0,0.2125,bootstrap,2026-08-17T07:43:25.531702Z
10,NH-352W (Gurugram-Sohna-Alwar Road),highway,2,16,2026-08-19,14411,True,1677,2111,2111,0,0.2056,bootstrap,2026-08-17T07:43:25.965169Z
10,NH-352W (Gurugram-Sohna-Alwar Road),highway,2,17,2026-08-19,14411,True,1677,2170,2170,0,0.2272,bootstrap,2026-08-17T07:43:26.434535Z
10,NH-352W (Gurugram-Sohna-Alwar Road),highway,2,18,2026-08-19,14411,True,1677,2195,2195,0,0.236,bootstrap,2026-08-17T07:43:27.375573Z
10,NH-352W (Gurugram-Sohna-Alwar Road),highway,2,19,2026-08-19,14599,True,1634,2143,2143,0,0.2375,bootstrap,2026-08-17T07:43:27.801687Z
10,NH-352W (Gurugram-Sohna-Alwar Road),highway,2,20,2026-08-19,14599,True,1634,1993,1993,0,0.1801,bootstrap,2026-08-17T07:43:28.380107Z
10,NH-352W (Gurugram-Sohna-Alwar Road),highway,2,21,2026-08-19,14599,True,1634,1795,1795,0,0.0897,bootstrap,2026-08-17T07:43:29.009462Z
10,NH-352W (Gurugram-Sohna-Alwar Road),highway,2,22,2026-08-19,14599,True,1634,1634,1634,0,0.0,bootstrap,2026-08-17T07:43:29.470495Z
10,NH-352W (Gurugram-Sohna-Alwar Road),highway,2,23,2026-08-19,14599,True,1634,1634,1634,0,0.0,bootstrap,2026-08-17T07:43:31.356078Z
10,NH-352W (Gurugram-Sohna-Alwar Road),highway,3,0,2026-08-20,14599,True,1634,1634,1634,0,0.0,bootstrap,2026-08-17T07:43:32.397505Z
10,NH-352W (Gurugram-Sohna-Alwar Road),highway,3,1,2026-08-20,14599,True,1634,1634,1634,0,0.0,bootstrap,2026-08-17T07:43:33.130576Z
10,NH-352W (Gurugram-Sohna-Alwar Road),highway,3,2,2026-08-20,14599,True,1634,1634,1634,0,0.0,bootstrap,2026-08-17T07:43:33.614355Z
10,NH-352W (Gurugram-Sohna-Alwar Road),highway,3,3,2026-08-20,14599,True,1634,1634,1634,0,0.0,bootstrap,2026-08-17T07:43:34.104100Z
10,NH-352W (Gurugram-Sohna-Alwar Road),highway,3,4,2026-08-20,14599,True,1634,1649,1649,0,0.0091,bootstrap,2026-08-17T07:43:34.843775Z
10,NH-352W (Gurugram-Sohna-Alwar Road),highway,3,5,2026-08-20,14599,True,1634,1652,1652,0,0.0109,bootstrap,2026-08-17T07:43:35.463823Z
10,NH-352W (Gurugram-Sohna-Alwar Road),highway,3,6,2026-08-20,14599,True,1634,1662,1662,0,0.0168,bootstrap,2026-08-17T07:43:35.966877Z
10,NH-352W (Gurugram-Sohna-Alwar Road),highway,3,7,2026-08-20,14599,True,1634,1717,1717,0,0.0483,bootstrap,2026-08-17T07:43:36.466303Z
10,NH-352W (Gurugram-Sohna-Alwar Road),highway,3,8,2026-08-20,14599,True,1634,1822,1822,0,0.1032,bootstrap,2026-08-17T07:43:36.980955Z
10,NH-352W (Gurugram-Sohna-Alwar Road),highway,3,9,2026-08-20,14599,True,1634,1890,1890,0,0.1354,bootstrap,2026-08-17T07:43:37.510557Z
10,NH-352W (Gurugram-Sohna-Alwar Road),highway,3,10,2026-08-20,14599,True,1634,1950,1950,0,0.1621,bootstrap,2026-08-17T07:43:38.225052Z
10,NH-352W (Gurugram-Sohna-Alwar Road),highway,3,11,2026-08-20,14599,True,1634,2031,2031,0,0.1955,bootstrap,2026-08-17T07:43:38.815796Z
10,NH-352W (Gurugram-Sohna-Alwar Road),highway,3,12,2026-08-20,14599,True,1634,2062,2062,0,0.2076,bootstrap,2026-08-17T07:43:39.234809Z
10,NH-352W (Gurugram-Sohna-Alwar Road),highway,3,13,2026-08-20,14599,True,1634,2036,2036,0,0.1974,bootstrap,2026-08-17T07:43:39.686976Z
10,NH-352W (Gurugram-Sohna-Alwar Road),highway,3,14,2026-08-20,14599,True,1634,2044,2044,0,0.2006,bootstrap,2026-08-17T07:43:40.241114Z
10,NH-352W (Gurugram-Sohna-Alwar Road),highway,3,15,2026-08-20,14599,True,1634,2060,2060,0,0.2068,bootstrap,2026-08-17T07:43:40.742585Z
10,NH-352W (Gurugram-Sohna-Alwar Road),highway,3,16,2026-08-20,14599,True,1634,2099,2099,0,0.2215,bootstrap,2026-08-17T07:43:41.359787Z
10,NH-352W (Gurugram-Sohna-Alwar Road),highway,3,17,2026-08-20,14411,True,1677,2135,2135,0,0.2145,bootstrap,2026-08-17T07:43:41.973751Z
10,NH-352W (Gurugram-Sohna-Alwar Road),highway,3,18,2026-08-20,14411,True,1677,2154,2154,0,0.2214,bootstrap,2026-08-17T07:43:42.795852Z
10,NH-352W (Gurugram-Sohna-Alwar Road),highway,3,19,2026-08-20,14599,True,1634,2103,2103,0,0.223,bootstrap,2026-08-17T07:43:43.310273Z
10,NH-352W (Gurugram-Sohna-Alwar Road),highway,3,20,2026-08-20,14599,True,1634,1966,1966,0,0.1689,bootstrap,2026-08-17T07:43:43.853207Z
10,NH-352W (Gurugram-Sohna-Alwar Road),highway,3,21,2026-08-20,14599,True,1634,1784,1784,0,0.0841,bootstrap,2026-08-17T07:43:44.369902Z
10,NH-352W (Gurugram-Sohna-Alwar Road),highway,3,22,2026-08-20,14599,True,1634,1634,1634,0,0.0,bootstrap,2026-08-17T07:43:44.882494Z
10,NH-352W (Gurugram-Sohna-Alwar Road),highway,3,23,2026-08-20,14599,True,1634,1634,1634,0,0.0,bootstrap,2026-08-17T07:43:45.365715Z
10,NH-352W (Gurugram-Sohna-Alwar Road),highway,4,0,2026-08-21,14599,True,1634,1634,1634,0,0.0,bootstrap,2026-08-17T07:43:45.861434Z
10,NH-352W (Gurugram-Sohna-Alwar Road),highway,4,1,2026-08-21,14599,True,1634,1634,1634,0,0.0,bootstrap,2026-08-17T07:43:46.402630Z
10,NH-352W (Gurugram-Sohna-Alwar Road),highway,4,2,2026-08-21,14599,True,1634,1634,1634,0,0.0,bootstrap,2026-08-17T07:43:46.836007Z
10,NH-352W (Gurugram-Sohna-Alwar Road),highway,4,3,2026-08-21,14599,True,1634,1634,1634,0,0.0,bootstrap,2026-08-17T07:43:47.912998Z
10,NH-352W (Gurugram-Sohna-Alwar Road),highway,4,4,2026-08-21,14599,True,1634,1649,1649,0,0.0091,bootstrap,2026-08-17T07:43:48.356580Z
10,NH-352W (Gurugram-Sohna-Alwar Road),highway,4,5,2026-08-21,14599,True,1634,1652,1652,0,0.0109,bootstrap,2026-08-17T07:43:48.972130Z
10,NH-352W (Gurugram-Sohna-Alwar Road),highway,4,6,2026-08-21,14599,True,1634,1664,1664,0,0.018,bootstrap,2026-08-17T07:43:49.450422Z
10,NH-352W (Gurugram-Sohna-Alwar Road),highway,4,7,2026-08-21,14599,True,1634,1725,1725,0,0.0528,bootstrap,2026-08-17T07:43:49.982805Z
10,NH-352W (Gurugram-Sohna-Alwar Road),highway,4,8,2026-08-21,14599,True,1634,1820,1820,0,0.1022,bootstrap,2026-08-17T07:43:51.154694Z
10,NH-352W (Gurugram-Sohna-Alwar Road),highway,4,9,2026-08-21,14599,True,1634,1882,1882,0,0.1318,bootstrap,2026-08-17T07:43:55.183090Z
10,NH-352W (Gurugram-Sohna-Alwar Road),highway,4,10,2026-08-21,14599,True,1634,1954,1954,0,0.1638,bootstrap,2026-08-17T07:43:55.695906Z
10,NH-352W (Gurugram-Sohna-Alwar Road),highway,4,11,2026-08-21,14599,True,1634,2044,2044,0,0.2006,bootstrap,2026-08-17T07:43:56.124506Z
10,NH-352W (Gurugram-Sohna-Alwar Road),highway,4,12,2026-08-21,14599,True,1634,2072,2072,0,0.2114,bootstrap,2026-08-17T07:43:56.552202Z
10,NH-352W (Gurugram-Sohna-Alwar Road),highway,4,13,2026-08-21,14599,True,1634,2043,2043,0,0.2002,bootstrap,2026-08-17T07:43:56.991743Z
10,NH-352W (Gurugram-Sohna-Alwar Road),highway,4,14,2026-08-21,14599,True,1634,2061,2061,0,0.2072,bootstrap,2026-08-17T07:43:57.452394Z
10,NH-352W (Gurugram-Sohna-Alwar Road),highway,4,15,2026-08-21,14599,True,1634,2085,2085,0,0.2163,bootstrap,2026-08-17T07:43:57.962184Z
10,NH-352W (Gurugram-Sohna-Alwar Road),highway,4,16,2026-08-21,14599,True,1634,2123,2123,0,0.2303,bootstrap,2026-08-17T07:43:58.454526Z
10,NH-352W (Gurugram-Sohna-Alwar Road),highway,4,17,2026-08-21,14599,True,1634,2160,2160,0,0.2435,bootstrap,2026-08-17T07:43:58.867879Z
10,NH-352W (Gurugram-Sohna-Alwar Road),highway,4,18,2026-08-21,14599,True,1634,2158,2158,0,0.2428,bootstrap,2026-08-17T07:43:59.307999Z
10,NH-352W (Gurugram-Sohna-Alwar Road),highway,4,19,2026-08-21,14599,True,1634,2077,2077,0,0.2133,bootstrap,2026-08-17T07:43:59.890281Z
10,NH-352W (Gurugram-Sohna-Alwar Road),highway,4,20,2026-08-21,14599,True,1634,1944,1944,0,0.1595,bootstrap,2026-08-17T07:44:00.308679Z
10,NH-352W (Gurugram-Sohna-Alwar Road),highway,4,21,2026-08-21,14599,True,1634,1774,1774,0,0.0789,bootstrap,2026-08-17T07:44:00.864687Z
10,NH-352W (Gurugram-Sohna-Alwar Road),highway,4,22,2026-08-21,14599,True,1634,1634,1634,0,0.0,bootstrap,2026-08-17T07:44:01.614351Z
10,NH-352W (Gurugram-Sohna-Alwar Road),highway,4,23,2026-08-21,14599,True,1634,1634,1634,0,0.0,bootstrap,2026-08-17T07:44:02.054561Z
10,NH-352W (Gurugram-Sohna-Alwar Road),highway,5,0,2026-08-22,14599,True,1634,1648,1648,0,0.0085,bootstrap,2026-08-17T07:44:02.853381Z
10,NH-352W (Gurugram-Sohna-Alwar Road),highway,5,1,2026-08-22,14599,True,1634,1648,1648,0,0.0085,bootstrap,2026-08-17T07:44:03.415140Z
10,NH-352W (Gurugram-Sohna-Alwar Road),highway,5,2,2026-08-22,14599,True,1634,1648,1648,0,0.0085,bootstrap,2026-08-17T07:44:04.027208Z
10,NH-352W (Gurugram-Sohna-Alwar Road),highway,5,3,2026-08-22,14599,True,1634,1648,1648,0,0.0085,bootstrap,2026-08-17T07:44:04.449460Z
10,NH-352W (Gurugram-Sohna-Alwar Road),highway,5,4,2026-08-22,14599,True,1634,1663,1663,0,0.0174,bootstrap,2026-08-17T07:44:04.957640Z
10,NH-352W (Gurugram-Sohna-Alwar Road),highway,5,5,2026-08-22,14599,True,1634,1666,1666,0,0.0192,bootstrap,2026-08-17T07:44:05.555307Z
10,NH-352W (Gurugram-Sohna-Alwar Road),highway,5,6,2026-08-22,14599,True,1634,1677,1677,0,0.0256,bootstrap,2026-08-17T07:44:05.953654Z
10,NH-352W (Gurugram-Sohna-Alwar Road),highway,5,7,2026-08-22,14599,True,1634,1739,1739,0,0.0604,bootstrap,2026-08-17T07:44:06.465325Z
10,NH-352W (Gurugram-Sohna-Alwar Road),highway,5,8,2026-08-22,14599,True,1634,1849,1849,0,0.1163,bootstrap,2026-08-17T07:44:07.524571Z
10,NH-352W (Gurugram-Sohna-Alwar Road),highway,5,9,2026-08-22,14599,True,1634,1908,1908,0,0.1436,bootstrap,2026-08-17T07:44:08.392355Z
10,NH-352W (Gurugram-Sohna-Alwar Road),highway,5,10,2026-08-22,14599,True,1634,1962,1962,0,0.1672,bootstrap,2026-08-17T07:44:09.356243Z
10,NH-352W (Gurugram-Sohna-Alwar Road),highway,5,11,2026-08-22,14411,True,1677,2026,2026,0,0.1723,bootstrap,2026-08-17T07:44:10.371992Z
10,NH-352W (Gurugram-Sohna-Alwar Road),highway,5,12,2026-08-22,14599,True,1634,2071,2071,0,0.211,bootstrap,2026-08-17T07:44:10.864855Z
10,NH-352W (Gurugram-Sohna-Alwar Road),highway,5,13,2026-08-22,14599,True,1634,2058,2058,0,0.206,bootstrap,2026-08-17T07:44:11.357504Z
10,NH-352W (Gurugram-Sohna-Alwar Road),highway,5,14,2026-08-22,14411,True,1677,2057,2057,0,0.1847,bootstrap,2026-08-17T07:44:11.805724Z
10,NH-352W (Gurugram-Sohna-Alwar Road),highway,5,15,2026-08-22,14411,True,1677,2066,2066,0,0.1883,bootstrap,2026-08-17T07:44:12.227712Z
10,NH-352W (Gurugram-Sohna-Alwar Road),highway,5,16,2026-08-22,14411,True,1677,2095,2095,0,0.1995,bootstrap,2026-08-17T07:44:12.701851Z
10,NH-352W (Gurugram-Sohna-Alwar Road),highway,5,17,2026-08-22,14411,True,1677,2137,2137,0,0.2153,bootstrap,2026-08-17T07:44:13.313034Z
10,NH-352W (Gurugram-Sohna-Alwar Road),highway,5,18,2026-08-22,14599,True,1634,2165,2165,0,0.2453,bootstrap,2026-08-17T07:44:13.785507Z
10,NH-352W (Gurugram-Sohna-Alwar Road),highway,5,19,2026-08-22,14599,True,1634,2097,2097,0,0.2208,bootstrap,2026-08-17T07:44:14.328417Z
10,NH-352W (Gurugram-Sohna-Alwar Road),highway,5,20,2026-08-22,14599,True,1634,1973,1973,0,0.1718,bootstrap,2026-08-17T07:44:14.744253Z
10,NH-352W (Gurugram-Sohna-Alwar Road),highway,5,21,2026-08-22,14599,True,1634,1799,1799,0,0.0917,bootstrap,2026-08-17T07:44:15.188991Z
10,NH-352W (Gurugram-Sohna-Alwar Road),highway,5,22,2026-08-22,14599,True,1634,1648,1648,0,0.0085,bootstrap,2026-08-17T07:44:15.609678Z
10,NH-352W (Gurugram-Sohna-Alwar Road),highway,5,23,2026-08-22,14599,True,1634,1648,1648,0,0.0085,bootstrap,2026-08-17T07:44:16.108144Z
10,NH-352W (Gurugram-Sohna-Alwar Road),highway,6,0,2026-08-23,14599,True,1634,1648,1648,0,0.0085,bootstrap,2026-08-17T07:44:16.582534Z
10,NH-352W (Gurugram-Sohna-Alwar Road),highway,6,1,2026-08-23,14599,True,1634,1648,1648,0,0.0085,bootstrap,2026-08-17T07:44:17.099915Z
10,NH-352W (Gurugram-Sohna-Alwar Road),highway,6,2,2026-08-23,14599,True,1634,1648,1648,0,0.0085,bootstrap,2026-08-17T07:44:17.606917Z
10,NH-352W (Gurugram-Sohna-Alwar Road),highway,6,3,2026-08-23,14599,True,1634,1648,1648,0,0.0085,bootstrap,2026-08-17T07:44:18.164685Z
10,NH-352W (Gurugram-Sohna-Alwar Road),highway,6,4,2026-08-23,14599,True,1634,1657,1657,0,0.0139,bootstrap,2026-08-17T07:44:18.558295Z
10,NH-352W (Gurugram-Sohna-Alwar Road),highway,6,5,2026-08-23,14599,True,1634,1660,1660,0,0.0157,bootstrap,2026-08-17T07:44:19.109679Z
10,NH-352W (Gurugram-Sohna-Alwar Road),highway,6,6,2026-08-23,14599,True,1634,1668,1668,0,0.0204,bootstrap,2026-08-17T07:44:19.698053Z
10,NH-352W (Gurugram-Sohna-Alwar Road),highway,6,7,2026-08-23,14599,True,1634,1701,1701,0,0.0394,bootstrap,2026-08-17T07:44:20.313398Z
10,NH-352W (Gurugram-Sohna-Alwar Road),highway,6,8,2026-08-23,14599,True,1634,1767,1767,0,0.0753,bootstrap,2026-08-17T07:44:20.801373Z
10,NH-352W (Gurugram-Sohna-Alwar Road),highway,6,9,2026-08-23,14599,True,1634,1835,1835,0,0.1095,bootstrap,2026-08-17T07:44:21.293674Z
10,NH-352W (Gurugram-Sohna-Alwar Road),highway,6,10,2026-08-23,14411,True,1677,1892,1892,0,0.1136,bootstrap,2026-08-17T07:44:21.802513Z
10,NH-352W (Gurugram-Sohna-Alwar Road),highway,6,11,2026-08-23,14411,True,1677,1943,1943,0,0.1369,bootstrap,2026-08-17T07:44:22.388073Z
10,NH-352W (Gurugram-Sohna-Alwar Road),highway,6,12,2026-08-23,14411,True,1677,1960,1960,0,0.1444,bootstrap,2026-08-17T07:44:23.085077Z
10,NH-352W (Gurugram-Sohna-Alwar Road),highway,6,13,2026-08-23,14411,True,1677,1945,1945,0,0.1378,bootstrap,2026-08-17T07:44:23.558049Z
10,NH-352W (Gurugram-Sohna-Alwar Road),highway,6,14,2026-08-23,14411,True,1677,1950,1950,0,0.14,bootstrap,2026-08-17T07:44:24.293654Z
10,NH-352W (Gurugram-Sohna-Alwar Road),highway,6,15,2026-08-23,14411,True,1677,1955,1955,0,0.1422,bootstrap,2026-08-17T07:44:24.893343Z
10,NH-352W (Gurugram-Sohna-Alwar Road),highway,6,16,2026-08-23,14411,True,1677,1957,1957,0,0.1431,bootstrap,2026-08-17T07:44:28.094328Z
10,NH-352W (Gurugram-Sohna-Alwar Road),highway,6,17,2026-08-23,14411,True,1677,1953,1953,0,0.1413,bootstrap,2026-08-17T07:44:30.418362Z
10,NH-352W (Gurugram-Sohna-Alwar Road),highway,6,18,2026-08-23,14599,True,1634,1931,1931,0,0.1538,bootstrap,2026-08-17T07:44:32.158664Z
10,NH-352W (Gurugram-Sohna-Alwar Road),highway,6,19,2026-08-23,14599,True,1634,1858,1858,0,0.1206,bootstrap,2026-08-17T07:44:33.202720Z
10,NH-352W (Gurugram-Sohna-Alwar Road),highway,6,20,2026-08-23,14599,True,1634,1789,1789,0,0.0866,bootstrap,2026-08-17T07:44:33.682405Z
10,NH-352W (Gurugram-Sohna-Alwar Road),highway,6,21,2026-08-23,14599,True,1634,1716,1716,0,0.0478,bootstrap,2026-08-17T07:44:34.105537Z
10,NH-352W (Gurugram-Sohna-Alwar Road),highway,6,22,2026-08-23,14599,True,1634,1648,1648,0,0.0085,bootstrap,2026-08-17T07:44:34.552295Z
10,NH-352W (Gurugram-Sohna-Alwar Road),highway,6,23,2026-08-23,14599,True,1634,1648,1648,0,0.0085,bootstrap,2026-08-17T07:44:35.031775Z
11,Old Delhi-Gurgaon Road,highway,0,0,2026-08-17,15258,True,1320,1320,1288,0,0.0,bootstrap,2026-08-17T07:44:35.442684Z
11,Old Delhi-Gurgaon Road,highway,0,1,2026-08-17,15258,True,1320,1320,1288,0,0.0,bootstrap,2026-08-17T07:44:35.855773Z
11,Old Delhi-Gurgaon Road,highway,0,2,2026-08-17,15258,True,1320,1320,1288,0,0.0,bootstrap,2026-08-17T07:44:36.248706Z
11,Old Delhi-Gurgaon Road,highway,0,3,2026-08-17,15258,True,1320,1320,1288,0,0.0,bootstrap,2026-08-17T07:44:36.774603Z
11,Old Delhi-Gurgaon Road,highway,0,4,2026-08-17,15258,True,1320,1333,1301,0,0.0098,bootstrap,2026-08-17T07:44:37.173718Z
11,Old Delhi-Gurgaon Road,highway,0,5,2026-08-17,15258,True,1320,1335,1304,0,0.0112,bootstrap,2026-08-17T07:44:37.951075Z
11,Old Delhi-Gurgaon Road,highway,0,6,2026-08-17,15258,True,1320,1344,1312,0,0.0179,bootstrap,2026-08-17T07:44:38.536306Z
11,Old Delhi-Gurgaon Road,highway,0,7,2026-08-17,15258,True,1320,1419,1382,0,0.0698,bootstrap,2026-08-17T07:44:39.265918Z
11,Old Delhi-Gurgaon Road,highway,0,8,2026-08-17,15258,True,1320,1580,1518,0,0.1646,bootstrap,2026-08-17T07:44:39.665403Z
11,Old Delhi-Gurgaon Road,highway,0,9,2026-08-17,15258,True,1320,1609,1548,0,0.1796,bootstrap,2026-08-17T07:44:40.550645Z
11,Old Delhi-Gurgaon Road,highway,0,10,2026-08-17,15258,True,1320,1595,1531,0,0.1724,bootstrap,2026-08-17T07:44:40.982339Z
11,Old Delhi-Gurgaon Road,highway,0,11,2026-08-17,15258,True,1320,1624,1551,0,0.1872,bootstrap,2026-08-17T07:44:41.478479Z
11,Old Delhi-Gurgaon Road,highway,0,12,2026-08-17,15258,True,1320,1619,1553,0,0.1847,bootstrap,2026-08-17T07:44:42.025386Z
11,Old Delhi-Gurgaon Road,highway,0,13,2026-08-17,15258,True,1320,1587,1589,49,0.1682,bootstrap,2026-08-17T07:44:42.547584Z
11,Old Delhi-Gurgaon Road,highway,0,14,2026-08-17,15258,True,1320,1592,1523,0,0.1709,bootstrap,2026-08-17T07:44:42.922487Z
11,Old Delhi-Gurgaon Road,highway,0,15,2026-08-17,15258,True,1320,1654,1569,0,0.2019,bootstrap,2026-08-17T07:44:43.440903Z
11,Old Delhi-Gurgaon Road,highway,0,16,2026-08-17,15258,True,1320,1788,1656,0,0.2617,bootstrap,2026-08-17T07:44:44.290764Z
11,Old Delhi-Gurgaon Road,highway,0,17,2026-08-17,15258,True,1320,2074,1836,0,0.3635,bootstrap,2026-08-17T07:44:44.769300Z
11,Old Delhi-Gurgaon Road,highway,0,18,2026-08-17,15285,True,1391,2262,1984,0,0.3851,bootstrap,2026-08-17T07:44:46.516578Z
11,Old Delhi-Gurgaon Road,highway,0,19,2026-08-17,15285,True,1391,2161,1942,0,0.3563,bootstrap,2026-08-17T07:44:48.783819Z
11,Old Delhi-Gurgaon Road,highway,0,20,2026-08-17,15258,True,1320,1796,1678,0,0.265,bootstrap,2026-08-17T07:44:54.417826Z
11,Old Delhi-Gurgaon Road,highway,0,21,2026-08-17,15258,True,1320,1481,1442,0,0.1087,bootstrap,2026-08-17T07:44:54.987804Z
11,Old Delhi-Gurgaon Road,highway,0,22,2026-08-17,15258,True,1320,1320,1288,0,0.0,bootstrap,2026-08-17T07:44:55.434730Z
11,Old Delhi-Gurgaon Road,highway,0,23,2026-08-17,15258,True,1320,1320,1288,0,0.0,bootstrap,2026-08-17T07:44:55.826691Z
11,Old Delhi-Gurgaon Road,highway,1,0,2026-08-18,15258,True,1320,1320,1288,0,0.0,bootstrap,2026-08-17T07:44:56.319811Z
11,Old Delhi-Gurgaon Road,highway,1,1,2026-08-18,15258,True,1320,1320,1288,0,0.0,bootstrap,2026-08-17T07:44:56.768601Z
11,Old Delhi-Gurgaon Road,highway,1,2,2026-08-18,15258,True,1320,1320,1288,0,0.0,bootstrap,2026-08-17T07:44:57.286183Z
11,Old Delhi-Gurgaon Road,highway,1,3,2026-08-18,15258,True,1320,1320,1288,0,0.0,bootstrap,2026-08-17T07:44:57.756226Z
11,Old Delhi-Gurgaon Road,highway,1,4,2026-08-18,15258,True,1320,1333,1333,0,0.0098,bootstrap,2026-08-17T07:44:58.168306Z
11,Old Delhi-Gurgaon Road,highway,1,5,2026-08-18,15258,True,1320,1336,1336,0,0.012,bootstrap,2026-08-17T07:44:58.600071Z
11,Old Delhi-Gurgaon Road,highway,1,6,2026-08-18,15258,True,1320,1345,1345,0,0.0186,bootstrap,2026-08-17T07:45:00.012083Z
11,Old Delhi-Gurgaon Road,highway,1,7,2026-08-18,15258,True,1320,1428,1428,0,0.0756,bootstrap,2026-08-17T07:45:00.438890Z
11,Old Delhi-Gurgaon Road,highway,1,8,2026-08-18,15258,True,1320,1605,1605,0,0.1776,bootstrap,2026-08-17T07:45:00.890183Z
11,Old Delhi-Gurgaon Road,highway,1,9,2026-08-18,15258,True,1320,1635,1635,0,0.1927,bootstrap,2026-08-17T07:45:01.435670Z
11,Old Delhi-Gurgaon Road,highway,1,10,2026-08-18,15258,True,1320,1619,1619,0,0.1847,bootstrap,2026-08-17T07:45:01.915012Z
11,Old Delhi-Gurgaon Road,highway,1,11,2026-08-18,15258,True,1320,1651,1651,0,0.2005,bootstrap,2026-08-17T07:45:02.382447Z
11,Old Delhi-Gurgaon Road,highway,1,12,2026-08-18,15258,True,1320,1646,1646,0,0.1981,bootstrap,2026-08-17T07:45:02.903280Z
11,Old Delhi-Gurgaon Road,highway,1,13,2026-08-18,15258,True,1320,1613,1613,0,0.1816,bootstrap,2026-08-17T07:45:03.395677Z
11,Old Delhi-Gurgaon Road,highway,1,14,2026-08-18,15258,True,1320,1622,1622,0,0.1862,bootstrap,2026-08-17T07:45:04.244098Z
11,Old Delhi-Gurgaon Road,highway,1,15,2026-08-18,15258,True,1320,1687,1687,0,0.2175,bootstrap,2026-08-17T07:45:04.869607Z
11,Old Delhi-Gurgaon Road,highway,1,16,2026-08-18,15258,True,1320,1828,1828,0,0.2779,bootstrap,2026-08-17T07:45:05.459974Z
11,Old Delhi-Gurgaon Road,highway,1,17,2026-08-18,15285,True,1391,2074,2074,0,0.3293,bootstrap,2026-08-17T07:45:05.991285Z
11,Old Delhi-Gurgaon Road,highway,1,18,2026-08-18,15285,True,1391,2366,2366,0,0.4121,bootstrap,2026-08-17T07:45:06.385118Z
11,Old Delhi-Gurgaon Road,highway,1,19,2026-08-18,14888,False,1482,2151,2151,0,0.311,bootstrap,2026-08-17T07:45:06.929112Z
11,Old Delhi-Gurgaon Road,highway,1,20,2026-08-18,15258,True,1320,1816,1816,0,0.2731,bootstrap,2026-08-17T07:45:07.906026Z
11,Old Delhi-Gurgaon Road,highway,1,21,2026-08-18,15258,True,1320,1487,1487,0,0.1123,bootstrap,2026-08-17T07:45:08.408909Z
11,Old Delhi-Gurgaon Road,highway,1,22,2026-08-18,15258,True,1320,1320,1320,0,0.0,bootstrap,2026-08-17T07:45:10.567386Z
11,Old Delhi-Gurgaon Road,highway,1,23,2026-08-18,15258,True,1320,1320,1320,0,0.0,bootstrap,2026-08-17T07:45:12.743976Z
11,Old Delhi-Gurgaon Road,highway,2,0,2026-08-19,15258,True,1320,1320,1320,0,0.0,bootstrap,2026-08-17T07:45:13.429418Z
11,Old Delhi-Gurgaon Road,highway,2,1,2026-08-19,15258,True,1320,1320,1320,0,0.0,bootstrap,2026-08-17T07:45:13.838347Z
11,Old Delhi-Gurgaon Road,highway,2,2,2026-08-19,15258,True,1320,1320,1320,0,0.0,bootstrap,2026-08-17T07:45:14.266021Z
11,Old Delhi-Gurgaon Road,highway,2,3,2026-08-19,15258,True,1320,1320,1320,0,0.0,bootstrap,2026-08-17T07:45:14.777654Z
11,Old Delhi-Gurgaon Road,highway,2,4,2026-08-19,15258,True,1320,1333,1333,0,0.0098,bootstrap,2026-08-17T07:45:15.362219Z
11,Old Delhi-Gurgaon Road,highway,2,5,2026-08-19,15258,True,1320,1336,1336,0,0.012,bootstrap,2026-08-17T07:45:15.819447Z
11,Old Delhi-Gurgaon Road,highway,2,6,2026-08-19,15258,True,1320,1347,1347,0,0.02,bootstrap,2026-08-17T07:45:16.313199Z
11,Old Delhi-Gurgaon Road,highway,2,7,2026-08-19,15258,True,1320,1440,1440,0,0.0833,bootstrap,2026-08-17T07:45:16.832428Z
11,Old Delhi-Gurgaon Road,highway,2,8,2026-08-19,15258,True,1320,1628,1628,0,0.1892,bootstrap,2026-08-17T07:45:17.234064Z
11,Old Delhi-Gurgaon Road,highway,2,9,2026-08-19,15258,True,1320,1653,1653,0,0.2015,bootstrap,2026-08-17T07:45:17.642537Z
11,Old Delhi-Gurgaon Road,highway,2,10,2026-08-19,15258,True,1320,1639,1639,0,0.1946,bootstrap,2026-08-17T07:45:18.199162Z
11,Old Delhi-Gurgaon Road,highway,2,11,2026-08-19,15258,True,1320,1673,1673,0,0.211,bootstrap,2026-08-17T07:45:20.219109Z
11,Old Delhi-Gurgaon Road,highway,2,12,2026-08-19,15258,True,1320,1670,1670,0,0.2096,bootstrap,2026-08-17T07:45:20.683903Z
11,Old Delhi-Gurgaon Road,highway,2,13,2026-08-19,15258,True,1320,1636,1636,0,0.1932,bootstrap,2026-08-17T07:45:21.254193Z
11,Old Delhi-Gurgaon Road,highway,2,14,2026-08-19,15258,True,1320,1640,1640,0,0.1951,bootstrap,2026-08-17T07:45:21.859695Z
11,Old Delhi-Gurgaon Road,highway,2,15,2026-08-19,15258,True,1320,1711,1711,0,0.2285,bootstrap,2026-08-17T07:45:22.578017Z
11,Old Delhi-Gurgaon Road,highway,2,16,2026-08-19,15258,True,1320,1860,1860,0,0.2903,bootstrap,2026-08-17T07:45:23.042175Z
11,Old Delhi-Gurgaon Road,highway,2,17,2026-08-19,15285,True,1391,2110,2110,0,0.3408,bootstrap,2026-08-17T07:45:23.969498Z
11,Old Delhi-Gurgaon Road,highway,2,18,2026-08-19,14888,False,1482,2303,2303,0,0.3565,bootstrap,2026-08-17T07:45:24.423203Z
11,Old Delhi-Gurgaon Road,highway,2,19,2026-08-19,14888,False,1482,2149,2149,0,0.3104,bootstrap,2026-08-17T07:45:24.991365Z
11,Old Delhi-Gurgaon Road,highway,2,20,2026-08-19,15258,True,1320,1821,1821,0,0.2751,bootstrap,2026-08-17T07:45:25.771512Z
11,Old Delhi-Gurgaon Road,highway,2,21,2026-08-19,15258,True,1320,1490,1490,0,0.1141,bootstrap,2026-08-17T07:45:26.327794Z
11,Old Delhi-Gurgaon Road,highway,2,22,2026-08-19,15258,True,1320,1320,1320,0,0.0,bootstrap,2026-08-17T07:45:26.971342Z
11,Old Delhi-Gurgaon Road,highway,2,23,2026-08-19,15258,True,1320,1320,1320,0,0.0,bootstrap,2026-08-17T07:45:27.442545Z
11,Old Delhi-Gurgaon Road,highway,3,0,2026-08-20,15258,True,1320,1320,1320,0,0.0,bootstrap,2026-08-17T07:45:27.904924Z
11,Old Delhi-Gurgaon Road,highway,3,1,2026-08-20,15258,True,1320,1320,1320,0,0.0,bootstrap,2026-08-17T07:45:28.538610Z
11,Old Delhi-Gurgaon Road,highway,3,2,2026-08-20,15258,True,1320,1320,1320,0,0.0,bootstrap,2026-08-17T07:45:29.302959Z
11,Old Delhi-Gurgaon Road,highway,3,3,2026-08-20,15258,True,1320,1320,1320,0,0.0,bootstrap,2026-08-17T07:45:29.954195Z
11,Old Delhi-Gurgaon Road,highway,3,4,2026-08-20,15258,True,1320,1333,1333,0,0.0098,bootstrap,2026-08-17T07:45:30.551032Z
11,Old Delhi-Gurgaon Road,highway,3,5,2026-08-20,15258,True,1320,1336,1336,0,0.012,bootstrap,2026-08-17T07:45:30.957051Z
11,Old Delhi-Gurgaon Road,highway,3,6,2026-08-20,15258,True,1320,1345,1345,0,0.0186,bootstrap,2026-08-17T07:45:31.448052Z
11,Old Delhi-Gurgaon Road,highway,3,7,2026-08-20,15258,True,1320,1424,1424,0,0.073,bootstrap,2026-08-17T07:45:31.971374Z
11,Old Delhi-Gurgaon Road,highway,3,8,2026-08-20,15258,True,1320,1594,1594,0,0.1719,bootstrap,2026-08-17T07:45:32.453014Z
11,Old Delhi-Gurgaon Road,highway,3,9,2026-08-20,15258,True,1320,1621,1621,0,0.1857,bootstrap,2026-08-17T07:45:33.031390Z
11,Old Delhi-Gurgaon Road,highway,3,10,2026-08-20,15258,True,1320,1612,1612,0,0.1811,bootstrap,2026-08-17T07:45:33.740784Z
11,Old Delhi-Gurgaon Road,highway,3,11,2026-08-20,15258,True,1320,1644,1644,0,0.1971,bootstrap,2026-08-17T07:45:34.559010Z
11,Old Delhi-Gurgaon Road,highway,3,12,2026-08-20,15258,True,1320,1643,1643,0,0.1966,bootstrap,2026-08-17T07:45:35.066405Z
11,Old Delhi-Gurgaon Road,highway,3,13,2026-08-20,15258,True,1320,1617,1617,0,0.1837,bootstrap,2026-08-17T07:45:35.473846Z
11,Old Delhi-Gurgaon Road,highway,3,14,2026-08-20,15258,True,1320,1627,1627,0,0.1887,bootstrap,2026-08-17T07:45:35.890137Z
11,Old Delhi-Gurgaon Road,highway,3,15,2026-08-20,15258,True,1320,1688,1688,0,0.218,bootstrap,2026-08-17T07:45:36.303257Z
11,Old Delhi-Gurgaon Road,highway,3,16,2026-08-20,15258,True,1320,1814,1814,0,0.2723,bootstrap,2026-08-17T07:45:36.976967Z
11,Old Delhi-Gurgaon Road,highway,3,17,2026-08-20,15285,True,1391,2019,2019,0,0.311,bootstrap,2026-08-17T07:45:37.521393Z
11,Old Delhi-Gurgaon Road,highway,3,18,2026-08-20,14888,False,1482,2187,2187,0,0.3224,bootstrap,2026-08-17T07:45:38.195504Z
11,Old Delhi-Gurgaon Road,highway,3,19,2026-08-20,14888,False,1482,2065,2065,0,0.2823,bootstrap,2026-08-17T07:45:39.145921Z
11,Old Delhi-Gurgaon Road,highway,3,20,2026-08-20,15258,True,1320,1794,1794,0,0.2642,bootstrap,2026-08-17T07:45:39.673618Z
11,Old Delhi-Gurgaon Road,highway,3,21,2026-08-20,15258,True,1320,1484,1484,0,0.1105,bootstrap,2026-08-17T07:45:40.087985Z
11,Old Delhi-Gurgaon Road,highway,3,22,2026-08-20,15258,True,1320,1320,1320,0,0.0,bootstrap,2026-08-17T07:45:40.791824Z
11,Old Delhi-Gurgaon Road,highway,3,23,2026-08-20,15258,True,1320,1320,1320,0,0.0,bootstrap,2026-08-17T07:45:43.766354Z
11,Old Delhi-Gurgaon Road,highway,4,0,2026-08-21,15258,True,1320,1320,1320,0,0.0,bootstrap,2026-08-17T07:45:44.755478Z
11,Old Delhi-Gurgaon Road,highway,4,1,2026-08-21,15258,True,1320,1320,1320,0,0.0,bootstrap,2026-08-17T07:45:46.226878Z
11,Old Delhi-Gurgaon Road,highway,4,2,2026-08-21,15258,True,1320,1320,1320,0,0.0,bootstrap,2026-08-17T07:45:47.005349Z
11,Old Delhi-Gurgaon Road,highway,4,3,2026-08-21,15258,True,1320,1320,1320,0,0.0,bootstrap,2026-08-17T07:45:47.764240Z
11,Old Delhi-Gurgaon Road,highway,4,4,2026-08-21,15258,True,1320,1333,1333,0,0.0098,bootstrap,2026-08-17T07:45:48.274557Z
11,Old Delhi-Gurgaon Road,highway,4,5,2026-08-21,15258,True,1320,1335,1335,0,0.0112,bootstrap,2026-08-17T07:45:48.694626Z
11,Old Delhi-Gurgaon Road,highway,4,6,2026-08-21,15258,True,1320,1345,1345,0,0.0186,bootstrap,2026-08-17T07:45:49.509221Z
11,Old Delhi-Gurgaon Road,highway,4,7,2026-08-21,15258,True,1320,1425,1425,0,0.0737,bootstrap,2026-08-17T07:45:50.185853Z
11,Old Delhi-Gurgaon Road,highway,4,8,2026-08-21,15258,True,1320,1580,1580,0,0.1646,bootstrap,2026-08-17T07:45:54.279109Z
11,Old Delhi-Gurgaon Road,highway,4,9,2026-08-21,15258,True,1320,1601,1601,0,0.1755,bootstrap,2026-08-17T07:45:54.696326Z
11,Old Delhi-Gurgaon Road,highway,4,10,2026-08-21,15258,True,1320,1585,1585,0,0.1672,bootstrap,2026-08-17T07:45:56.147571Z
11,Old Delhi-Gurgaon Road,highway,4,11,2026-08-21,15258,True,1320,1612,1612,0,0.1811,bootstrap,2026-08-17T07:45:57.561003Z
11,Old Delhi-Gurgaon Road,highway,4,12,2026-08-21,15258,True,1320,1614,1614,0,0.1822,bootstrap,2026-08-17T07:45:57.984124Z
11,Old Delhi-Gurgaon Road,highway,4,13,2026-08-21,15258,True,1320,1587,1587,0,0.1682,bootstrap,2026-08-17T07:45:58.481728Z
11,Old Delhi-Gurgaon Road,highway,4,14,2026-08-21,15258,True,1320,1590,1590,0,0.1698,bootstrap,2026-08-17T07:45:59.103593Z
11,Old Delhi-Gurgaon Road,highway,4,15,2026-08-21,15258,True,1320,1654,1654,0,0.2019,bootstrap,2026-08-17T07:45:59.769581Z
11,Old Delhi-Gurgaon Road,highway,4,16,2026-08-21,15258,True,1320,1792,1792,0,0.2634,bootstrap,2026-08-17T07:46:00.572406Z
11,Old Delhi-Gurgaon Road,highway,4,17,2026-08-21,15285,True,1391,2022,2022,0,0.3121,bootstrap,2026-08-17T07:46:01.065772Z
11,Old Delhi-Gurgaon Road,highway,4,18,2026-08-21,14888,False,1482,2193,2193,0,0.3242,bootstrap,2026-08-17T07:46:01.583484Z
11,Old Delhi-Gurgaon Road,highway,4,19,2026-08-21,14888,False,1482,2083,2083,0,0.2885,bootstrap,2026-08-17T07:46:21.122408Z
11,Old Delhi-Gurgaon Road,highway,4,20,2026-08-21,15258,True,1320,1808,1808,0,0.2699,bootstrap,2026-08-17T07:46:21.567708Z
11,Old Delhi-Gurgaon Road,highway,4,21,2026-08-21,15258,True,1320,1485,1485,0,0.1111,bootstrap,2026-08-17T07:46:22.089394Z
11,Old Delhi-Gurgaon Road,highway,4,22,2026-08-21,15258,True,1320,1320,1320,0,0.0,bootstrap,2026-08-17T07:46:22.604121Z
11,Old Delhi-Gurgaon Road,highway,4,23,2026-08-21,15258,True,1320,1320,1320,0,0.0,bootstrap,2026-08-17T07:46:23.400039Z
11,Old Delhi-Gurgaon Road,highway,5,0,2026-08-22,15258,True,1320,1320,1320,0,0.0,bootstrap,2026-08-17T07:46:24.533366Z
11,Old Delhi-Gurgaon Road,highway,5,1,2026-08-22,15258,True,1320,1320,1320,0,0.0,bootstrap,2026-08-17T07:46:24.941946Z
11,Old Delhi-Gurgaon Road,highway,5,2,2026-08-22,15258,True,1320,1320,1320,0,0.0,bootstrap,2026-08-17T07:46:25.547268Z
11,Old Delhi-Gurgaon Road,highway,5,3,2026-08-22,15258,True,1320,1320,1320,0,0.0,bootstrap,2026-08-17T07:46:26.056747Z
11,Old Delhi-Gurgaon Road,highway,5,4,2026-08-22,15258,True,1320,1332,1332,0,0.009,bootstrap,2026-08-17T07:46:26.578233Z
11,Old Delhi-Gurgaon Road,highway,5,5,2026-08-22,15258,True,1320,1334,1334,0,0.0105,bootstrap,2026-08-17T07:46:27.201234Z
11,Old Delhi-Gurgaon Road,highway,5,6,2026-08-22,15258,True,1320,1337,1337,0,0.0127,bootstrap,2026-08-17T07:46:27.704509Z
11,Old Delhi-Gurgaon Road,highway,5,7,2026-08-22,15258,True,1320,1363,1363,0,0.0315,bootstrap,2026-08-17T07:46:28.221424Z
11,Old Delhi-Gurgaon Road,highway,5,8,2026-08-22,15258,True,1320,1406,1406,0,0.0612,bootstrap,2026-08-17T07:46:28.707787Z
11,Old Delhi-Gurgaon Road,highway,5,9,2026-08-22,15258,True,1320,1426,1426,0,0.0743,bootstrap,2026-08-17T07:46:29.157398Z
11,Old Delhi-Gurgaon Road,highway,5,10,2026-08-22,15258,True,1320,1439,1439,0,0.0827,bootstrap,2026-08-17T07:46:29.927157Z
11,Old Delhi-Gurgaon Road,highway,5,11,2026-08-22,15258,True,1320,1470,1470,0,0.102,bootstrap,2026-08-17T07:46:30.360981Z
11,Old Delhi-Gurgaon Road,highway,5,12,2026-08-22,15258,True,1320,1492,1492,0,0.1153,bootstrap,2026-08-17T07:46:30.942670Z
11,Old Delhi-Gurgaon Road,highway,5,13,2026-08-22,15258,True,1320,1496,1496,0,0.1176,bootstrap,2026-08-17T07:46:31.354002Z
11,Old Delhi-Gurgaon Road,highway,5,14,2026-08-22,15258,True,1320,1505,1505,0,0.1229,bootstrap,2026-08-17T07:46:31.868796Z
11,Old Delhi-Gurgaon Road,highway,5,15,2026-08-22,15258,True,1320,1519,1519,0,0.131,bootstrap,2026-08-17T07:46:32.880350Z
11,Old Delhi-Gurgaon Road,highway,5,16,2026-08-22,15258,True,1320,1536,1536,0,0.1406,bootstrap,2026-08-17T07:46:33.317767Z
11,Old Delhi-Gurgaon Road,highway,5,17,2026-08-22,15258,True,1320,1575,1575,0,0.1619,bootstrap,2026-08-17T07:46:35.361373Z
11,Old Delhi-Gurgaon Road,highway,5,18,2026-08-22,15258,True,1320,1614,1614,0,0.1822,bootstrap,2026-08-17T07:46:37.529247Z
11,Old Delhi-Gurgaon Road,highway,5,19,2026-08-22,15141,True,1350,1578,1578,0,0.1445,bootstrap,2026-08-17T07:46:39.434018Z
11,Old Delhi-Gurgaon Road,highway,5,20,2026-08-22,15258,True,1320,1510,1510,0,0.1258,bootstrap,2026-08-17T07:46:39.963176Z
11,Old Delhi-Gurgaon Road,highway,5,21,2026-08-22,15258,True,1320,1411,1411,0,0.0645,bootstrap,2026-08-17T07:46:40.351581Z
11,Old Delhi-Gurgaon Road,highway,5,22,2026-08-22,15258,True,1320,1320,1320,0,0.0,bootstrap,2026-08-17T07:46:40.768408Z
11,Old Delhi-Gurgaon Road,highway,5,23,2026-08-22,15258,True,1320,1320,1320,0,0.0,bootstrap,2026-08-17T07:46:41.303125Z
11,Old Delhi-Gurgaon Road,highway,6,0,2026-08-23,15258,True,1320,1320,1320,0,0.0,bootstrap,2026-08-17T07:46:41.996955Z
11,Old Delhi-Gurgaon Road,highway,6,1,2026-08-23,15258,True,1320,1320,1320,0,0.0,bootstrap,2026-08-17T07:46:42.437523Z
11,Old Delhi-Gurgaon Road,highway,6,2,2026-08-23,15258,True,1320,1320,1320,0,0.0,bootstrap,2026-08-17T07:46:43.033400Z
11,Old Delhi-Gurgaon Road,highway,6,3,2026-08-23,15258,True,1320,1320,1320,0,0.0,bootstrap,2026-08-17T07:46:43.760487Z
11,Old Delhi-Gurgaon Road,highway,6,4,2026-08-23,15258,True,1320,1327,1327,0,0.0053,bootstrap,2026-08-17T07:46:44.247173Z
11,Old Delhi-Gurgaon Road,highway,6,5,2026-08-23,15258,True,1320,1328,1328,0,0.006,bootstrap,2026-08-17T07:46:44.656792Z
11,Old Delhi-Gurgaon Road,highway,6,6,2026-08-23,15258,True,1320,1332,1332,0,0.009,bootstrap,2026-08-17T07:46:45.907000Z
11,Old Delhi-Gurgaon Road,highway,6,7,2026-08-23,15258,True,1320,1356,1356,0,0.0265,bootstrap,2026-08-17T07:46:46.515746Z
11,Old Delhi-Gurgaon Road,highway,6,8,2026-08-23,15258,True,1320,1396,1396,0,0.0544,bootstrap,2026-08-17T07:46:46.996589Z
11,Old Delhi-Gurgaon Road,highway,6,9,2026-08-23,15258,True,1320,1400,1400,0,0.0571,bootstrap,2026-08-17T07:46:47.440659Z
11,Old Delhi-Gurgaon Road,highway,6,10,2026-08-23,15258,True,1320,1396,1396,0,0.0544,bootstrap,2026-08-17T07:46:47.937743Z
11,Old Delhi-Gurgaon Road,highway,6,11,2026-08-23,15258,True,1320,1402,1402,0,0.0585,bootstrap,2026-08-17T07:46:48.356158Z
11,Old Delhi-Gurgaon Road,highway,6,12,2026-08-23,15258,True,1320,1405,1405,0,0.0605,bootstrap,2026-08-17T07:46:48.884494Z
11,Old Delhi-Gurgaon Road,highway,6,13,2026-08-23,15258,True,1320,1401,1401,0,0.0578,bootstrap,2026-08-17T07:46:49.589020Z
11,Old Delhi-Gurgaon Road,highway,6,14,2026-08-23,15258,True,1320,1397,1397,0,0.0551,bootstrap,2026-08-17T07:46:50.015026Z
11,Old Delhi-Gurgaon Road,highway,6,15,2026-08-23,15258,True,1320,1403,1403,0,0.0592,bootstrap,2026-08-17T07:46:50.508301Z
11,Old Delhi-Gurgaon Road,highway,6,16,2026-08-23,15258,True,1320,1422,1422,0,0.0717,bootstrap,2026-08-17T07:46:51.022495Z
11,Old Delhi-Gurgaon Road,highway,6,17,2026-08-23,15258,True,1320,1459,1459,0,0.0953,bootstrap,2026-08-17T07:46:51.948295Z
11,Old Delhi-Gurgaon Road,highway,6,18,2026-08-23,15141,True,1350,1473,1473,0,0.0835,bootstrap,2026-08-17T07:46:52.876821Z
11,Old Delhi-Gurgaon Road,highway,6,19,2026-08-23,15141,True,1350,1447,1447,0,0.067,bootstrap,2026-08-17T07:46:53.704433Z
11,Old Delhi-Gurgaon Road,highway,6,20,2026-08-23,15258,True,1320,1422,1422,0,0.0717,bootstrap,2026-08-17T07:46:54.299485Z
11,Old Delhi-Gurgaon Road,highway,6,21,2026-08-23,15258,True,1320,1362,1362,0,0.0308,bootstrap,2026-08-17T07:46:54.832316Z
11,Old Delhi-Gurgaon Road,highway,6,22,2026-08-23,15258,True,1320,1320,1320,0,0.0,bootstrap,2026-08-17T07:46:55.544772Z
11,Old Delhi-Gurgaon Road,highway,6,23,2026-08-23,15258,True,1320,1320,1320,0,0.0,bootstrap,2026-08-17T07:46:56.362305Z
12,Pataudi Road,highway,0,0,2026-08-17,30038,True,2875,2875,2820,0,0.0,bootstrap,2026-08-17T07:46:56.807527Z
12,Pataudi Road,highway,0,1,2026-08-17,30038,True,2875,2875,2820,0,0.0,bootstrap,2026-08-17T07:46:57.267186Z
12,Pataudi Road,highway,0,2,2026-08-17,30038,True,2875,2875,2820,0,0.0,bootstrap,2026-08-17T07:46:57.681275Z
12,Pataudi Road,highway,0,3,2026-08-17,30038,True,2875,2875,2820,0,0.0,bootstrap,2026-08-17T07:46:58.180630Z
12,Pataudi Road,highway,0,4,2026-08-17,30038,True,2875,2905,2849,0,0.0103,bootstrap,2026-08-17T07:46:58.651072Z
12,Pataudi Road,highway,0,5,2026-08-17,30038,True,2875,2908,2852,0,0.0113,bootstrap,2026-08-17T07:46:59.233876Z
12,Pataudi Road,highway,0,6,2026-08-17,30038,True,2875,2933,2874,0,0.0198,bootstrap,2026-08-17T07:46:59.838944Z
12,Pataudi Road,highway,0,7,2026-08-17,29860,True,2890,3050,2972,0,0.0525,bootstrap,2026-08-17T07:47:00.254183Z
12,Pataudi Road,highway,0,8,2026-08-17,29860,True,2890,3152,3060,0,0.0831,bootstrap,2026-08-17T07:47:00.681132Z
12,Pataudi Road,highway,0,9,2026-08-17,30038,True,2875,3143,3053,0,0.0853,bootstrap,2026-08-17T07:47:01.281821Z
12,Pataudi Road,highway,0,10,2026-08-17,30038,True,2875,3148,3060,0,0.0867,bootstrap,2026-08-17T07:47:01.782397Z
12,Pataudi Road,highway,0,11,2026-08-17,30038,True,2875,3175,3083,0,0.0945,bootstrap,2026-08-17T07:47:02.233478Z
12,Pataudi Road,highway,0,12,2026-08-17,30038,True,2875,3171,3080,0,0.0933,bootstrap,2026-08-17T07:47:03.406366Z
12,Pataudi Road,highway,0,13,2026-08-17,30038,True,2875,3151,3062,0,0.0876,bootstrap,2026-08-17T07:47:03.954703Z
12,Pataudi Road,highway,0,14,2026-08-17,30038,True,2875,3139,3047,0,0.0841,bootstrap,2026-08-17T07:47:04.366276Z
12,Pataudi Road,highway,0,15,2026-08-17,30038,True,2875,3143,3051,0,0.0853,bootstrap,2026-08-17T07:47:04.758900Z
12,Pataudi Road,highway,0,16,2026-08-17,30038,True,2875,3191,3094,0,0.099,bootstrap,2026-08-17T07:47:05.253997Z
12,Pataudi Road,highway,0,17,2026-08-17,30038,True,2875,3280,3172,0,0.1235,bootstrap,2026-08-17T07:47:05.699325Z
12,Pataudi Road,highway,0,18,2026-08-17,30601,True,2891,3311,3204,0,0.1268,bootstrap,2026-08-17T07:47:06.177330Z
12,Pataudi Road,highway,0,19,2026-08-17,30423,True,2906,3279,3188,0,0.1138,bootstrap,2026-08-17T07:47:06.638991Z
12,Pataudi Road,highway,0,20,2026-08-17,30423,True,2906,3182,3107,0,0.0867,bootstrap,2026-08-17T07:47:07.224994Z
12,Pataudi Road,highway,0,21,2026-08-17,29860,True,2890,3012,2954,0,0.0405,bootstrap,2026-08-17T07:47:07.725484Z
12,Pataudi Road,highway,0,22,2026-08-17,30038,True,2875,2875,2820,0,0.0,bootstrap,2026-08-17T07:47:08.123957Z
12,Pataudi Road,highway,0,23,2026-08-17,30038,True,2875,2875,2820,0,0.0,bootstrap,2026-08-17T07:47:08.647986Z
12,Pataudi Road,highway,1,0,2026-08-18,30038,True,2875,2875,2820,0,0.0,bootstrap,2026-08-17T07:47:09.096108Z
12,Pataudi Road,highway,1,1,2026-08-18,30038,True,2875,2875,2820,0,0.0,bootstrap,2026-08-17T07:47:09.692017Z
12,Pataudi Road,highway,1,2,2026-08-18,30038,True,2875,2875,2820,0,0.0,bootstrap,2026-08-17T07:47:10.168382Z
12,Pataudi Road,highway,1,3,2026-08-18,30038,True,2875,2875,2820,0,0.0,bootstrap,2026-08-17T07:47:10.685375Z
12,Pataudi Road,highway,1,4,2026-08-18,30038,True,2875,2907,2907,0,0.011,bootstrap,2026-08-17T07:47:11.224108Z
12,Pataudi Road,highway,1,5,2026-08-18,30038,True,2875,2913,2913,0,0.013,bootstrap,2026-08-17T07:47:11.803434Z
12,Pataudi Road,highway,1,6,2026-08-18,30038,True,2875,2956,2956,0,0.0274,bootstrap,2026-08-17T07:47:12.625472Z
12,Pataudi Road,highway,1,7,2026-08-18,30038,True,2875,3050,3050,0,0.0574,bootstrap,2026-08-17T07:47:13.839146Z
12,Pataudi Road,highway,1,8,2026-08-18,30105,True,2901,3149,3149,0,0.0788,bootstrap,2026-08-17T07:47:14.375008Z
12,Pataudi Road,highway,1,9,2026-08-18,30038,True,2875,3165,3165,0,0.0916,bootstrap,2026-08-17T07:47:16.345508Z
12,Pataudi Road,highway,1,10,2026-08-18,30038,True,2875,3175,3175,0,0.0945,bootstrap,2026-08-17T07:47:17.127757Z
12,Pataudi Road,highway,1,11,2026-08-18,30038,True,2875,3214,3214,0,0.1055,bootstrap,2026-08-17T07:47:17.531178Z
12,Pataudi Road,highway,1,12,2026-08-18,30038,True,2875,3217,3217,0,0.1063,bootstrap,2026-08-17T07:47:18.059457Z
12,Pataudi Road,highway,1,13,2026-08-18,30038,True,2875,3198,3198,0,0.101,bootstrap,2026-08-17T07:47:18.475546Z
12,Pataudi Road,highway,1,14,2026-08-18,30038,True,2875,3193,3193,0,0.0996,bootstrap,2026-08-17T07:47:18.972015Z
12,Pataudi Road,highway,1,15,2026-08-18,30038,True,2875,3206,3206,0,0.1032,bootstrap,2026-08-17T07:47:19.399149Z
12,Pataudi Road,highway,1,16,2026-08-18,30038,True,2875,3265,3265,0,0.1194,bootstrap,2026-08-17T07:47:19.914642Z
12,Pataudi Road,highway,1,17,2026-08-18,30601,True,2891,3370,3370,0,0.1421,bootstrap,2026-08-17T07:47:20.418342Z
12,Pataudi Road,highway,1,18,2026-08-18,30601,True,2891,3412,3412,0,0.1527,bootstrap,2026-08-17T07:47:20.839811Z
12,Pataudi Road,highway,1,19,2026-08-18,30423,True,2906,3357,3357,0,0.1343,bootstrap,2026-08-17T07:47:21.280719Z
12,Pataudi Road,highway,1,20,2026-08-18,30423,True,2906,3234,3234,0,0.1014,bootstrap,2026-08-17T07:47:21.725182Z
12,Pataudi Road,highway,1,21,2026-08-18,29860,True,2890,3033,3033,0,0.0471,bootstrap,2026-08-17T07:47:22.180655Z
12,Pataudi Road,highway,1,22,2026-08-18,30038,True,2875,2875,2875,0,0.0,bootstrap,2026-08-17T07:47:22.692700Z
12,Pataudi Road,highway,1,23,2026-08-18,30038,True,2875,2875,2875,0,0.0,bootstrap,2026-08-17T07:47:23.206121Z
12,Pataudi Road,highway,2,0,2026-08-19,30038,True,2875,2875,2875,0,0.0,bootstrap,2026-08-17T07:47:23.696028Z
12,Pataudi Road,highway,2,1,2026-08-19,30038,True,2875,2875,2875,0,0.0,bootstrap,2026-08-17T07:47:24.112811Z
12,Pataudi Road,highway,2,2,2026-08-19,30038,True,2875,2875,2875,0,0.0,bootstrap,2026-08-17T07:47:24.533814Z
12,Pataudi Road,highway,2,3,2026-08-19,30038,True,2875,2875,2875,0,0.0,bootstrap,2026-08-17T07:47:25.002542Z
12,Pataudi Road,highway,2,4,2026-08-19,30038,True,2875,2906,2906,0,0.0107,bootstrap,2026-08-17T07:47:25.533264Z
12,Pataudi Road,highway,2,5,2026-08-19,30038,True,2875,2916,2916,0,0.0141,bootstrap,2026-08-17T07:47:26.162322Z
12,Pataudi Road,highway,2,6,2026-08-19,29860,True,2890,2956,2956,0,0.0223,bootstrap,2026-08-17T07:47:26.671984Z
12,Pataudi Road,highway,2,7,2026-08-19,29860,True,2890,3057,3057,0,0.0546,bootstrap,2026-08-17T07:47:27.372489Z
12,Pataudi Road,highway,2,8,2026-08-19,29860,True,2890,3180,3180,0,0.0912,bootstrap,2026-08-17T07:47:27.937795Z
12,Pataudi Road,highway,2,9,2026-08-19,29860,True,2890,3190,3190,0,0.094,bootstrap,2026-08-17T07:47:28.593922Z
12,Pataudi Road,highway,2,10,2026-08-19,29860,True,2890,3204,3204,0,0.098,bootstrap,2026-08-17T07:47:29.417708Z
12,Pataudi Road,highway,2,11,2026-08-19,29860,True,2890,3237,3237,0,0.1072,bootstrap,2026-08-17T07:47:29.948394Z
12,Pataudi Road,highway,2,12,2026-08-19,29860,True,2890,3236,3236,0,0.1069,bootstrap,2026-08-17T07:47:30.416008Z
12,Pataudi Road,highway,2,13,2026-08-19,29860,True,2890,3206,3206,0,0.0986,bootstrap,2026-08-17T07:47:30.864907Z
12,Pataudi Road,highway,2,14,2026-08-19,29860,True,2890,3189,3189,0,0.0938,bootstrap,2026-08-17T07:47:31.391444Z
12,Pataudi Road,highway,2,15,2026-08-19,29860,True,2890,3196,3196,0,0.0957,bootstrap,2026-08-17T07:47:31.860374Z
12,Pataudi Road,highway,2,16,2026-08-19,30038,True,2875,3247,3247,0,0.1146,bootstrap,2026-08-17T07:47:32.903348Z
12,Pataudi Road,highway,2,17,2026-08-19,30601,True,2891,3343,3343,0,0.1352,bootstrap,2026-08-17T07:47:33.296575Z
12,Pataudi Road,highway,2,18,2026-08-19,30601,True,2891,3377,3377,0,0.1439,bootstrap,2026-08-17T07:47:33.809063Z
12,Pataudi Road,highway,2,19,2026-08-19,30423,True,2906,3330,3330,0,0.1273,bootstrap,2026-08-17T07:47:34.374200Z
12,Pataudi Road,highway,2,20,2026-08-19,30423,True,2906,3210,3210,0,0.0947,bootstrap,2026-08-17T07:47:34.866726Z
12,Pataudi Road,highway,2,21,2026-08-19,29860,True,2890,3024,3024,0,0.0443,bootstrap,2026-08-17T07:47:35.392366Z
12,Pataudi Road,highway,2,22,2026-08-19,30038,True,2875,2875,2875,0,0.0,bootstrap,2026-08-17T07:47:35.921486Z
12,Pataudi Road,highway,2,23,2026-08-19,30038,True,2875,2875,2875,0,0.0,bootstrap,2026-08-17T07:47:36.912005Z
12,Pataudi Road,highway,3,0,2026-08-20,30038,True,2875,2875,2875,0,0.0,bootstrap,2026-08-17T07:47:37.415139Z
12,Pataudi Road,highway,3,1,2026-08-20,30038,True,2875,2875,2875,0,0.0,bootstrap,2026-08-17T07:47:37.858152Z
12,Pataudi Road,highway,3,2,2026-08-20,30038,True,2875,2875,2875,0,0.0,bootstrap,2026-08-17T07:47:38.344678Z
12,Pataudi Road,highway,3,3,2026-08-20,30038,True,2875,2875,2875,0,0.0,bootstrap,2026-08-17T07:47:39.762374Z
12,Pataudi Road,highway,3,4,2026-08-20,30038,True,2875,2905,2905,0,0.0103,bootstrap,2026-08-17T07:47:40.800875Z
12,Pataudi Road,highway,3,5,2026-08-20,30038,True,2875,2912,2912,0,0.0127,bootstrap,2026-08-17T07:47:41.214730Z
12,Pataudi Road,highway,3,6,2026-08-20,30038,True,2875,2936,2936,0,0.0208,bootstrap,2026-08-17T07:47:41.605920Z
12,Pataudi Road,highway,3,7,2026-08-20,30038,True,2875,3039,3039,0,0.054,bootstrap,2026-08-17T07:47:42.004823Z
12,Pataudi Road,highway,3,8,2026-08-20,30105,True,2901,3147,3147,0,0.0782,bootstrap,2026-08-17T07:47:42.420471Z
12,Pataudi Road,highway,3,9,2026-08-20,30038,True,2875,3164,3164,0,0.0913,bootstrap,2026-08-17T07:47:42.927493Z
12,Pataudi Road,highway,3,10,2026-08-20,30038,True,2875,3166,3166,0,0.0919,bootstrap,2026-08-17T07:47:43.387991Z
12,Pataudi Road,highway,3,11,2026-08-20,30038,True,2875,3199,3199,0,0.1013,bootstrap,2026-08-17T07:47:43.976844Z
12,Pataudi Road,highway,3,12,2026-08-20,30038,True,2875,3197,3197,0,0.1007,bootstrap,2026-08-17T07:47:44.424265Z
12,Pataudi Road,highway,3,13,2026-08-20,30038,True,2875,3173,3173,0,0.0939,bootstrap,2026-08-17T07:47:44.977201Z
12,Pataudi Road,highway,3,14,2026-08-20,30601,True,2891,3158,3158,0,0.0845,bootstrap,2026-08-17T07:47:45.411051Z
12,Pataudi Road,highway,3,15,2026-08-20,30038,True,2875,3170,3170,0,0.0931,bootstrap,2026-08-17T07:47:45.857671Z
12,Pataudi Road,highway,3,16,2026-08-20,30038,True,2875,3224,3224,0,0.1083,bootstrap,2026-08-17T07:47:46.429086Z
12,Pataudi Road,highway,3,17,2026-08-20,30601,True,2891,3322,3322,0,0.1297,bootstrap,2026-08-17T07:47:46.927070Z
12,Pataudi Road,highway,3,18,2026-08-20,30423,True,2906,3373,3373,0,0.1385,bootstrap,2026-08-17T07:47:47.396027Z
12,Pataudi Road,highway,3,19,2026-08-20,30423,True,2906,3314,3314,0,0.1231,bootstrap,2026-08-17T07:47:47.769610Z
12,Pataudi Road,highway,3,20,2026-08-20,30423,True,2906,3194,3194,0,0.0902,bootstrap,2026-08-17T07:47:48.182534Z
12,Pataudi Road,highway,3,21,2026-08-20,29860,True,2890,3019,3019,0,0.0427,bootstrap,2026-08-17T07:47:48.597877Z
12,Pataudi Road,highway,3,22,2026-08-20,30038,True,2875,2875,2875,0,0.0,bootstrap,2026-08-17T07:47:49.098140Z
12,Pataudi Road,highway,3,23,2026-08-20,30038,True,2875,2875,2875,0,0.0,bootstrap,2026-08-17T07:47:49.582534Z
12,Pataudi Road,highway,4,0,2026-08-21,30038,True,2875,2875,2875,0,0.0,bootstrap,2026-08-17T07:47:50.086587Z
12,Pataudi Road,highway,4,1,2026-08-21,30038,True,2875,2875,2875,0,0.0,bootstrap,2026-08-17T07:47:50.606082Z
12,Pataudi Road,highway,4,2,2026-08-21,30038,True,2875,2875,2875,0,0.0,bootstrap,2026-08-17T07:47:50.996705Z
12,Pataudi Road,highway,4,3,2026-08-21,30038,True,2875,2875,2875,0,0.0,bootstrap,2026-08-17T07:47:52.034974Z
12,Pataudi Road,highway,4,4,2026-08-21,30038,True,2875,2905,2905,0,0.0103,bootstrap,2026-08-17T07:47:52.514285Z
12,Pataudi Road,highway,4,5,2026-08-21,30038,True,2875,2910,2910,0,0.012,bootstrap,2026-08-17T07:47:53.027544Z
12,Pataudi Road,highway,4,6,2026-08-21,30038,True,2875,2929,2929,0,0.0184,bootstrap,2026-08-17T07:47:53.470658Z
12,Pataudi Road,highway,4,7,2026-08-21,30038,True,2875,3022,3022,0,0.0486,bootstrap,2026-08-17T07:47:53.990060Z
12,Pataudi Road,highway,4,8,2026-08-21,30038,True,2875,3131,3131,0,0.0818,bootstrap,2026-08-17T07:47:54.521946Z
12,Pataudi Road,highway,4,9,2026-08-21,30038,True,2875,3142,3142,0,0.085,bootstrap,2026-08-17T07:48:03.720886Z
12,Pataudi Road,highway,4,10,2026-08-21,30038,True,2875,3155,3155,0,0.0887,bootstrap,2026-08-17T07:48:04.425112Z
12,Pataudi Road,highway,4,11,2026-08-21,30038,True,2875,3193,3193,0,0.0996,bootstrap,2026-08-17T07:48:05.050602Z
12,Pataudi Road,highway,4,12,2026-08-21,30038,True,2875,3196,3196,0,0.1004,bootstrap,2026-08-17T07:48:05.458763Z
12,Pataudi Road,highway,4,13,2026-08-21,30038,True,2875,3180,3180,0,0.0959,bootstrap,2026-08-17T07:48:05.978777Z
12,Pataudi Road,highway,4,14,2026-08-21,30038,True,2875,3173,3173,0,0.0939,bootstrap,2026-08-17T07:48:06.496663Z
12,Pataudi Road,highway,4,15,2026-08-21,30038,True,2875,3187,3187,0,0.0979,bootstrap,2026-08-17T07:48:06.954872Z
12,Pataudi Road,highway,4,16,2026-08-21,30038,True,2875,3245,3245,0,0.114,bootstrap,2026-08-17T07:48:07.395387Z
12,Pataudi Road,highway,4,17,2026-08-21,30601,True,2891,3338,3338,0,0.1339,bootstrap,2026-08-17T07:48:07.850194Z
12,Pataudi Road,highway,4,18,2026-08-21,30423,True,2906,3378,3378,0,0.1397,bootstrap,2026-08-17T07:48:08.268113Z
12,Pataudi Road,highway,4,19,2026-08-21,30423,True,2906,3314,3314,0,0.1231,bootstrap,2026-08-17T07:48:08.897848Z
12,Pataudi Road,highway,4,20,2026-08-21,30423,True,2906,3198,3198,0,0.0913,bootstrap,2026-08-17T07:48:09.405601Z
12,Pataudi Road,highway,4,21,2026-08-21,29860,True,2890,3012,3012,0,0.0405,bootstrap,2026-08-17T07:48:09.886633Z
12,Pataudi Road,highway,4,22,2026-08-21,30038,True,2875,2875,2875,0,0.0,bootstrap,2026-08-17T07:48:11.303116Z
12,Pataudi Road,highway,4,23,2026-08-21,30038,True,2875,2875,2875,0,0.0,bootstrap,2026-08-17T07:48:12.971526Z
12,Pataudi Road,highway,5,0,2026-08-22,30038,True,2875,2879,2879,0,0.0014,bootstrap,2026-08-17T07:48:13.375889Z
12,Pataudi Road,highway,5,1,2026-08-22,30038,True,2875,2879,2879,0,0.0014,bootstrap,2026-08-17T07:48:13.774874Z
12,Pataudi Road,highway,5,2,2026-08-22,30038,True,2875,2879,2879,0,0.0014,bootstrap,2026-08-17T07:48:14.196657Z
12,Pataudi Road,highway,5,3,2026-08-22,30038,True,2875,2879,2879,0,0.0014,bootstrap,2026-08-17T07:48:14.795684Z
12,Pataudi Road,highway,5,4,2026-08-22,30038,True,2875,2908,2908,0,0.0113,bootstrap,2026-08-17T07:48:15.290339Z
12,Pataudi Road,highway,5,5,2026-08-22,30038,True,2875,2912,2912,0,0.0127,bootstrap,2026-08-17T07:48:15.821149Z
12,Pataudi Road,highway,5,6,2026-08-22,29860,True,2890,2943,2943,0,0.018,bootstrap,2026-08-17T07:48:16.248066Z
12,Pataudi Road,highway,5,7,2026-08-22,29860,True,2890,3031,3031,0,0.0465,bootstrap,2026-08-17T07:48:16.682844Z
12,Pataudi Road,highway,5,8,2026-08-22,29860,True,2890,3132,3132,0,0.0773,bootstrap,2026-08-17T07:48:17.150436Z
12,Pataudi Road,highway,5,9,2026-08-22,29860,True,2890,3159,3159,0,0.0852,bootstrap,2026-08-17T07:48:17.586386Z
12,Pataudi Road,highway,5,10,2026-08-22,29860,True,2890,3195,3195,0,0.0955,bootstrap,2026-08-17T07:48:18.172268Z
12,Pataudi Road,highway,5,11,2026-08-22,29860,True,2890,3242,3242,0,0.1086,bootstrap,2026-08-17T07:48:18.664021Z
12,Pataudi Road,highway,5,12,2026-08-22,29860,True,2890,3249,3249,0,0.1105,bootstrap,2026-08-17T07:48:19.318006Z
12,Pataudi Road,highway,5,13,2026-08-22,30423,True,2906,3224,3224,0,0.0986,bootstrap,2026-08-17T07:48:20.215388Z
12,Pataudi Road,highway,5,14,2026-08-22,30038,True,2875,3206,3206,0,0.1032,bootstrap,2026-08-17T07:48:20.695785Z
12,Pataudi Road,highway,5,15,2026-08-22,30038,True,2875,3221,3221,0,0.1074,bootstrap,2026-08-17T07:48:21.129239Z
12,Pataudi Road,highway,5,16,2026-08-22,30038,True,2875,3279,3279,0,0.1232,bootstrap,2026-08-17T07:48:21.556441Z
12,Pataudi Road,highway,5,17,2026-08-22,30601,True,2891,3352,3352,0,0.1375,bootstrap,2026-08-17T07:48:22.073989Z
12,Pataudi Road,highway,5,18,2026-08-22,30601,True,2891,3363,3363,0,0.1404,bootstrap,2026-08-17T07:48:22.617686Z
12,Pataudi Road,highway,5,19,2026-08-22,30423,True,2906,3305,3305,0,0.1207,bootstrap,2026-08-17T07:48:23.163624Z
12,Pataudi Road,highway,5,20,2026-08-22,30423,True,2906,3189,3189,0,0.0887,bootstrap,2026-08-17T07:48:23.591997Z
12,Pataudi Road,highway,5,21,2026-08-22,30038,True,2875,3012,3012,0,0.0455,bootstrap,2026-08-17T07:48:24.003870Z
12,Pataudi Road,highway,5,22,2026-08-22,30038,True,2875,2879,2879,0,0.0014,bootstrap,2026-08-17T07:48:24.419085Z
12,Pataudi Road,highway,5,23,2026-08-22,30038,True,2875,2879,2879,0,0.0014,bootstrap,2026-08-17T07:48:24.852324Z
12,Pataudi Road,highway,6,0,2026-08-23,30038,True,2875,2879,2879,0,0.0014,bootstrap,2026-08-17T07:48:25.299609Z
12,Pataudi Road,highway,6,1,2026-08-23,30038,True,2875,2879,2879,0,0.0014,bootstrap,2026-08-17T07:48:25.752029Z
12,Pataudi Road,highway,6,2,2026-08-23,30038,True,2875,2879,2879,0,0.0014,bootstrap,2026-08-17T07:48:26.253731Z
12,Pataudi Road,highway,6,3,2026-08-23,30038,True,2875,2879,2879,0,0.0014,bootstrap,2026-08-17T07:48:26.738592Z
12,Pataudi Road,highway,6,4,2026-08-23,30038,True,2875,2899,2899,0,0.0083,bootstrap,2026-08-17T07:48:27.159754Z
12,Pataudi Road,highway,6,5,2026-08-23,30038,True,2875,2901,2901,0,0.009,bootstrap,2026-08-17T07:48:27.669236Z
12,Pataudi Road,highway,6,6,2026-08-23,30038,True,2875,2911,2911,0,0.0124,bootstrap,2026-08-17T07:48:28.196924Z
12,Pataudi Road,highway,6,7,2026-08-23,30038,True,2875,2957,2957,0,0.0277,bootstrap,2026-08-17T07:48:28.697529Z
12,Pataudi Road,highway,6,8,2026-08-23,30038,True,2875,3028,3028,0,0.0505,bootstrap,2026-08-17T07:48:29.131743Z
12,Pataudi Road,highway,6,9,2026-08-23,29860,True,2890,3059,3059,0,0.0552,bootstrap,2026-08-17T07:48:29.686096Z
12,Pataudi Road,highway,6,10,2026-08-23,30038,True,2875,3069,3069,0,0.0632,bootstrap,2026-08-17T07:48:30.134713Z
12,Pataudi Road,highway,6,11,2026-08-23,30038,True,2875,3095,3095,0,0.0711,bootstrap,2026-08-17T07:48:30.655289Z
12,Pataudi Road,highway,6,12,2026-08-23,29860,True,2890,3100,3100,0,0.0677,bootstrap,2026-08-17T07:48:31.106374Z
12,Pataudi Road,highway,6,13,2026-08-23,29860,True,2890,3088,3088,0,0.0641,bootstrap,2026-08-17T07:48:31.719968Z
12,Pataudi Road,highway,6,14,2026-08-23,29860,True,2890,3084,3084,0,0.0629,bootstrap,2026-08-17T07:48:32.199305Z
12,Pataudi Road,highway,6,15,2026-08-23,29860,True,2890,3088,3088,0,0.0641,bootstrap,2026-08-17T07:48:32.801627Z
12,Pataudi Road,highway,6,16,2026-08-23,29860,True,2890,3111,3111,0,0.071,bootstrap,2026-08-17T07:48:33.408416Z
12,Pataudi Road,highway,6,17,2026-08-23,30423,True,2906,3139,3139,0,0.0742,bootstrap,2026-08-17T07:48:33.874636Z
12,Pataudi Road,highway,6,18,2026-08-23,30423,True,2906,3133,3133,0,0.0725,bootstrap,2026-08-17T07:48:34.372468Z
12,Pataudi Road,highway,6,19,2026-08-23,30423,True,2906,3086,3086,0,0.0583,bootstrap,2026-08-17T07:48:34.803640Z
12,Pataudi Road,highway,6,20,2026-08-23,30423,True,2906,3037,3037,0,0.0431,bootstrap,2026-08-17T07:48:35.264632Z
12,Pataudi Road,highway,6,21,2026-08-23,29860,True,2890,2955,2955,0,0.022,bootstrap,2026-08-17T07:48:35.832537Z
12,Pataudi Road,highway,6,22,2026-08-23,30038,True,2875,2879,2879,0,0.0014,bootstrap,2026-08-17T07:48:36.401876Z
12,Pataudi Road,highway,6,23,2026-08-23,30038,True,2875,2879,2879,0,0.0014,bootstrap,2026-08-17T07:48:37.145556Z
